category,query_id,video_id,timestamp,frame_idx,detection_id,track_id,full_query,automatic_anchor,detector_prompt,detector_score,detector_bbox,sam_bbox,sam_mask_area,siglip_bbox_score,siglip_masked_score,expected_color,color_score,center_x_norm,center_y_norm,speed,context_png,bbox_crop_png,sam_mask_png,masked_crop_png,combined_debug_png
object,q003,video_01,0.0,0,1,,a yellow car,,a yellow car,0.2791773378849029,"733.1,659.4,864.0,717.1","732.0,660.0,862.0,720.0",5939,0.0869823470711708,0.0915323197841644,yellow,0.0,,,,outputs/frame_checks/object/q003/q003_t0000.00_det01_context.png,outputs/frame_checks/object/q003/q003_t0000.00_det01_bbox_crop.png,outputs/frame_checks/object/q003/q003_t0000.00_det01_sam_mask.png,outputs/frame_checks/object/q003/q003_t0000.00_det01_masked_crop.png,outputs/frame_checks/object/q003/q003_t0000.00_det01_debug.png
object,q003,video_01,0.5,15,1,,a yellow car,,a yellow car,0.6068733334541321,"565.0,463.4,678.3,516.3","566.0,467.0,678.0,515.0",3831,0.0650114268064498,0.0785877555608749,yellow,0.0185330193489789,,,,outputs/frame_checks/object/q003/q003_t0000.50_det01_context.png,outputs/frame_checks/object/q003/q003_t0000.50_det01_bbox_crop.png,outputs/frame_checks/object/q003/q003_t0000.50_det01_sam_mask.png,outputs/frame_checks/object/q003/q003_t0000.50_det01_masked_crop.png,outputs/frame_checks/object/q003/q003_t0000.50_det01_debug.png
object,q003,video_01,1.5,45,1,,a yellow car,,a yellow car,0.6009131073951721,"564.9,463.4,678.2,516.3","566.0,467.0,678.0,515.0",3820,0.0663448274135589,0.0804017782211303,yellow,0.0175392664968967,,,,outputs/frame_checks/object/q003/q003_t0001.50_det01_context.png,outputs/frame_checks/object/q003/q003_t0001.50_det01_bbox_crop.png,outputs/frame_checks/object/q003/q003_t0001.50_det01_sam_mask.png,outputs/frame_checks/object/q003/q003_t0001.50_det01_masked_crop.png,outputs/frame_checks/object/q003/q003_t0001.50_det01_debug.png
object,q003,video_01,2.0,60,1,,a yellow car,,a yellow car,0.6280184388160706,"564.9,463.4,678.4,516.3","566.0,467.0,678.0,515.0",3819,0.0681660622358322,0.0816089957952499,yellow,0.0178057085722684,,,,outputs/frame_checks/object/q003/q003_t0002.00_det01_context.png,outputs/frame_checks/object/q003/q003_t0002.00_det01_bbox_crop.png,outputs/frame_checks/object/q003/q003_t0002.00_det01_sam_mask.png,outputs/frame_checks/object/q003/q003_t0002.00_det01_masked_crop.png,outputs/frame_checks/object/q003/q003_t0002.00_det01_debug.png
object,q003,video_01,2.5,75,1,,a yellow car,,a yellow car,0.6582325100898743,"564.7,463.3,678.5,516.4","566.0,467.0,678.0,515.0",3822,0.0671784430742263,0.0814285576343536,yellow,0.0198848769068717,,,,outputs/frame_checks/object/q003/q003_t0002.50_det01_context.png,outputs/frame_checks/object/q003/q003_t0002.50_det01_bbox_crop.png,outputs/frame_checks/object/q003/q003_t0002.50_det01_sam_mask.png,outputs/frame_checks/object/q003/q003_t0002.50_det01_masked_crop.png,outputs/frame_checks/object/q003/q003_t0002.50_det01_debug.png
object,q003,video_01,3.0,90,1,,a yellow car,,a yellow car,0.6237769722938538,"564.7,463.3,678.5,516.2","566.0,467.0,678.0,515.0",3832,0.0674405395984649,0.0818727165460586,yellow,0.0203549060970544,,,,outputs/frame_checks/object/q003/q003_t0003.00_det01_context.png,outputs/frame_checks/object/q003/q003_t0003.00_det01_bbox_crop.png,outputs/frame_checks/object/q003/q003_t0003.00_det01_sam_mask.png,outputs/frame_checks/object/q003/q003_t0003.00_det01_masked_crop.png,outputs/frame_checks/object/q003/q003_t0003.00_det01_debug.png
object,q003,video_01,3.5,105,1,,a yellow car,,a yellow car,0.6140508651733398,"564.7,463.4,678.3,516.1","566.0,467.0,678.0,515.0",3838,0.0673790350556373,0.0824979618191719,yellow,0.0192808751016855,,,,outputs/frame_checks/object/q003/q003_t0003.50_det01_context.png,outputs/frame_checks/object/q003/q003_t0003.50_det01_bbox_crop.png,outputs/frame_checks/object/q003/q003_t0003.50_det01_sam_mask.png,outputs/frame_checks/object/q003/q003_t0003.50_det01_masked_crop.png,outputs/frame_checks/object/q003/q003_t0003.50_det01_debug.png
object,q003,video_01,5.5,165,1,,a yellow car,,a yellow car,0.5523169636726379,"581.9,461.0,686.0,512.1","582.0,464.0,686.0,512.0",3579,0.0648576617240905,0.0813670754432678,yellow,0.0153674213215708,,,,outputs/frame_checks/object/q003/q003_t0005.50_det01_context.png,outputs/frame_checks/object/q003/q003_t0005.50_det01_bbox_crop.png,outputs/frame_checks/object/q003/q003_t0005.50_det01_sam_mask.png,outputs/frame_checks/object/q003/q003_t0005.50_det01_masked_crop.png,outputs/frame_checks/object/q003/q003_t0005.50_det01_debug.png
object,q065,video_08,0.000,0,1,1,a person wearing yellow shorts,,a person wearing yellow shorts,0.29013827443122864,"32.3,65.7,44.9,77.4","33.0,67.0,45.0,77.0",98,0.09356602281332016,0.06193620711565018,yellow,0.030612245202064514,0.12070245146751404,0.29831183751424156,,outputs/frame_checks/object/q065/q065_t0000.00_det01_context.png,outputs/frame_checks/object/q065/q065_t0000.00_det01_bbox_crop.png,outputs/frame_checks/object/q065/q065_t0000.00_det01_sam_mask.png,outputs/frame_checks/object/q065/q065_t0000.00_det01_masked_crop.png,outputs/frame_checks/object/q065/q065_t0000.00_det01_debug.png
object,q065,video_08,0.500,15,1,1,a person wearing yellow shorts,,a person wearing yellow shorts,0.2890365719795227,"32.4,65.8,44.9,77.4","33.0,67.0,45.0,77.0",96,0.09202739596366882,0.06683018058538437,yellow,0.03125,0.12075096368789673,0.2982493877410889,0.0001581570067152069,outputs/frame_checks/object/q065/q065_t0000.50_det01_context.png,outputs/frame_checks/object/q065/q065_t0000.50_det01_bbox_crop.png,outputs/frame_checks/object/q065/q065_t0000.50_det01_sam_mask.png,outputs/frame_checks/object/q065/q065_t0000.50_det01_masked_crop.png,outputs/frame_checks/object/q065/q065_t0000.50_det01_debug.png
object,q065,video_08,1.000,30,1,1,a person wearing yellow shorts,,a person wearing yellow shorts,0.2787158191204071,"32.4,65.8,45.0,77.4","33.0,67.0,45.0,77.0",97,0.09133920073509216,0.07054837048053741,yellow,0.030927835032343864,0.1208729863166809,0.2982634544372559,0.0002456615059504074,outputs/frame_checks/object/q065/q065_t0001.00_det01_context.png,outputs/frame_checks/object/q065/q065_t0001.00_det01_bbox_crop.png,outputs/frame_checks/object/q065/q065_t0001.00_det01_sam_mask.png,outputs/frame_checks/object/q065/q065_t0001.00_det01_masked_crop.png,outputs/frame_checks/object/q065/q065_t0001.00_det01_debug.png
object,q065,video_08,3.500,105,1,1,a person wearing yellow shorts,,a person wearing yellow shorts,0.26860475540161133,"32.4,65.8,44.9,77.4","33.0,67.0,45.0,77.0",99,0.09842494130134583,0.06497115641832352,yellow,0.020202020183205605,0.12077690958976746,0.29832332928975425,0.00037938691120513457,outputs/frame_checks/object/q065/q065_t0003.50_det01_context.png,outputs/frame_checks/object/q065/q065_t0003.50_det01_bbox_crop.png,outputs/frame_checks/object/q065/q065_t0003.50_det01_sam_mask.png,outputs/frame_checks/object/q065/q065_t0003.50_det01_masked_crop.png,outputs/frame_checks/object/q065/q065_t0003.50_det01_debug.png
object,q065,video_08,4.500,135,1,2,a person wearing yellow shorts,,a person wearing yellow shorts,0.5217700004577637,"166.8,82.8,214.0,172.2","168.0,84.0,212.0,172.0",1487,0.02525041252374649,0.031503502279520035,yellow,0.0,0.5950843095779419,0.5311840534210205,,outputs/frame_checks/object/q065/q065_t0004.50_det01_context.png,outputs/frame_checks/object/q065/q065_t0004.50_det01_bbox_crop.png,outputs/frame_checks/object/q065/q065_t0004.50_det01_sam_mask.png,outputs/frame_checks/object/q065/q065_t0004.50_det01_masked_crop.png,outputs/frame_checks/object/q065/q065_t0004.50_det01_debug.png
object,q065,video_08,5.000,150,1,3,a person wearing yellow shorts,,a person wearing yellow shorts,0.2632184326648712,"32.4,65.8,44.9,77.3","33.0,67.0,45.0,77.0",95,0.0989929661154747,0.06460533291101456,yellow,0.05263157933950424,0.12084740400314331,0.2981218020121256,,outputs/frame_checks/object/q065/q065_t0005.00_det01_context.png,outputs/frame_checks/object/q065/q065_t0005.00_det01_bbox_crop.png,outputs/frame_checks/object/q065/q065_t0005.00_det01_sam_mask.png,outputs/frame_checks/object/q065/q065_t0005.00_det01_masked_crop.png,outputs/frame_checks/object/q065/q065_t0005.00_det01_debug.png
object,q065,video_08,5.500,165,1,4,a person wearing yellow shorts,,a person wearing yellow shorts,0.2619379758834839,"178.6,91.5,203.4,109.9","180.0,91.0,202.0,110.0",255,0.07129784673452377,-0.031009120866656303,yellow,0.0,0.5967764854431152,0.41950154304504395,,outputs/frame_checks/object/q065/q065_t0005.50_det01_context.png,outputs/frame_checks/object/q065/q065_t0005.50_det01_bbox_crop.png,outputs/frame_checks/object/q065/q065_t0005.50_det01_sam_mask.png,outputs/frame_checks/object/q065/q065_t0005.50_det01_masked_crop.png,outputs/frame_checks/object/q065/q065_t0005.50_det01_debug.png
object,q065,video_08,8.500,255,1,8,a person wearing yellow shorts,,a person wearing yellow shorts,0.5911553502082825,"173.4,47.0,202.8,130.4","177.0,48.0,201.0,129.0",1166,0.056878577917814255,0.061377134174108505,yellow,0.0,0.5877394199371337,0.36960479418436687,,outputs/frame_checks/object/q065/q065_t0008.50_det01_context.png,outputs/frame_checks/object/q065/q065_t0008.50_det01_bbox_crop.png,outputs/frame_checks/object/q065/q065_t0008.50_det01_sam_mask.png,outputs/frame_checks/object/q065/q065_t0008.50_det01_masked_crop.png,outputs/frame_checks/object/q065/q065_t0008.50_det01_debug.png
object,q065,video_08,10.000,300,1,9,a person wearing yellow shorts,,a person wearing yellow shorts,0.2702217698097229,"32.4,65.8,44.8,77.3","33.0,67.0,45.0,77.0",97,0.10595829784870148,0.07158338278532028,yellow,0.06185567006468773,0.12068479657173156,0.29825085004170737,0.0001844652097973273,outputs/frame_checks/object/q065/q065_t0010.00_det01_context.png,outputs/frame_checks/object/q065/q065_t0010.00_det01_bbox_crop.png,outputs/frame_checks/object/q065/q065_t0010.00_det01_sam_mask.png,outputs/frame_checks/object/q065/q065_t0010.00_det01_masked_crop.png,outputs/frame_checks/object/q065/q065_t0010.00_det01_debug.png
object,q065,video_08,12.000,360,1,10,a person wearing yellow shorts,,a person wearing yellow shorts,0.3168950378894806,"182.4,95.4,198.5,112.7","184.0,96.0,198.0,113.0",164,0.0704287737607956,-0.03342265635728836,yellow,0.0,0.5952500820159912,0.4334286689758301,,outputs/frame_checks/object/q065/q065_t0012.00_det01_context.png,outputs/frame_checks/object/q065/q065_t0012.00_det01_bbox_crop.png,outputs/frame_checks/object/q065/q065_t0012.00_det01_sam_mask.png,outputs/frame_checks/object/q065/q065_t0012.00_det01_masked_crop.png,outputs/frame_checks/object/q065/q065_t0012.00_det01_debug.png
object,q065,video_08,14.500,435,1,14,a person wearing yellow shorts,,a person wearing yellow shorts,0.27671295404434204,"182.8,95.7,198.5,113.0","184.0,96.0,198.0,113.0",161,0.061308711767196655,-0.054130539298057556,yellow,0.0,0.5957913398742676,0.43472065925598147,,outputs/frame_checks/object/q065/q065_t0014.50_det01_context.png,outputs/frame_checks/object/q065/q065_t0014.50_det01_bbox_crop.png,outputs/frame_checks/object/q065/q065_t0014.50_det01_sam_mask.png,outputs/frame_checks/object/q065/q065_t0014.50_det01_masked_crop.png,outputs/frame_checks/object/q065/q065_t0014.50_det01_debug.png
object,q065,video_08,17.000,510,1,15,a person wearing yellow shorts,,a person wearing yellow shorts,0.2658156156539917,"32.4,65.8,44.8,77.3","33.0,67.0,45.0,77.0",95,0.09305846691131592,0.07606035470962524,yellow,0.021052632480859756,0.12065160870552064,0.2982098420461019,0.0002903008126068029,outputs/frame_checks/object/q065/q065_t0017.00_det01_context.png,outputs/frame_checks/object/q065/q065_t0017.00_det01_bbox_crop.png,outputs/frame_checks/object/q065/q065_t0017.00_det01_sam_mask.png,outputs/frame_checks/object/q065/q065_t0017.00_det01_masked_crop.png,outputs/frame_checks/object/q065/q065_t0017.00_det01_debug.png
object,q065,video_08,20.000,600,1,16,a person wearing yellow shorts,,a person wearing yellow shorts,0.6050421595573425,"173.6,51.1,206.1,130.2","175.0,52.0,204.0,128.0",1365,0.05203694477677345,0.06789353489875793,yellow,0.0,0.5932220220565796,0.3777401049931844,,outputs/frame_checks/object/q065/q065_t0020.00_det01_context.png,outputs/frame_checks/object/q065/q065_t0020.00_det01_bbox_crop.png,outputs/frame_checks/object/q065/q065_t0020.00_det01_sam_mask.png,outputs/frame_checks/object/q065/q065_t0020.00_det01_masked_crop.png,outputs/frame_checks/object/q065/q065_t0020.00_det01_debug.png
object,q065,video_08,21.000,630,1,17,a person wearing yellow shorts,,a person wearing yellow shorts,0.2592187821865082,"32.4,65.8,44.8,77.4","33.0,67.0,45.0,77.0",96,0.10007400065660477,0.07754059135913849,yellow,0.0520833320915699,0.1207436740398407,0.2982892672220866,0.000272609824129674,outputs/frame_checks/object/q065/q065_t0021.00_det01_context.png,outputs/frame_checks/object/q065/q065_t0021.00_det01_bbox_crop.png,outputs/frame_checks/object/q065/q065_t0021.00_det01_sam_mask.png,outputs/frame_checks/object/q065/q065_t0021.00_det01_masked_crop.png,outputs/frame_checks/object/q065/q065_t0021.00_det01_debug.png
object,q065,video_08,22.000,660,1,18,a person wearing yellow shorts,,a person wearing yellow shorts,0.295181006193161,"185.7,135.7,218.0,160.9","186.0,138.0,217.0,160.0",266,0.08933020383119583,-0.09569531679153442,yellow,0.0,0.6308645009994507,0.6179014523824056,0.1742736618760217,outputs/frame_checks/object/q065/q065_t0022.00_det01_context.png,outputs/frame_checks/object/q065/q065_t0022.00_det01_bbox_crop.png,outputs/frame_checks/object/q065/q065_t0022.00_det01_sam_mask.png,outputs/frame_checks/object/q065/q065_t0022.00_det01_masked_crop.png,outputs/frame_checks/object/q065/q065_t0022.00_det01_debug.png
object,q065,video_08,0.000,0,1,1,a person wearing yellow shorts,,a person wearing yellow shorts,0.29013827443122864,"32.3,65.7,44.9,77.4","33.0,67.0,45.0,77.0",98,0.09356602281332016,0.06193620711565018,yellow,0.030612245202064514,0.12070245146751404,0.29831183751424156,,outputs/frame_checks/object/q065/q065_t0000.00_det01_context.png,outputs/frame_checks/object/q065/q065_t0000.00_det01_bbox_crop.png,outputs/frame_checks/object/q065/q065_t0000.00_det01_sam_mask.png,outputs/frame_checks/object/q065/q065_t0000.00_det01_masked_crop.png,outputs/frame_checks/object/q065/q065_t0000.00_det01_debug.png
object,q065,video_08,46.000,1380,1,24,a person wearing yellow shorts,,a person wearing yellow shorts,0.2680014967918396,"32.4,65.8,44.9,77.2","33.0,67.0,45.0,77.0",95,0.09567609429359436,0.08248628675937653,yellow,0.05263157933950424,0.12073009610176086,0.29800492922465005,0.00034616676222586003,outputs/frame_checks/object/q065/q065_t0046.00_det01_context.png,outputs/frame_checks/object/q065/q065_t0046.00_det01_bbox_crop.png,outputs/frame_checks/object/q065/q065_t0046.00_det01_sam_mask.png,outputs/frame_checks/object/q065/q065_t0046.00_det01_masked_crop.png,outputs/frame_checks/object/q065/q065_t0046.00_det01_debug.png
object,q065,video_08,0.500,15,1,1,a person wearing yellow shorts,,a person wearing yellow shorts,0.2890365719795227,"32.4,65.8,44.9,77.4","33.0,67.0,45.0,77.0",96,0.09202739596366882,0.06683018058538437,yellow,0.03125,0.12075096368789673,0.2982493877410889,0.0001581570067152069,outputs/frame_checks/object/q065/q065_t0000.50_det01_context.png,outputs/frame_checks/object/q065/q065_t0000.50_det01_bbox_crop.png,outputs/frame_checks/object/q065/q065_t0000.50_det01_sam_mask.png,outputs/frame_checks/object/q065/q065_t0000.50_det01_masked_crop.png,outputs/frame_checks/object/q065/q065_t0000.50_det01_debug.png
object,q065,video_08,75.000,2250,1,26,a person wearing yellow shorts,,a person wearing yellow shorts,0.2536580562591553,"32.4,65.8,44.9,77.3","33.0,67.0,45.0,77.0",94,0.09931670874357224,0.06629815697669983,yellow,0.05319149047136307,0.12078438997268677,0.29806283315022786,0.0004966852677408415,outputs/frame_checks/object/q065/q065_t0075.00_det01_context.png,outputs/frame_checks/object/q065/q065_t0075.00_det01_bbox_crop.png,outputs/frame_checks/object/q065/q065_t0075.00_det01_sam_mask.png,outputs/frame_checks/object/q065/q065_t0075.00_det01_masked_crop.png,outputs/frame_checks/object/q065/q065_t0075.00_det01_debug.png
object,q065,video_08,80.500,2415,1,27,a person wearing yellow shorts,,a person wearing yellow shorts,0.419128954410553,"177.8,28.8,188.6,35.0","178.0,30.0,188.0,34.0",36,0.0952242761850357,0.08513303101062775,yellow,0.0833333358168602,0.5725408315658569,0.13304932514826456,,outputs/frame_checks/object/q065/q065_t0080.50_det01_context.png,outputs/frame_checks/object/q065/q065_t0080.50_det01_bbox_crop.png,outputs/frame_checks/object/q065/q065_t0080.50_det01_sam_mask.png,outputs/frame_checks/object/q065/q065_t0080.50_det01_masked_crop.png,outputs/frame_checks/object/q065/q065_t0080.50_det01_debug.png
object,q065,video_08,81.000,2430,1,27,a person wearing yellow shorts,,a person wearing yellow shorts,0.4514728784561157,"175.4,29.0,186.8,38.8","176.0,30.0,186.0,38.0",73,0.09271636605262756,0.09716209769248962,yellow,0.13698630034923553,0.5660337686538697,0.1411267638206482,0.020744819425261657,outputs/frame_checks/object/q065/q065_t0081.00_det01_context.png,outputs/frame_checks/object/q065/q065_t0081.00_det01_bbox_crop.png,outputs/frame_checks/object/q065/q065_t0081.00_det01_sam_mask.png,outputs/frame_checks/object/q065/q065_t0081.00_det01_masked_crop.png,outputs/frame_checks/object/q065/q065_t0081.00_det01_debug.png
object,q065,video_08,82.000,2460,1,27,a person wearing yellow shorts,,a person wearing yellow shorts,0.6203764081001282,"172.8,28.9,190.6,62.2","174.0,30.0,190.0,61.0",289,0.12839987874031067,0.14728838205337524,yellow,0.024221453815698624,0.5677402496337891,0.18978744347890217,0.06367427892003504,outputs/frame_checks/object/q065/q065_t0082.00_det01_context.png,outputs/frame_checks/object/q065/q065_t0082.00_det01_bbox_crop.png,outputs/frame_checks/object/q065/q065_t0082.00_det01_sam_mask.png,outputs/frame_checks/object/q065/q065_t0082.00_det01_masked_crop.png,outputs/frame_checks/object/q065/q065_t0082.00_det01_debug.png
object,q065,video_08,82.500,2475,1,27,a person wearing yellow shorts,,a person wearing yellow shorts,0.6638164520263672,"172.6,29.8,193.8,69.0","173.0,30.0,191.0,68.0",405,0.15193215012550354,0.09714144468307495,yellow,0.0,0.572554349899292,0.20580340623855592,0.0334476680493532,outputs/frame_checks/object/q065/q065_t0082.50_det01_context.png,outputs/frame_checks/object/q065/q065_t0082.50_det01_bbox_crop.png,outputs/frame_checks/object/q065/q065_t0082.50_det01_sam_mask.png,outputs/frame_checks/object/q065/q065_t0082.50_det01_masked_crop.png,outputs/frame_checks/object/q065/q065_t0082.50_det01_debug.png
object,q065,video_08,83.000,2490,1,27,a person wearing yellow shorts,,a person wearing yellow shorts,0.6806693077087402,"173.4,28.3,195.1,76.3","175.0,30.0,194.0,76.0",542,0.16333208978176117,0.145623117685318,yellow,0.04612546041607857,0.5758932828903198,0.21796467304229736,0.02522259969078188,outputs/frame_checks/object/q065/q065_t0083.00_det01_context.png,outputs/frame_checks/object/q065/q065_t0083.00_det01_bbox_crop.png,outputs/frame_checks/object/q065/q065_t0083.00_det01_sam_mask.png,outputs/frame_checks/object/q065/q065_t0083.00_det01_masked_crop.png,outputs/frame_checks/object/q065/q065_t0083.00_det01_debug.png
object,q065,video_08,83.500,2505,1,27,a person wearing yellow shorts,,a person wearing yellow shorts,0.7398346662521362,"172.0,28.3,195.1,83.1","173.0,30.0,194.0,83.0",654,0.1539795845746994,0.13620223104953766,yellow,0.03363914415240288,0.5735758066177368,0.2321170965830485,0.028681826186684304,outputs/frame_checks/object/q065/q065_t0083.50_det01_context.png,outputs/frame_checks/object/q065/q065_t0083.50_det01_bbox_crop.png,outputs/frame_checks/object/q065/q065_t0083.50_det01_sam_mask.png,outputs/frame_checks/object/q065/q065_t0083.50_det01_masked_crop.png,outputs/frame_checks/object/q065/q065_t0083.50_det01_debug.png
object,q065,video_08,84.000,2520,1,27,a person wearing yellow shorts,,a person wearing yellow shorts,0.7621349692344666,"171.8,30.4,199.1,88.1","173.0,31.0,198.0,87.0",788,0.13867294788360596,0.1304396688938141,yellow,0.10025380551815033,0.579448938369751,0.24678418238957722,0.03159854950041814,outputs/frame_checks/object/q065/q065_t0084.00_det01_context.png,outputs/frame_checks/object/q065/q065_t0084.00_det01_bbox_crop.png,outputs/frame_checks/object/q065/q065_t0084.00_det01_sam_mask.png,outputs/frame_checks/object/q065/q065_t0084.00_det01_masked_crop.png,outputs/frame_checks/object/q065/q065_t0084.00_det01_debug.png
object,q065,video_08,85.000,2550,1,27,a person wearing yellow shorts,,a person wearing yellow shorts,0.8089524507522583,"166.7,39.3,203.8,106.3","169.0,40.0,203.0,106.0",918,0.13172349333763123,0.1272127479314804,yellow,0.07516340166330338,0.5787582397460938,0.30333842436472574,0.031870976356842974,outputs/frame_checks/object/q065/q065_t0085.00_det01_context.png,outputs/frame_checks/object/q065/q065_t0085.00_det01_bbox_crop.png,outputs/frame_checks/object/q065/q065_t0085.00_det01_sam_mask.png,outputs/frame_checks/object/q065/q065_t0085.00_det01_masked_crop.png,outputs/frame_checks/object/q065/q065_t0085.00_det01_debug.png
object,q065,video_08,85.500,2565,1,27,a person wearing yellow shorts,,a person wearing yellow shorts,0.8314383029937744,"162.1,42.0,203.7,107.6","166.0,43.0,203.0,107.0",1049,0.12668846547603607,0.11213347315788269,yellow,0.061010487377643585,0.5716416120529175,0.3116559584935506,0.02189317370391502,outputs/frame_checks/object/q065/q065_t0085.50_det01_context.png,outputs/frame_checks/object/q065/q065_t0085.50_det01_bbox_crop.png,outputs/frame_checks/object/q065/q065_t0085.50_det01_sam_mask.png,outputs/frame_checks/object/q065/q065_t0085.50_det01_masked_crop.png,outputs/frame_checks/object/q065/q065_t0085.50_det01_debug.png
object,q065,video_08,90.000,2700,1,27,a person wearing yellow shorts,,a person wearing yellow shorts,0.8227009773254395,"171.4,42.9,201.4,108.4","172.0,44.0,200.0,107.0",1021,0.15170782804489136,0.14872799813747406,yellow,0.07541625946760178,0.5824444770812989,0.31516869068145753,0.08264490968464801,outputs/frame_checks/object/q065/q065_t0090.00_det01_context.png,outputs/frame_checks/object/q065/q065_t0090.00_det01_bbox_crop.png,outputs/frame_checks/object/q065/q065_t0090.00_det01_sam_mask.png,outputs/frame_checks/object/q065/q065_t0090.00_det01_masked_crop.png,outputs/frame_checks/object/q065/q065_t0090.00_det01_debug.png
object,q065,video_08,91.500,2745,1,27,a person wearing yellow shorts,,a person wearing yellow shorts,0.8185314536094666,"171.1,42.7,201.2,108.5","172.0,44.0,200.0,107.0",1038,0.15184710919857025,0.16660039126873016,yellow,0.07707129418849945,0.5818370580673218,0.314885679880778,0.08210836333312126,outputs/frame_checks/object/q065/q065_t0091.50_det01_context.png,outputs/frame_checks/object/q065/q065_t0091.50_det01_bbox_crop.png,outputs/frame_checks/object/q065/q065_t0091.50_det01_sam_mask.png,outputs/frame_checks/object/q065/q065_t0091.50_det01_masked_crop.png,outputs/frame_checks/object/q065/q065_t0091.50_det01_debug.png
object,q065,video_08,149.500,4485,1,29,a person wearing yellow shorts,,a person wearing yellow shorts,0.26115724444389343,"32.3,65.8,44.8,77.3","33.0,67.0,45.0,77.0",98,0.09070055931806564,0.06797268986701965,yellow,0.0,0.12048277258872986,0.2981902281443278,,outputs/frame_checks/object/q065/q065_t0149.50_det01_context.png,outputs/frame_checks/object/q065/q065_t0149.50_det01_bbox_crop.png,outputs/frame_checks/object/q065/q065_t0149.50_det01_sam_mask.png,outputs/frame_checks/object/q065/q065_t0149.50_det01_masked_crop.png,outputs/frame_checks/object/q065/q065_t0149.50_det01_debug.png
object,q065,video_08,177.500,5325,1,30,a person wearing yellow shorts,,a person wearing yellow shorts,0.8661577701568604,"170.9,48.9,198.8,118.0","172.0,50.0,197.0,117.0",916,0.13828998804092407,0.1466187834739685,yellow,0.0982532724738121,0.5777315616607666,0.3476476828257243,0.10538217258181042,outputs/frame_checks/object/q065/q065_t0177.50_det01_context.png,outputs/frame_checks/object/q065/q065_t0177.50_det01_bbox_crop.png,outputs/frame_checks/object/q065/q065_t0177.50_det01_sam_mask.png,outputs/frame_checks/object/q065/q065_t0177.50_det01_masked_crop.png,outputs/frame_checks/object/q065/q065_t0177.50_det01_debug.png
object,q065,video_08,224.500,6735,1,31,a person wearing yellow shorts,,a person wearing yellow shorts,0.2776133120059967,"32.4,65.8,44.9,77.4","33.0,67.0,45.0,77.0",98,0.09720716625452042,0.05845789983868599,yellow,0.051020409911870956,0.1208901822566986,0.2982900778452555,3.542295787036699e-05,outputs/frame_checks/object/q065/q065_t0224.50_det01_context.png,outputs/frame_checks/object/q065/q065_t0224.50_det01_bbox_crop.png,outputs/frame_checks/object/q065/q065_t0224.50_det01_sam_mask.png,outputs/frame_checks/object/q065/q065_t0224.50_det01_masked_crop.png,outputs/frame_checks/object/q065/q065_t0224.50_det01_debug.png
test_new_architecture_object,q002,video_01,0.000,0,1,1,a cyclist,,a cyclist,0.36869993805885315,"588.0,304.1,605.6,332.7","591.0,308.0,602.0,333.0",224,0.0913255512714386,0.060620784759521484,,,0.46626710891723633,0.4421720292833116,,outputs/frame_checks/test_new_architecture_object/q002/q002_t0000.00_det01_context.png,outputs/frame_checks/test_new_architecture_object/q002/q002_t0000.00_det01_bbox_crop.png,outputs/frame_checks/test_new_architecture_object/q002/q002_t0000.00_det01_sam_mask.png,outputs/frame_checks/test_new_architecture_object/q002/q002_t0000.00_det01_masked_crop.png,outputs/frame_checks/test_new_architecture_object/q002/q002_t0000.00_det01_debug.png
test_new_architecture_object,q003,video_01,0.000,0,1,1,a yellow car,,a yellow car,0.292517751455307,"732.6,657.5,864.5,716.2","732.0,660.0,862.0,720.0",5950,0.0850062370300293,0.0914890319108963,yellow,0.00016806722851470113,0.62385995388031,0.9539346059163412,,outputs/frame_checks/test_new_architecture_object/q003/q003_t0000.00_det01_context.png,outputs/frame_checks/test_new_architecture_object/q003/q003_t0000.00_det01_bbox_crop.png,outputs/frame_checks/test_new_architecture_object/q003/q003_t0000.00_det01_sam_mask.png,outputs/frame_checks/test_new_architecture_object/q003/q003_t0000.00_det01_masked_crop.png,outputs/frame_checks/test_new_architecture_object/q003/q003_t0000.00_det01_debug.png
test_new_architecture_object,q003,video_01,0.500,15,1,2,a yellow car,,a yellow car,0.655407726764679,"564.1,461.8,679.0,517.0","566.0,467.0,678.0,515.0",3839,0.06534089893102646,0.07838839292526245,yellow,0.01849439926445484,0.48559591770172117,0.6797626071506077,,outputs/frame_checks/test_new_architecture_object/q003/q003_t0000.50_det01_context.png,outputs/frame_checks/test_new_architecture_object/q003/q003_t0000.50_det01_bbox_crop.png,outputs/frame_checks/test_new_architecture_object/q003/q003_t0000.50_det01_sam_mask.png,outputs/frame_checks/test_new_architecture_object/q003/q003_t0000.50_det01_masked_crop.png,outputs/frame_checks/test_new_architecture_object/q003/q003_t0000.50_det01_debug.png
test_new_architecture_object,q002,video_01,1.000,30,1,2,a cyclist,,a cyclist,0.2724960148334503,"348.9,683.5,393.7,717.5","358.0,693.0,382.0,720.0",455,0.08696586638689041,0.06488482654094696,,,0.2900689601898193,0.9729123857286242,,outputs/frame_checks/test_new_architecture_object/q002/q002_t0001.00_det01_context.png,outputs/frame_checks/test_new_architecture_object/q002/q002_t0001.00_det01_bbox_crop.png,outputs/frame_checks/test_new_architecture_object/q002/q002_t0001.00_det01_sam_mask.png,outputs/frame_checks/test_new_architecture_object/q002/q002_t0001.00_det01_masked_crop.png,outputs/frame_checks/test_new_architecture_object/q002/q002_t0001.00_det01_debug.png
test_new_architecture_object,q001,video_01,1.500,45,1,1,a man with a red backpack,,a man with a red backpack,0.28072845935821533,"390.7,701.3,409.1,717.8","391.0,702.0,408.0,720.0",202,0.08526526391506195,0.10100612044334412,red,0.6831682920455933,0.31243783235549927,0.9855420854356554,,outputs/frame_checks/test_new_architecture_object/q001/q001_t0001.50_det01_context.png,outputs/frame_checks/test_new_architecture_object/q001/q001_t0001.50_det01_bbox_crop.png,outputs/frame_checks/test_new_architecture_object/q001/q001_t0001.50_det01_sam_mask.png,outputs/frame_checks/test_new_architecture_object/q001/q001_t0001.50_det01_masked_crop.png,outputs/frame_checks/test_new_architecture_object/q001/q001_t0001.50_det01_debug.png
test_new_architecture_object,q003,video_01,1.500,45,1,2,a yellow car,,a yellow car,0.6896360516548157,"564.4,462.3,678.9,516.9","566.0,467.0,678.0,515.0",3826,0.06552077829837799,0.08070845156908035,yellow,0.017773130908608437,0.48566293716430664,0.6800155427720812,0.00035263451576181916,outputs/frame_checks/test_new_architecture_object/q003/q003_t0001.50_det01_context.png,outputs/frame_checks/test_new_architecture_object/q003/q003_t0001.50_det01_bbox_crop.png,outputs/frame_checks/test_new_architecture_object/q003/q003_t0001.50_det01_sam_mask.png,outputs/frame_checks/test_new_architecture_object/q003/q003_t0001.50_det01_masked_crop.png,outputs/frame_checks/test_new_architecture_object/q003/q003_t0001.50_det01_debug.png
test_new_architecture_object,q001,video_01,2.000,60,1,1,a man with a red backpack,,a man with a red backpack,0.25359973311424255,"421.8,697.1,440.6,717.3","422.0,697.0,440.0,720.0",324,0.08235181868076324,0.10975925624370575,red,0.8703703880310059,0.33684539794921875,0.9821927812364366,0.049272592658824985,outputs/frame_checks/test_new_architecture_object/q001/q001_t0002.00_det01_context.png,outputs/frame_checks/test_new_architecture_object/q001/q001_t0002.00_det01_bbox_crop.png,outputs/frame_checks/test_new_architecture_object/q001/q001_t0002.00_det01_sam_mask.png,outputs/frame_checks/test_new_architecture_object/q001/q001_t0002.00_det01_masked_crop.png,outputs/frame_checks/test_new_architecture_object/q001/q001_t0002.00_det01_debug.png
test_new_architecture_object,q002,video_01,2.000,60,1,3,a cyclist,,a cyclist,0.3796434700489044,"622.8,303.2,640.9,332.4","626.0,306.0,638.0,331.0",252,0.09296970069408417,0.05813746899366379,,,0.4936192989349365,0.4413819630940755,0.010655471851958002,outputs/frame_checks/test_new_architecture_object/q002/q002_t0002.00_det01_context.png,outputs/frame_checks/test_new_architecture_object/q002/q002_t0002.00_det01_bbox_crop.png,outputs/frame_checks/test_new_architecture_object/q002/q002_t0002.00_det01_sam_mask.png,outputs/frame_checks/test_new_architecture_object/q002/q002_t0002.00_det01_masked_crop.png,outputs/frame_checks/test_new_architecture_object/q002/q002_t0002.00_det01_debug.png
test_new_architecture_object,q003,video_01,2.000,60,1,2,a yellow car,,a yellow car,0.7191460132598877,"564.5,462.2,678.9,517.0","566.0,467.0,678.0,515.0",3821,0.06496167927980423,0.081327885389328,yellow,0.01805810071527958,0.48569750785827637,0.6799789428710937,0.00010069132303911064,outputs/frame_checks/test_new_architecture_object/q003/q003_t0002.00_det01_context.png,outputs/frame_checks/test_new_architecture_object/q003/q003_t0002.00_det01_bbox_crop.png,outputs/frame_checks/test_new_architecture_object/q003/q003_t0002.00_det01_sam_mask.png,outputs/frame_checks/test_new_architecture_object/q003/q003_t0002.00_det01_masked_crop.png,outputs/frame_checks/test_new_architecture_object/q003/q003_t0002.00_det01_debug.png
test_new_architecture_object,q002,video_01,2.500,75,1,4,a cyclist,,a cyclist,0.41140833497047424,"438.5,653.3,499.5,718.4","451.0,656.0,510.0,720.0",1815,0.0665096864104271,0.06483909487724304,,,0.3663982152938843,0.9525164710150824,,outputs/frame_checks/test_new_architecture_object/q002/q002_t0002.50_det01_context.png,outputs/frame_checks/test_new_architecture_object/q002/q002_t0002.50_det01_bbox_crop.png,outputs/frame_checks/test_new_architecture_object/q002/q002_t0002.50_det01_sam_mask.png,outputs/frame_checks/test_new_architecture_object/q002/q002_t0002.50_det01_masked_crop.png,outputs/frame_checks/test_new_architecture_object/q002/q002_t0002.50_det01_debug.png
test_new_architecture_object,q003,video_01,2.500,75,1,2,a yellow car,,a yellow car,0.7312422394752502,"564.3,462.2,679.1,517.0","566.0,467.0,678.0,515.0",3832,0.06701485812664032,0.0809875875711441,yellow,0.020093945786356926,0.485714054107666,0.6800002415974935,5.394123154382913e-05,outputs/frame_checks/test_new_architecture_object/q003/q003_t0002.50_det01_context.png,outputs/frame_checks/test_new_architecture_object/q003/q003_t0002.50_det01_bbox_crop.png,outputs/frame_checks/test_new_architecture_object/q003/q003_t0002.50_det01_sam_mask.png,outputs/frame_checks/test_new_architecture_object/q003/q003_t0002.50_det01_masked_crop.png,outputs/frame_checks/test_new_architecture_object/q003/q003_t0002.50_det01_debug.png
test_new_architecture_object,q002,video_01,3.000,90,1,4,a cyclist,,a cyclist,0.2731975018978119,"486.4,663.3,512.2,714.6","485.0,664.0,509.0,720.0",978,0.05417667329311371,0.06866183876991272,,,0.39005897045135496,0.956868404812283,0.04811530577257062,outputs/frame_checks/test_new_architecture_object/q002/q002_t0003.00_det01_context.png,outputs/frame_checks/test_new_architecture_object/q002/q002_t0003.00_det01_bbox_crop.png,outputs/frame_checks/test_new_architecture_object/q002/q002_t0003.00_det01_sam_mask.png,outputs/frame_checks/test_new_architecture_object/q002/q002_t0003.00_det01_masked_crop.png,outputs/frame_checks/test_new_architecture_object/q002/q002_t0003.00_det01_debug.png
test_new_architecture_object,q002,video_01,3.500,105,1,4,a cyclist,,a cyclist,0.3875610828399658,"490.5,635.7,564.0,720.0","510.0,655.0,553.0,720.0",1559,0.06244462728500366,0.07939799129962921,,,0.4119342088699341,0.941438717312283,0.05353882001752879,outputs/frame_checks/test_new_architecture_object/q002/q002_t0003.50_det01_context.png,outputs/frame_checks/test_new_architecture_object/q002/q002_t0003.50_det01_bbox_crop.png,outputs/frame_checks/test_new_architecture_object/q002/q002_t0003.50_det01_sam_mask.png,outputs/frame_checks/test_new_architecture_object/q002/q002_t0003.50_det01_masked_crop.png,outputs/frame_checks/test_new_architecture_object/q002/q002_t0003.50_det01_debug.png
test_new_architecture_object,q002,video_01,4.000,120,1,4,a cyclist,,a cyclist,0.41410762071609497,"517.6,629.2,586.2,718.9","534.0,648.0,592.0,720.0",1714,0.052424248307943344,0.07716265320777893,,,0.4311829090118408,0.936143324110243,0.03992761682431101,outputs/frame_checks/test_new_architecture_object/q002/q002_t0004.00_det01_context.png,outputs/frame_checks/test_new_architecture_object/q002/q002_t0004.00_det01_bbox_crop.png,outputs/frame_checks/test_new_architecture_object/q002/q002_t0004.00_det01_sam_mask.png,outputs/frame_checks/test_new_architecture_object/q002/q002_t0004.00_det01_masked_crop.png,outputs/frame_checks/test_new_architecture_object/q002/q002_t0004.00_det01_debug.png
test_new_architecture_object,q001,video_01,5.000,150,1,1,a man with a red backpack,,a man with a red backpack,0.25500035285949707,"579.8,650.3,599.5,677.3","582.0,649.0,600.0,677.0",374,0.09702524542808533,0.11448498070240021,red,0.7272727489471436,0.460657000541687,0.9218857235378689,0.04590600801247608,outputs/frame_checks/test_new_architecture_object/q001/q001_t0005.00_det01_context.png,outputs/frame_checks/test_new_architecture_object/q001/q001_t0005.00_det01_bbox_crop.png,outputs/frame_checks/test_new_architecture_object/q001/q001_t0005.00_det01_sam_mask.png,outputs/frame_checks/test_new_architecture_object/q001/q001_t0005.00_det01_masked_crop.png,outputs/frame_checks/test_new_architecture_object/q001/q001_t0005.00_det01_debug.png
test_new_architecture_object,q003,video_01,5.000,150,1,2,a yellow car,,a yellow car,0.29403939843177795,"430.1,391.6,513.2,444.9","434.0,396.0,511.0,442.0",2379,0.08756350725889206,0.09398598968982697,yellow,0.023539302870631218,0.3684718608856201,0.5808976915147569,0.3085293789530213,outputs/frame_checks/test_new_architecture_object/q003/q003_t0005.00_det01_context.png,outputs/frame_checks/test_new_architecture_object/q003/q003_t0005.00_det01_bbox_crop.png,outputs/frame_checks/test_new_architecture_object/q003/q003_t0005.00_det01_sam_mask.png,outputs/frame_checks/test_new_architecture_object/q003/q003_t0005.00_det01_masked_crop.png,outputs/frame_checks/test_new_architecture_object/q003/q003_t0005.00_det01_debug.png
test_new_architecture_object,q001,video_01,5.500,165,1,1,a man with a red backpack,,a man with a red backpack,0.2577704191207886,"603.1,642.7,622.0,665.5","605.0,641.0,622.0,667.0",330,0.10867591947317123,0.06583583354949951,red,0.8030303120613098,0.478554368019104,0.9084908803304036,0.0447096225514948,outputs/frame_checks/test_new_architecture_object/q001/q001_t0005.50_det01_context.png,outputs/frame_checks/test_new_architecture_object/q001/q001_t0005.50_det01_bbox_crop.png,outputs/frame_checks/test_new_architecture_object/q001/q001_t0005.50_det01_sam_mask.png,outputs/frame_checks/test_new_architecture_object/q001/q001_t0005.50_det01_masked_crop.png,outputs/frame_checks/test_new_architecture_object/q001/q001_t0005.50_det01_debug.png
test_new_architecture_object,q002,video_01,5.500,165,1,4,a cyclist,,a cyclist,0.4208596348762512,"587.2,617.2,644.8,704.7","599.0,627.0,629.0,701.0",1304,0.05226505175232887,0.06210733950138092,,,0.4812461853027344,0.9179496765136719,0.03190654881062036,outputs/frame_checks/test_new_architecture_object/q002/q002_t0005.50_det01_context.png,outputs/frame_checks/test_new_architecture_object/q002/q002_t0005.50_det01_bbox_crop.png,outputs/frame_checks/test_new_architecture_object/q002/q002_t0005.50_det01_sam_mask.png,outputs/frame_checks/test_new_architecture_object/q002/q002_t0005.50_det01_masked_crop.png,outputs/frame_checks/test_new_architecture_object/q002/q002_t0005.50_det01_debug.png
test_new_architecture_object,q003,video_01,5.500,165,1,2,a yellow car,,a yellow car,0.5940994620323181,"580.6,459.6,686.6,512.6","582.0,464.0,686.0,512.0",3588,0.062450699508190155,0.0810050517320633,yellow,0.015328873880207539,0.4949874639511108,0.6751031663682726,0.31547341765290576,outputs/frame_checks/test_new_architecture_object/q003/q003_t0005.50_det01_context.png,outputs/frame_checks/test_new_architecture_object/q003/q003_t0005.50_det01_bbox_crop.png,outputs/frame_checks/test_new_architecture_object/q003/q003_t0005.50_det01_sam_mask.png,outputs/frame_checks/test_new_architecture_object/q003/q003_t0005.50_det01_masked_crop.png,outputs/frame_checks/test_new_architecture_object/q003/q003_t0005.50_det01_debug.png
test_new_architecture_object,q001,video_01,7.000,210,1,1,a man with a red backpack,,a man with a red backpack,0.2506166696548462,"661.8,616.3,680.7,639.9","663.0,613.0,684.0,644.0",493,0.13183358311653137,0.08447057753801346,red,0.5111562013626099,0.5243884325027466,0.8723935021294488,0.03443756876893153,outputs/frame_checks/test_new_architecture_object/q001/q001_t0007.00_det01_context.png,outputs/frame_checks/test_new_architecture_object/q001/q001_t0007.00_det01_bbox_crop.png,outputs/frame_checks/test_new_architecture_object/q001/q001_t0007.00_det01_sam_mask.png,outputs/frame_checks/test_new_architecture_object/q001/q001_t0007.00_det01_masked_crop.png,outputs/frame_checks/test_new_architecture_object/q001/q001_t0007.00_det01_debug.png
test_new_architecture_object,q001,video_01,7.500,225,1,1,a man with a red backpack,,a man with a red backpack,0.2657199800014496,"681.7,607.2,701.6,630.1","682.0,606.0,702.0,630.0",396,0.0948319360613823,0.12930022180080414,red,0.618686854839325,0.5403682708740234,0.8592221154106988,0.04141693675138196,outputs/frame_checks/test_new_architecture_object/q001/q001_t0007.50_det01_context.png,outputs/frame_checks/test_new_architecture_object/q001/q001_t0007.50_det01_bbox_crop.png,outputs/frame_checks/test_new_architecture_object/q001/q001_t0007.50_det01_sam_mask.png,outputs/frame_checks/test_new_architecture_object/q001/q001_t0007.50_det01_masked_crop.png,outputs/frame_checks/test_new_architecture_object/q001/q001_t0007.50_det01_debug.png
test_new_architecture_object,q002,video_01,7.500,225,1,4,a cyclist,,a cyclist,0.44839707016944885,"668.6,587.3,715.6,665.8","680.0,593.0,704.0,661.0",1197,0.06156102940440178,0.07858861237764359,,,0.5406867980957031,0.8701844533284505,0.03239945325483449,outputs/frame_checks/test_new_architecture_object/q002/q002_t0007.50_det01_context.png,outputs/frame_checks/test_new_architecture_object/q002/q002_t0007.50_det01_bbox_crop.png,outputs/frame_checks/test_new_architecture_object/q002/q002_t0007.50_det01_sam_mask.png,outputs/frame_checks/test_new_architecture_object/q002/q002_t0007.50_det01_masked_crop.png,outputs/frame_checks/test_new_architecture_object/q002/q002_t0007.50_det01_debug.png
test_new_architecture_object,q003,video_01,7.500,225,1,2,a yellow car,,a yellow car,0.7893346548080444,"603.4,453.1,687.1,505.9","606.0,458.0,683.0,504.0",2806,0.06748354434967041,0.07969474047422409,yellow,0.03136136755347252,0.504083800315857,0.6660090552435981,0.0059038830276473405,outputs/frame_checks/test_new_architecture_object/q003/q003_t0007.50_det01_context.png,outputs/frame_checks/test_new_architecture_object/q003/q003_t0007.50_det01_bbox_crop.png,outputs/frame_checks/test_new_architecture_object/q003/q003_t0007.50_det01_sam_mask.png,outputs/frame_checks/test_new_architecture_object/q003/q003_t0007.50_det01_masked_crop.png,outputs/frame_checks/test_new_architecture_object/q003/q003_t0007.50_det01_debug.png
test_new_architecture_object,q002,video_01,8.000,240,1,4,a cyclist,,a cyclist,0.3261364698410034,"692.4,585.2,721.6,650.4","696.0,587.0,719.0,653.0",998,0.06193514168262482,0.08837129175662994,,,0.5523653030395508,0.8580546485053169,0.03367608307216213,outputs/frame_checks/test_new_architecture_object/q002/q002_t0008.00_det01_context.png,outputs/frame_checks/test_new_architecture_object/q002/q002_t0008.00_det01_bbox_crop.png,outputs/frame_checks/test_new_architecture_object/q002/q002_t0008.00_det01_sam_mask.png,outputs/frame_checks/test_new_architecture_object/q002/q002_t0008.00_det01_masked_crop.png,outputs/frame_checks/test_new_architecture_object/q002/q002_t0008.00_det01_debug.png
test_new_architecture_object,q003,video_01,8.000,240,1,2,a yellow car,,a yellow car,0.8180906176567078,"607.2,451.2,684.2,504.3","609.0,456.0,682.0,503.0",2678,0.06667058169841766,0.08419817686080933,yellow,0.03136669099330902,0.5044351816177368,0.6635220633612738,0.005023384294301025,outputs/frame_checks/test_new_architecture_object/q003/q003_t0008.00_det01_context.png,outputs/frame_checks/test_new_architecture_object/q003/q003_t0008.00_det01_bbox_crop.png,outputs/frame_checks/test_new_architecture_object/q003/q003_t0008.00_det01_sam_mask.png,outputs/frame_checks/test_new_architecture_object/q003/q003_t0008.00_det01_masked_crop.png,outputs/frame_checks/test_new_architecture_object/q003/q003_t0008.00_det01_debug.png
test_new_architecture_object,q001,video_01,11.500,345,1,1,a man with a red backpack,,a man with a red backpack,0.2820536494255066,"786.9,561.3,804.8,579.9","787.0,560.0,806.0,581.0",303,0.10801923274993896,0.09492932260036469,red,0.6303630471229553,0.6217254400253296,0.7925344679090712,0.028266535572660064,outputs/frame_checks/test_new_architecture_object/q001/q001_t0011.50_det01_context.png,outputs/frame_checks/test_new_architecture_object/q001/q001_t0011.50_det01_bbox_crop.png,outputs/frame_checks/test_new_architecture_object/q001/q001_t0011.50_det01_sam_mask.png,outputs/frame_checks/test_new_architecture_object/q001/q001_t0011.50_det01_masked_crop.png,outputs/frame_checks/test_new_architecture_object/q001/q001_t0011.50_det01_debug.png
test_new_architecture_object,q003,video_01,11.500,345,1,2,a yellow car,,a yellow car,0.7288302183151245,"611.9,448.7,679.7,502.1","614.0,453.0,677.0,501.0",2403,0.07329534739255905,0.09333964437246323,yellow,0.02247191034257412,0.5045105934143066,0.6603049596150716,0.0022484667230036216,outputs/frame_checks/test_new_architecture_object/q003/q003_t0011.50_det01_context.png,outputs/frame_checks/test_new_architecture_object/q003/q003_t0011.50_det01_bbox_crop.png,outputs/frame_checks/test_new_architecture_object/q003/q003_t0011.50_det01_sam_mask.png,outputs/frame_checks/test_new_architecture_object/q003/q003_t0011.50_det01_masked_crop.png,outputs/frame_checks/test_new_architecture_object/q003/q003_t0011.50_det01_debug.png
test_new_architecture_object,q002,video_01,13.000,390,1,4,a cyclist,,a cyclist,0.35475656390190125,"823.9,532.8,847.4,591.7","824.0,535.0,843.0,589.0",760,0.07573127001523972,0.03293246030807495,,,0.6528756618499756,0.7808926476372613,0.026303719914403993,outputs/frame_checks/test_new_architecture_object/q002/q002_t0013.00_det01_context.png,outputs/frame_checks/test_new_architecture_object/q002/q002_t0013.00_det01_bbox_crop.png,outputs/frame_checks/test_new_architecture_object/q002/q002_t0013.00_det01_sam_mask.png,outputs/frame_checks/test_new_architecture_object/q002/q002_t0013.00_det01_masked_crop.png,outputs/frame_checks/test_new_architecture_object/q002/q002_t0013.00_det01_debug.png
test_new_architecture_object,q001,video_01,14.000,420,1,1,a man with a red backpack,,a man with a red backpack,0.2766123414039612,"846.9,538.1,863.5,557.3","847.0,536.0,865.0,563.0",350,0.1133062019944191,0.062223032116889954,red,0.41999998688697815,0.668122935295105,0.7606879340277778,0.022229860849341365,outputs/frame_checks/test_new_architecture_object/q001/q001_t0014.00_det01_context.png,outputs/frame_checks/test_new_architecture_object/q001/q001_t0014.00_det01_bbox_crop.png,outputs/frame_checks/test_new_architecture_object/q001/q001_t0014.00_det01_sam_mask.png,outputs/frame_checks/test_new_architecture_object/q001/q001_t0014.00_det01_masked_crop.png,outputs/frame_checks/test_new_architecture_object/q001/q001_t0014.00_det01_debug.png
test_new_architecture_object,q002,video_01,14.000,420,1,4,a cyclist,,a cyclist,0.38429585099220276,"841.5,523.6,868.8,581.6","846.0,528.0,865.0,583.0",811,0.057908929884433746,0.09572876989841461,,,0.6681140184402465,0.767490471733941,0.019544560064692493,outputs/frame_checks/test_new_architecture_object/q002/q002_t0014.00_det01_context.png,outputs/frame_checks/test_new_architecture_object/q002/q002_t0014.00_det01_bbox_crop.png,outputs/frame_checks/test_new_architecture_object/q002/q002_t0014.00_det01_sam_mask.png,outputs/frame_checks/test_new_architecture_object/q002/q002_t0014.00_det01_masked_crop.png,outputs/frame_checks/test_new_architecture_object/q002/q002_t0014.00_det01_debug.png
test_new_architecture_object,q001,video_01,14.500,435,1,1,a man with a red backpack,,a man with a red backpack,0.28725990653038025,"857.3,533.1,872.4,552.0","858.0,533.0,874.0,553.0",254,0.1227603554725647,0.08681003004312515,red,0.5905511975288391,0.6756546497344971,0.7535422854953342,0.020764105118762997,outputs/frame_checks/test_new_architecture_object/q001/q001_t0014.50_det01_context.png,outputs/frame_checks/test_new_architecture_object/q001/q001_t0014.50_det01_bbox_crop.png,outputs/frame_checks/test_new_architecture_object/q001/q001_t0014.50_det01_sam_mask.png,outputs/frame_checks/test_new_architecture_object/q001/q001_t0014.50_det01_masked_crop.png,outputs/frame_checks/test_new_architecture_object/q001/q001_t0014.50_det01_debug.png
test_new_architecture_object,q003,video_01,14.500,435,1,3,a yellow car,,a yellow car,0.33934468030929565,"882.6,586.5,989.3,668.1","885.0,591.0,986.0,666.0",5720,0.08645349740982056,0.0974704772233963,yellow,0.011363636702299118,0.7312291383743286,0.8712092929416233,,outputs/frame_checks/test_new_architecture_object/q003/q003_t0014.50_det01_context.png,outputs/frame_checks/test_new_architecture_object/q003/q003_t0014.50_det01_bbox_crop.png,outputs/frame_checks/test_new_architecture_object/q003/q003_t0014.50_det01_sam_mask.png,outputs/frame_checks/test_new_architecture_object/q003/q003_t0014.50_det01_masked_crop.png,outputs/frame_checks/test_new_architecture_object/q003/q003_t0014.50_det01_debug.png
test_new_architecture_object,q003,video_01,15.000,450,1,3,a yellow car,,a yellow car,0.3280559480190277,"878.2,588.8,985.5,671.4","879.0,594.0,983.0,669.0",5807,0.08640554547309875,0.10094797611236572,yellow,0.012915446422994137,0.7280162096023559,0.875164540608724,0.010191544613428298,outputs/frame_checks/test_new_architecture_object/q003/q003_t0015.00_det01_context.png,outputs/frame_checks/test_new_architecture_object/q003/q003_t0015.00_det01_bbox_crop.png,outputs/frame_checks/test_new_architecture_object/q003/q003_t0015.00_det01_sam_mask.png,outputs/frame_checks/test_new_architecture_object/q003/q003_t0015.00_det01_masked_crop.png,outputs/frame_checks/test_new_architecture_object/q003/q003_t0015.00_det01_debug.png
test_new_architecture_object,q001,video_01,16.500,495,1,1,a man with a red backpack,,a man with a red backpack,0.2892625331878662,"895.6,517.8,910.1,536.2","897.0,517.0,912.0,537.0",238,0.10100937634706497,0.09183727949857712,red,0.6596638560295105,0.7053615570068359,0.7319643232557509,0.01829967184193913,outputs/frame_checks/test_new_architecture_object/q001/q001_t0016.50_det01_context.png,outputs/frame_checks/test_new_architecture_object/q001/q001_t0016.50_det01_bbox_crop.png,outputs/frame_checks/test_new_architecture_object/q001/q001_t0016.50_det01_sam_mask.png,outputs/frame_checks/test_new_architecture_object/q001/q001_t0016.50_det01_masked_crop.png,outputs/frame_checks/test_new_architecture_object/q001/q001_t0016.50_det01_debug.png
test_new_architecture_object,q001,video_01,17.000,510,1,1,a man with a red backpack,,a man with a red backpack,0.29181209206581116,"906.0,515.6,918.7,531.2","907.0,512.0,922.0,536.0",287,0.09379831701517105,0.07626719772815704,red,0.5121951103210449,0.7127704620361328,0.7269232432047527,0.017922540200955173,outputs/frame_checks/test_new_architecture_object/q001/q001_t0017.00_det01_context.png,outputs/frame_checks/test_new_architecture_object/q001/q001_t0017.00_det01_bbox_crop.png,outputs/frame_checks/test_new_architecture_object/q001/q001_t0017.00_det01_sam_mask.png,outputs/frame_checks/test_new_architecture_object/q001/q001_t0017.00_det01_masked_crop.png,outputs/frame_checks/test_new_architecture_object/q001/q001_t0017.00_det01_debug.png
test_new_architecture_object,q001,video_01,18.000,540,1,1,a man with a red backpack,,a man with a red backpack,0.30411437153816223,"916.0,506.1,933.3,525.6","917.0,506.0,934.0,525.0",256,0.0846489891409874,0.0873245894908905,red,0.58203125,0.7223767042160034,0.7164917416042752,0.006992896747945984,outputs/frame_checks/test_new_architecture_object/q001/q001_t0018.00_det01_context.png,outputs/frame_checks/test_new_architecture_object/q001/q001_t0018.00_det01_bbox_crop.png,outputs/frame_checks/test_new_architecture_object/q001/q001_t0018.00_det01_sam_mask.png,outputs/frame_checks/test_new_architecture_object/q001/q001_t0018.00_det01_masked_crop.png,outputs/frame_checks/test_new_architecture_object/q001/q001_t0018.00_det01_debug.png
test_new_architecture_object,q001,video_01,21.500,645,1,1,a man with a red backpack,,a man with a red backpack,0.32632753252983093,"965.6,484.6,978.8,499.6","967.0,484.0,981.0,501.0",192,0.09497463703155518,0.09009215235710144,red,0.6510416865348816,0.7595531940460205,0.6835209740532769,0.007892238791268814,outputs/frame_checks/test_new_architecture_object/q001/q001_t0021.50_det01_context.png,outputs/frame_checks/test_new_architecture_object/q001/q001_t0021.50_det01_bbox_crop.png,outputs/frame_checks/test_new_architecture_object/q001/q001_t0021.50_det01_sam_mask.png,outputs/frame_checks/test_new_architecture_object/q001/q001_t0021.50_det01_masked_crop.png,outputs/frame_checks/test_new_architecture_object/q001/q001_t0021.50_det01_debug.png
test_new_architecture_object,q003,video_01,23.500,705,1,8,a yellow car,,a yellow car,0.6865853667259216,"980.5,508.6,1086.9,596.0","982.0,513.0,1082.0,595.0",5892,0.06435934454202652,0.08496049046516418,yellow,0.027664629742503166,0.8075734376907349,0.7671023686726888,0.02918226403507235,outputs/frame_checks/test_new_architecture_object/q003/q003_t0023.50_det01_context.png,outputs/frame_checks/test_new_architecture_object/q003/q003_t0023.50_det01_bbox_crop.png,outputs/frame_checks/test_new_architecture_object/q003/q003_t0023.50_det01_sam_mask.png,outputs/frame_checks/test_new_architecture_object/q003/q003_t0023.50_det01_masked_crop.png,outputs/frame_checks/test_new_architecture_object/q003/q003_t0023.50_det01_debug.png
test_new_architecture_object,q002,video_01,25.000,750,1,6,a cyclist,,a cyclist,0.5358237624168396,"1010.6,450.4,1032.0,496.0","1012.0,452.0,1029.0,496.0",520,0.07449295371770859,0.0561646968126297,,,0.7978958368301392,0.6572521845499675,0.012011943381400889,outputs/frame_checks/test_new_architecture_object/q002/q002_t0025.00_det01_context.png,outputs/frame_checks/test_new_architecture_object/q002/q002_t0025.00_det01_bbox_crop.png,outputs/frame_checks/test_new_architecture_object/q002/q002_t0025.00_det01_sam_mask.png,outputs/frame_checks/test_new_architecture_object/q002/q002_t0025.00_det01_masked_crop.png,outputs/frame_checks/test_new_architecture_object/q002/q002_t0025.00_det01_debug.png
test_new_architecture_object,q002,video_01,26.000,780,1,6,a cyclist,,a cyclist,0.36241084337234497,"1023.9,443.5,1045.1,488.6","1027.0,447.0,1042.0,491.0",520,0.11804468929767609,0.05247466266155243,,,0.8081982612609864,0.6472489886813694,0.017040663204684062,outputs/frame_checks/test_new_architecture_object/q002/q002_t0026.00_det01_context.png,outputs/frame_checks/test_new_architecture_object/q002/q002_t0026.00_det01_bbox_crop.png,outputs/frame_checks/test_new_architecture_object/q002/q002_t0026.00_det01_sam_mask.png,outputs/frame_checks/test_new_architecture_object/q002/q002_t0026.00_det01_masked_crop.png,outputs/frame_checks/test_new_architecture_object/q002/q002_t0026.00_det01_debug.png
test_new_architecture_object,q002,video_01,26.500,795,1,6,a cyclist,,a cyclist,0.35358598828315735,"1017.8,429.5,1066.3,500.4","1032.0,444.0,1064.0,489.0",583,0.08223525434732437,0.0979081392288208,,,0.8141020059585571,0.6457259707980686,0.012194061657536144,outputs/frame_checks/test_new_architecture_object/q002/q002_t0026.50_det01_context.png,outputs/frame_checks/test_new_architecture_object/q002/q002_t0026.50_det01_bbox_crop.png,outputs/frame_checks/test_new_architecture_object/q002/q002_t0026.50_det01_sam_mask.png,outputs/frame_checks/test_new_architecture_object/q002/q002_t0026.50_det01_masked_crop.png,outputs/frame_checks/test_new_architecture_object/q002/q002_t0026.50_det01_debug.png
test_new_architecture_object,q001,video_01,28.000,840,1,1,a man with a red backpack,,a man with a red backpack,0.32858532667160034,"1056.3,445.9,1068.9,461.6","1057.0,445.0,1069.0,462.0",166,0.10352595895528793,0.08306169509887695,red,0.5843373537063599,0.8301616191864014,0.630160755581326,0.012385338369666033,outputs/frame_checks/test_new_architecture_object/q001/q001_t0028.00_det01_context.png,outputs/frame_checks/test_new_architecture_object/q001/q001_t0028.00_det01_bbox_crop.png,outputs/frame_checks/test_new_architecture_object/q001/q001_t0028.00_det01_sam_mask.png,outputs/frame_checks/test_new_architecture_object/q001/q001_t0028.00_det01_masked_crop.png,outputs/frame_checks/test_new_architecture_object/q001/q001_t0028.00_det01_debug.png
test_new_architecture_object,q003,video_01,28.000,840,1,12,a yellow car,,a yellow car,0.81975919008255,"876.9,556.9,1007.2,663.8","880.0,563.0,1002.0,663.0",8700,0.06737493723630905,0.0816308930516243,yellow,0.03574712574481964,0.7359915256500245,0.847719489203559,0.037405084614809195,outputs/frame_checks/test_new_architecture_object/q003/q003_t0028.00_det01_context.png,outputs/frame_checks/test_new_architecture_object/q003/q003_t0028.00_det01_bbox_crop.png,outputs/frame_checks/test_new_architecture_object/q003/q003_t0028.00_det01_sam_mask.png,outputs/frame_checks/test_new_architecture_object/q003/q003_t0028.00_det01_masked_crop.png,outputs/frame_checks/test_new_architecture_object/q003/q003_t0028.00_det01_debug.png
test_new_architecture_object,q002,video_01,29.000,870,1,6,a cyclist,,a cyclist,0.3287883698940277,"1080.6,426.2,1095.5,471.3","1081.0,432.0,1096.0,472.0",426,0.11287821829319,0.04065646231174469,,,0.8500501155853272,0.6232951905992296,0.38873872514037994,outputs/frame_checks/test_new_architecture_object/q002/q002_t0029.00_det01_context.png,outputs/frame_checks/test_new_architecture_object/q002/q002_t0029.00_det01_bbox_crop.png,outputs/frame_checks/test_new_architecture_object/q002/q002_t0029.00_det01_sam_mask.png,outputs/frame_checks/test_new_architecture_object/q002/q002_t0029.00_det01_masked_crop.png,outputs/frame_checks/test_new_architecture_object/q002/q002_t0029.00_det01_debug.png
test_new_architecture_object,q001,video_01,29.500,885,1,1,a man with a red backpack,,a man with a red backpack,0.2970113456249237,"1090.4,442.0,1101.5,454.2","1092.0,442.0,1103.0,455.0",117,0.07776748389005661,0.014445715583860874,red,0.38461539149284363,0.85618896484375,0.6223518795437283,0.01355114805123333,outputs/frame_checks/test_new_architecture_object/q001/q001_t0029.50_det01_context.png,outputs/frame_checks/test_new_architecture_object/q001/q001_t0029.50_det01_bbox_crop.png,outputs/frame_checks/test_new_architecture_object/q001/q001_t0029.50_det01_sam_mask.png,outputs/frame_checks/test_new_architecture_object/q001/q001_t0029.50_det01_masked_crop.png,outputs/frame_checks/test_new_architecture_object/q001/q001_t0029.50_det01_debug.png
test_new_architecture_object,q003,video_01,30.500,915,1,13,a yellow car,,a yellow car,0.3591238260269165,"429.8,391.1,513.0,444.8","434.0,396.0,511.0,442.0",2407,0.08418883383274078,0.10599439591169357,yellow,0.03157457336783409,0.36829681396484376,0.5804821862114801,0.0003634975071306162,outputs/frame_checks/test_new_architecture_object/q003/q003_t0030.50_det01_context.png,outputs/frame_checks/test_new_architecture_object/q003/q003_t0030.50_det01_bbox_crop.png,outputs/frame_checks/test_new_architecture_object/q003/q003_t0030.50_det01_sam_mask.png,outputs/frame_checks/test_new_architecture_object/q003/q003_t0030.50_det01_masked_crop.png,outputs/frame_checks/test_new_architecture_object/q003/q003_t0030.50_det01_debug.png
test_new_architecture_object,q003,video_01,31.500,945,1,14,a yellow car,,a yellow car,0.40090590715408325,"1026.4,499.0,1105.6,561.9","1027.0,503.0,1103.0,560.0",3399,0.09440864622592926,0.10846013575792313,yellow,0.018240658566355705,0.8328038215637207,0.7367888768513997,0.027122391802999947,outputs/frame_checks/test_new_architecture_object/q003/q003_t0031.50_det01_context.png,outputs/frame_checks/test_new_architecture_object/q003/q003_t0031.50_det01_bbox_crop.png,outputs/frame_checks/test_new_architecture_object/q003/q003_t0031.50_det01_sam_mask.png,outputs/frame_checks/test_new_architecture_object/q003/q003_t0031.50_det01_masked_crop.png,outputs/frame_checks/test_new_architecture_object/q003/q003_t0031.50_det01_debug.png
test_new_architecture_object,q003,video_01,32.000,960,1,14,a yellow car,,a yellow car,0.3347285985946655,"1014.7,505.2,1095.3,569.0","1016.0,509.0,1092.0,567.0",3534,0.09804153442382812,0.11081680655479431,yellow,0.007923033088445663,0.8242379903793335,0.7459829542371962,0.0251320132783216,outputs/frame_checks/test_new_architecture_object/q003/q003_t0032.00_det01_context.png,outputs/frame_checks/test_new_architecture_object/q003/q003_t0032.00_det01_bbox_crop.png,outputs/frame_checks/test_new_architecture_object/q003/q003_t0032.00_det01_sam_mask.png,outputs/frame_checks/test_new_architecture_object/q003/q003_t0032.00_det01_masked_crop.png,outputs/frame_checks/test_new_architecture_object/q003/q003_t0032.00_det01_debug.png
test_new_architecture_object,q001,video_01,34.000,1020,1,1,a man with a red backpack,,a man with a red backpack,0.4761723279953003,"1129.7,407.3,1150.8,446.9","1133.0,411.0,1147.0,448.0",425,0.1271388977766037,0.08027774840593338,red,0.2047058790922165,0.8908127307891845,0.5931522369384765,0.009905425412341344,outputs/frame_checks/test_new_architecture_object/q001/q001_t0034.00_det01_context.png,outputs/frame_checks/test_new_architecture_object/q001/q001_t0034.00_det01_bbox_crop.png,outputs/frame_checks/test_new_architecture_object/q001/q001_t0034.00_det01_sam_mask.png,outputs/frame_checks/test_new_architecture_object/q001/q001_t0034.00_det01_masked_crop.png,outputs/frame_checks/test_new_architecture_object/q001/q001_t0034.00_det01_debug.png
test_new_architecture_object,q003,video_01,35.000,1050,1,14,a yellow car,,a yellow car,0.7379369735717773,"930.5,545.5,1025.6,622.3","933.0,551.0,1022.0,621.0",4685,0.09675879776477814,0.11146068572998047,yellow,0.008537886664271355,0.7641195058822632,0.8109362284342448,0.038492134371577995,outputs/frame_checks/test_new_architecture_object/q003/q003_t0035.00_det01_context.png,outputs/frame_checks/test_new_architecture_object/q003/q003_t0035.00_det01_bbox_crop.png,outputs/frame_checks/test_new_architecture_object/q003/q003_t0035.00_det01_sam_mask.png,outputs/frame_checks/test_new_architecture_object/q003/q003_t0035.00_det01_masked_crop.png,outputs/frame_checks/test_new_architecture_object/q003/q003_t0035.00_det01_debug.png
test_new_architecture_object,q003,video_01,50.500,1515,1,17,a yellow car,,a yellow car,0.7806709408760071,"961.9,612.5,1069.9,691.4","961.0,619.0,1067.0,689.0",5065,0.09791966527700424,0.11243663728237152,yellow,0.05863770842552185,0.7936728477478028,0.9055197397867839,0.10726816076049227,outputs/frame_checks/test_new_architecture_object/q003/q003_t0050.50_det01_context.png,outputs/frame_checks/test_new_architecture_object/q003/q003_t0050.50_det01_bbox_crop.png,outputs/frame_checks/test_new_architecture_object/q003/q003_t0050.50_det01_sam_mask.png,outputs/frame_checks/test_new_architecture_object/q003/q003_t0050.50_det01_masked_crop.png,outputs/frame_checks/test_new_architecture_object/q003/q003_t0050.50_det01_debug.png
test_new_architecture_object,q003,video_01,51.000,1530,1,17,a yellow car,,a yellow car,0.7195454835891724,"1008.9,583.7,1106.8,656.7","1011.0,589.0,1104.0,655.0",4296,0.10091768205165863,0.11369693279266357,yellow,0.043063316494226456,0.8264532566070557,0.8613747914632162,0.10996966249780445,outputs/frame_checks/test_new_architecture_object/q003/q003_t0051.00_det01_context.png,outputs/frame_checks/test_new_architecture_object/q003/q003_t0051.00_det01_bbox_crop.png,outputs/frame_checks/test_new_architecture_object/q003/q003_t0051.00_det01_sam_mask.png,outputs/frame_checks/test_new_architecture_object/q003/q003_t0051.00_det01_masked_crop.png,outputs/frame_checks/test_new_architecture_object/q003/q003_t0051.00_det01_debug.png
test_new_architecture_object,q002,video_01,56.500,1695,1,8,a cyclist,,a cyclist,0.258191853761673,"1052.8,363.7,1073.7,403.3","1052.0,369.0,1071.0,401.0",475,0.05239220708608627,0.053100258111953735,,,0.830664873123169,0.5326106389363606,0.0032717170588871906,outputs/frame_checks/test_new_architecture_object/q002/q002_t0056.50_det01_context.png,outputs/frame_checks/test_new_architecture_object/q002/q002_t0056.50_det01_bbox_crop.png,outputs/frame_checks/test_new_architecture_object/q002/q002_t0056.50_det01_sam_mask.png,outputs/frame_checks/test_new_architecture_object/q002/q002_t0056.50_det01_masked_crop.png,outputs/frame_checks/test_new_architecture_object/q002/q002_t0056.50_det01_debug.png
test_new_architecture_object,q001,video_01,78.000,2340,1,2,a man with a red backpack,,a man with a red backpack,0.26133114099502563,"983.8,362.6,993.6,384.3","985.0,364.0,996.0,387.0",186,0.06286577135324478,0.0360640287399292,red,0.0,0.7724279642105103,0.5187085893419053,,outputs/frame_checks/test_new_architecture_object/q001/q001_t0078.00_det01_context.png,outputs/frame_checks/test_new_architecture_object/q001/q001_t0078.00_det01_bbox_crop.png,outputs/frame_checks/test_new_architecture_object/q001/q001_t0078.00_det01_sam_mask.png,outputs/frame_checks/test_new_architecture_object/q001/q001_t0078.00_det01_masked_crop.png,outputs/frame_checks/test_new_architecture_object/q001/q001_t0078.00_det01_debug.png
test_new_architecture_object,q002,video_01,110.500,3315,1,20,a cyclist,,a cyclist,0.25314223766326904,"670.7,363.3,702.4,404.9","676.0,371.0,703.0,398.0",356,0.09148117899894714,0.057455919682979584,,,0.5363611459732056,0.5334725909762912,0.009074336622544102,outputs/frame_checks/test_new_architecture_object/q002/q002_t0110.50_det01_context.png,outputs/frame_checks/test_new_architecture_object/q002/q002_t0110.50_det01_bbox_crop.png,outputs/frame_checks/test_new_architecture_object/q002/q002_t0110.50_det01_sam_mask.png,outputs/frame_checks/test_new_architecture_object/q002/q002_t0110.50_det01_masked_crop.png,outputs/frame_checks/test_new_architecture_object/q002/q002_t0110.50_det01_debug.png
test_new_architecture_object,q001,video_01,111.500,3345,1,4,a man with a red backpack,,a man with a red backpack,0.29308706521987915,"502.9,707.5,520.1,719.7","504.0,705.0,521.0,720.0",174,0.04521895572543144,0.03166785463690758,red,0.29885056614875793,0.3996168375015259,0.9910692003038194,,outputs/frame_checks/test_new_architecture_object/q001/q001_t0111.50_det01_context.png,outputs/frame_checks/test_new_architecture_object/q001/q001_t0111.50_det01_bbox_crop.png,outputs/frame_checks/test_new_architecture_object/q001/q001_t0111.50_det01_sam_mask.png,outputs/frame_checks/test_new_architecture_object/q001/q001_t0111.50_det01_masked_crop.png,outputs/frame_checks/test_new_architecture_object/q001/q001_t0111.50_det01_debug.png
test_new_architecture_object,q002,video_01,112.000,3360,1,22,a cyclist,,a cyclist,0.38641148805618286,"532.5,651.3,602.9,718.1","537.0,668.0,587.0,720.0",1476,0.131171315908432,0.1187894344329834,,,0.44349422454833987,0.9510011461046007,0.09101649384243163,outputs/frame_checks/test_new_architecture_object/q002/q002_t0112.00_det01_context.png,outputs/frame_checks/test_new_architecture_object/q002/q002_t0112.00_det01_bbox_crop.png,outputs/frame_checks/test_new_architecture_object/q002/q002_t0112.00_det01_sam_mask.png,outputs/frame_checks/test_new_architecture_object/q002/q002_t0112.00_det01_masked_crop.png,outputs/frame_checks/test_new_architecture_object/q002/q002_t0112.00_det01_debug.png
test_new_architecture_object,q002,video_01,112.500,3375,1,22,a cyclist,,a cyclist,0.40884479880332947,"571.6,632.9,644.3,720.6","586.0,650.0,625.0,720.0",1834,0.13897281885147095,0.13569462299346924,,,0.4749619722366333,0.9399428473578559,0.06670847369701552,outputs/frame_checks/test_new_architecture_object/q002/q002_t0112.50_det01_context.png,outputs/frame_checks/test_new_architecture_object/q002/q002_t0112.50_det01_bbox_crop.png,outputs/frame_checks/test_new_architecture_object/q002/q002_t0112.50_det01_sam_mask.png,outputs/frame_checks/test_new_architecture_object/q002/q002_t0112.50_det01_masked_crop.png,outputs/frame_checks/test_new_architecture_object/q002/q002_t0112.50_det01_debug.png
test_new_architecture_object,q001,video_01,180.500,5415,1,9,a man with a red backpack,,a man with a red backpack,0.2945968806743622,"1078.8,675.0,1095.0,700.9","1080.0,676.0,1095.0,699.0",267,0.05142784118652344,0.012382055632770061,red,0.0,0.8491308689117432,0.9555049048529731,,outputs/frame_checks/test_new_architecture_object/q001/q001_t0180.50_det01_context.png,outputs/frame_checks/test_new_architecture_object/q001/q001_t0180.50_det01_bbox_crop.png,outputs/frame_checks/test_new_architecture_object/q001/q001_t0180.50_det01_sam_mask.png,outputs/frame_checks/test_new_architecture_object/q001/q001_t0180.50_det01_masked_crop.png,outputs/frame_checks/test_new_architecture_object/q001/q001_t0180.50_det01_debug.png
test_new_architecture_object,q001,video_01,218.000,6540,1,11,a man with a red backpack,,a man with a red backpack,0.2738330364227295,"573.6,463.4,585.3,479.8","575.0,462.0,584.0,480.0",116,0.05556543171405792,-0.008896304294466972,red,0.0,0.4526914834976196,0.6550582673814561,0.015477589206257277,outputs/frame_checks/test_new_architecture_object/q001/q001_t0218.00_det01_context.png,outputs/frame_checks/test_new_architecture_object/q001/q001_t0218.00_det01_bbox_crop.png,outputs/frame_checks/test_new_architecture_object/q001/q001_t0218.00_det01_sam_mask.png,outputs/frame_checks/test_new_architecture_object/q001/q001_t0218.00_det01_masked_crop.png,outputs/frame_checks/test_new_architecture_object/q001/q001_t0218.00_det01_debug.png
test_new_architecture_object,q010,video_02,0.000,0,1,1,a hand truck,,a hand truck,0.2685813009738922,"1307.6,501.8,1382.5,585.3","1308.0,508.0,1378.0,579.0",3117,0.05715470388531685,0.07167566567659378,,,0.7005521456400553,0.503278562757704,,outputs/frame_checks/test_new_architecture_object/q010/q010_t0000.00_det01_context.png,outputs/frame_checks/test_new_architecture_object/q010/q010_t0000.00_det01_bbox_crop.png,outputs/frame_checks/test_new_architecture_object/q010/q010_t0000.00_det01_sam_mask.png,outputs/frame_checks/test_new_architecture_object/q010/q010_t0000.00_det01_masked_crop.png,outputs/frame_checks/test_new_architecture_object/q010/q010_t0000.00_det01_debug.png
test_new_architecture_object,q012,video_02,0.000,0,1,1,a person wearing a white shirt,,a person wearing a white shirt,0.28411436080932617,"1305.6,395.0,1344.5,479.0","1311.0,403.0,1337.0,472.0",1123,0.07774059474468231,0.07038011401891708,white,0.0,0.6901341120402018,0.4046403249104818,,outputs/frame_checks/test_new_architecture_object/q012/q012_t0000.00_det01_context.png,outputs/frame_checks/test_new_architecture_object/q012/q012_t0000.00_det01_bbox_crop.png,outputs/frame_checks/test_new_architecture_object/q012/q012_t0000.00_det01_sam_mask.png,outputs/frame_checks/test_new_architecture_object/q012/q012_t0000.00_det01_masked_crop.png,outputs/frame_checks/test_new_architecture_object/q012/q012_t0000.00_det01_debug.png
test_new_architecture_object,q012,video_02,0.501,15,1,1,a person wearing a white shirt,,a person wearing a white shirt,0.45620787143707275,"1291.3,395.2,1335.7,511.6","1299.0,403.0,1327.0,510.0",1659,0.06877932697534561,0.07848650962114334,white,0.00482218200340867,0.6841026306152344,0.419822593971535,0.03264028807911444,outputs/frame_checks/test_new_architecture_object/q012/q012_t0000.50_det01_context.png,outputs/frame_checks/test_new_architecture_object/q012/q012_t0000.50_det01_bbox_crop.png,outputs/frame_checks/test_new_architecture_object/q012/q012_t0000.50_det01_sam_mask.png,outputs/frame_checks/test_new_architecture_object/q012/q012_t0000.50_det01_masked_crop.png,outputs/frame_checks/test_new_architecture_object/q012/q012_t0000.50_det01_debug.png
test_new_architecture_object,q012,video_02,1.001,30,1,1,a person wearing a white shirt,,a person wearing a white shirt,0.27044957876205444,"1258.9,433.3,1296.7,533.6","1262.0,436.0,1294.0,539.0",2024,0.08026883751153946,0.08478868007659912,white,0.024209486320614815,0.6655024846394857,0.4476318359375,0.0668456156763953,outputs/frame_checks/test_new_architecture_object/q012/q012_t0001.00_det01_context.png,outputs/frame_checks/test_new_architecture_object/q012/q012_t0001.00_det01_bbox_crop.png,outputs/frame_checks/test_new_architecture_object/q012/q012_t0001.00_det01_sam_mask.png,outputs/frame_checks/test_new_architecture_object/q012/q012_t0001.00_det01_masked_crop.png,outputs/frame_checks/test_new_architecture_object/q012/q012_t0001.00_det01_debug.png
test_new_architecture_object,q012,video_02,2.002,60,1,1,a person wearing a white shirt,,a person wearing a white shirt,0.25520312786102295,"1255.5,419.6,1287.1,470.0","1261.0,423.0,1281.0,471.0",785,0.06721614301204681,0.03280255198478699,white,0.0025477707386016846,0.6621436436971029,0.41185999269838686,0.032936531491339446,outputs/frame_checks/test_new_architecture_object/q012/q012_t0002.00_det01_context.png,outputs/frame_checks/test_new_architecture_object/q012/q012_t0002.00_det01_bbox_crop.png,outputs/frame_checks/test_new_architecture_object/q012/q012_t0002.00_det01_sam_mask.png,outputs/frame_checks/test_new_architecture_object/q012/q012_t0002.00_det01_masked_crop.png,outputs/frame_checks/test_new_architecture_object/q012/q012_t0002.00_det01_debug.png
test_new_architecture_object,q012,video_02,3.003,90,1,1,a person wearing a white shirt,,a person wearing a white shirt,0.25762879848480225,"1225.8,396.7,1264.7,493.7","1233.0,406.0,1257.0,492.0",1257,0.0941462367773056,0.09010995924472809,white,0.006364359520375729,0.6485651334126791,0.4122179808440032,0.030082771944409385,outputs/frame_checks/test_new_architecture_object/q012/q012_t0003.00_det01_context.png,outputs/frame_checks/test_new_architecture_object/q012/q012_t0003.00_det01_bbox_crop.png,outputs/frame_checks/test_new_architecture_object/q012/q012_t0003.00_det01_sam_mask.png,outputs/frame_checks/test_new_architecture_object/q012/q012_t0003.00_det01_masked_crop.png,outputs/frame_checks/test_new_architecture_object/q012/q012_t0003.00_det01_debug.png
test_new_architecture_object,q012,video_02,3.504,105,1,1,a person wearing a white shirt,,a person wearing a white shirt,0.47294172644615173,"1215.7,399.8,1259.1,517.6","1222.0,407.0,1249.0,519.0",1961,0.09138461202383041,0.08853635936975479,white,0.007649158593267202,0.6444859186808268,0.4246869687680845,0.026212358690773447,outputs/frame_checks/test_new_architecture_object/q012/q012_t0003.50_det01_context.png,outputs/frame_checks/test_new_architecture_object/q012/q012_t0003.50_det01_bbox_crop.png,outputs/frame_checks/test_new_architecture_object/q012/q012_t0003.50_det01_sam_mask.png,outputs/frame_checks/test_new_architecture_object/q012/q012_t0003.50_det01_masked_crop.png,outputs/frame_checks/test_new_architecture_object/q012/q012_t0003.50_det01_debug.png
test_new_architecture_object,q010,video_02,5.506,165,1,2,a hand truck,,a hand truck,0.2821516990661621,"1130.1,386.8,1178.0,478.7","1140.0,398.0,1175.0,457.0",1370,0.02004918083548546,0.030365418642759323,,,0.601067320505778,0.4007043485288267,,outputs/frame_checks/test_new_architecture_object/q010/q010_t0005.51_det01_context.png,outputs/frame_checks/test_new_architecture_object/q010/q010_t0005.51_det01_bbox_crop.png,outputs/frame_checks/test_new_architecture_object/q010/q010_t0005.51_det01_sam_mask.png,outputs/frame_checks/test_new_architecture_object/q010/q010_t0005.51_det01_masked_crop.png,outputs/frame_checks/test_new_architecture_object/q010/q010_t0005.51_det01_debug.png
test_new_architecture_object,q010,video_02,9.510,285,1,3,a hand truck,,a hand truck,0.3033657670021057,"1016.2,459.3,1075.5,578.0","1021.0,462.0,1065.0,575.0",3033,0.032887183129787445,0.04130413755774498,,,0.5447183767954509,0.4802459292941623,,outputs/frame_checks/test_new_architecture_object/q010/q010_t0009.51_det01_context.png,outputs/frame_checks/test_new_architecture_object/q010/q010_t0009.51_det01_bbox_crop.png,outputs/frame_checks/test_new_architecture_object/q010/q010_t0009.51_det01_sam_mask.png,outputs/frame_checks/test_new_architecture_object/q010/q010_t0009.51_det01_masked_crop.png,outputs/frame_checks/test_new_architecture_object/q010/q010_t0009.51_det01_debug.png
test_new_architecture_object,q012,video_02,11.011,330,1,1,a person wearing a white shirt,,a person wearing a white shirt,0.2862884998321533,"955.3,427.4,989.7,475.7","963.0,429.0,987.0,474.0",929,0.07155410945415497,0.025923922657966614,white,0.0010764262406155467,0.5065037727355957,0.4180699383770978,0.024595981336593006,outputs/frame_checks/test_new_architecture_object/q012/q012_t0011.01_det01_context.png,outputs/frame_checks/test_new_architecture_object/q012/q012_t0011.01_det01_bbox_crop.png,outputs/frame_checks/test_new_architecture_object/q012/q012_t0011.01_det01_sam_mask.png,outputs/frame_checks/test_new_architecture_object/q012/q012_t0011.01_det01_masked_crop.png,outputs/frame_checks/test_new_architecture_object/q012/q012_t0011.01_det01_debug.png
test_new_architecture_object,q012,video_02,12.012,360,1,1,a person wearing a white shirt,,a person wearing a white shirt,0.2681693732738495,"929.0,426.4,963.7,479.6","935.0,426.0,959.0,474.0",935,0.07330591976642609,0.026653971523046494,white,0.0,0.492909304300944,0.41945935002079715,0.01517547110362406,outputs/frame_checks/test_new_architecture_object/q012/q012_t0012.01_det01_context.png,outputs/frame_checks/test_new_architecture_object/q012/q012_t0012.01_det01_bbox_crop.png,outputs/frame_checks/test_new_architecture_object/q012/q012_t0012.01_det01_sam_mask.png,outputs/frame_checks/test_new_architecture_object/q012/q012_t0012.01_det01_masked_crop.png,outputs/frame_checks/test_new_architecture_object/q012/q012_t0012.01_det01_debug.png
test_new_architecture_object,q012,video_02,13.013,390,1,1,a person wearing a white shirt,,a person wearing a white shirt,0.26806291937828064,"895.4,427.8,929.4,477.4","902.0,430.0,926.0,474.0",909,0.07130272686481476,0.019832037389278412,white,0.0,0.4752120653788249,0.41910517657244645,0.07654434699378068,outputs/frame_checks/test_new_architecture_object/q012/q012_t0013.01_det01_context.png,outputs/frame_checks/test_new_architecture_object/q012/q012_t0013.01_det01_bbox_crop.png,outputs/frame_checks/test_new_architecture_object/q012/q012_t0013.01_det01_sam_mask.png,outputs/frame_checks/test_new_architecture_object/q012/q012_t0013.01_det01_masked_crop.png,outputs/frame_checks/test_new_architecture_object/q012/q012_t0013.01_det01_debug.png
test_new_architecture_object,q012,video_02,13.514,405,1,1,a person wearing a white shirt,,a person wearing a white shirt,0.3071425259113312,"876.2,428.7,909.4,473.7","882.0,428.0,906.0,473.0",893,0.07643774151802063,0.0223140437155962,white,0.0,0.4650005340576172,0.41775396841543694,0.020580500578585587,outputs/frame_checks/test_new_architecture_object/q012/q012_t0013.51_det01_context.png,outputs/frame_checks/test_new_architecture_object/q012/q012_t0013.51_det01_bbox_crop.png,outputs/frame_checks/test_new_architecture_object/q012/q012_t0013.51_det01_sam_mask.png,outputs/frame_checks/test_new_architecture_object/q012/q012_t0013.51_det01_masked_crop.png,outputs/frame_checks/test_new_architecture_object/q012/q012_t0013.51_det01_debug.png
test_new_architecture_object,q012,video_02,17.985,539,1,1,a person wearing a white shirt,,a person wearing a white shirt,0.2820582687854767,"704.8,428.6,743.7,482.6","709.0,429.0,738.0,479.0",1021,0.07567695528268814,0.021513860672712326,white,0.0,0.3771988391876221,0.4218474917941623,0.021895695598470342,outputs/frame_checks/test_new_architecture_object/q012/q012_t0017.98_det01_context.png,outputs/frame_checks/test_new_architecture_object/q012/q012_t0017.98_det01_bbox_crop.png,outputs/frame_checks/test_new_architecture_object/q012/q012_t0017.98_det01_sam_mask.png,outputs/frame_checks/test_new_architecture_object/q012/q012_t0017.98_det01_masked_crop.png,outputs/frame_checks/test_new_architecture_object/q012/q012_t0017.98_det01_debug.png
test_new_architecture_object,q012,video_02,18.986,569,1,1,a person wearing a white shirt,,a person wearing a white shirt,0.293723464012146,"677.0,426.3,717.2,480.1","685.0,429.0,713.0,479.0",1171,0.09370852261781693,0.016261063516139984,white,0.0,0.3630808353424072,0.41959682040744356,0.018603736183115085,outputs/frame_checks/test_new_architecture_object/q012/q012_t0018.99_det01_context.png,outputs/frame_checks/test_new_architecture_object/q012/q012_t0018.99_det01_bbox_crop.png,outputs/frame_checks/test_new_architecture_object/q012/q012_t0018.99_det01_sam_mask.png,outputs/frame_checks/test_new_architecture_object/q012/q012_t0018.99_det01_masked_crop.png,outputs/frame_checks/test_new_architecture_object/q012/q012_t0018.99_det01_debug.png
test_new_architecture_object,q010,video_02,21.989,659,1,5,a hand truck,,a hand truck,0.2562061846256256,"622.5,486.2,685.8,609.4","630.0,497.0,677.0,604.0",2440,0.024786939844489098,0.0397578701376915,,,0.34070008595784507,0.5072389532018591,,outputs/frame_checks/test_new_architecture_object/q010/q010_t0021.99_det01_context.png,outputs/frame_checks/test_new_architecture_object/q010/q010_t0021.99_det01_bbox_crop.png,outputs/frame_checks/test_new_architecture_object/q010/q010_t0021.99_det01_sam_mask.png,outputs/frame_checks/test_new_architecture_object/q010/q010_t0021.99_det01_masked_crop.png,outputs/frame_checks/test_new_architecture_object/q010/q010_t0021.99_det01_debug.png
test_new_architecture_object,q012,video_02,22.489,674,1,1,a person wearing a white shirt,,a person wearing a white shirt,0.3089714050292969,"564.3,432.4,612.1,510.6","574.0,441.0,605.0,511.0",1624,0.07909847050905228,-0.0015594279393553734,white,0.0,0.3063617388407389,0.4365987707067419,0.10884523970032181,outputs/frame_checks/test_new_architecture_object/q012/q012_t0022.49_det01_context.png,outputs/frame_checks/test_new_architecture_object/q012/q012_t0022.49_det01_bbox_crop.png,outputs/frame_checks/test_new_architecture_object/q012/q012_t0022.49_det01_sam_mask.png,outputs/frame_checks/test_new_architecture_object/q012/q012_t0022.49_det01_masked_crop.png,outputs/frame_checks/test_new_architecture_object/q012/q012_t0022.49_det01_debug.png
test_new_architecture_object,q012,video_02,23.991,719,1,1,a person wearing a white shirt,,a person wearing a white shirt,0.2715389132499695,"515.7,455.3,555.0,507.6","523.0,454.0,550.0,507.0",1214,0.0819549635052681,-0.004428457468748093,white,0.0,0.2788429578145345,0.4458175941749855,0.017525337475820503,outputs/frame_checks/test_new_architecture_object/q012/q012_t0023.99_det01_context.png,outputs/frame_checks/test_new_architecture_object/q012/q012_t0023.99_det01_bbox_crop.png,outputs/frame_checks/test_new_architecture_object/q012/q012_t0023.99_det01_sam_mask.png,outputs/frame_checks/test_new_architecture_object/q012/q012_t0023.99_det01_masked_crop.png,outputs/frame_checks/test_new_architecture_object/q012/q012_t0023.99_det01_debug.png
test_new_architecture_object,q012,video_02,24.491,734,1,1,a person wearing a white shirt,,a person wearing a white shirt,0.2508665919303894,"640.6,478.1,688.5,535.4","648.0,470.0,687.0,543.0",1799,0.08665172010660172,0.09566044807434082,white,0.001667593140155077,0.3461204210917155,0.46919574031123407,0.1423048051238635,outputs/frame_checks/test_new_architecture_object/q012/q012_t0024.49_det01_context.png,outputs/frame_checks/test_new_architecture_object/q012/q012_t0024.49_det01_bbox_crop.png,outputs/frame_checks/test_new_architecture_object/q012/q012_t0024.49_det01_sam_mask.png,outputs/frame_checks/test_new_architecture_object/q012/q012_t0024.49_det01_masked_crop.png,outputs/frame_checks/test_new_architecture_object/q012/q012_t0024.49_det01_debug.png
test_new_architecture_object,q012,video_02,34.501,1034,1,1,a person wearing a white shirt,,a person wearing a white shirt,0.2515864372253418,"480.8,465.7,525.4,518.2","486.0,469.0,522.0,518.0",1428,0.08362904191017151,-0.039573654532432556,white,0.0,0.262037992477417,0.45551016065809463,0.00940736387292302,outputs/frame_checks/test_new_architecture_object/q012/q012_t0034.50_det01_context.png,outputs/frame_checks/test_new_architecture_object/q012/q012_t0034.50_det01_bbox_crop.png,outputs/frame_checks/test_new_architecture_object/q012/q012_t0034.50_det01_sam_mask.png,outputs/frame_checks/test_new_architecture_object/q012/q012_t0034.50_det01_masked_crop.png,outputs/frame_checks/test_new_architecture_object/q012/q012_t0034.50_det01_debug.png
test_new_architecture_object,q012,video_02,35.002,1049,1,1,a person wearing a white shirt,,a person wearing a white shirt,0.2786974608898163,"476.7,466.7,520.6,519.1","483.0,469.0,517.0,518.0",1404,0.08997755497694016,-0.03696407377719879,white,0.0,0.25969658692677816,0.456384672941985,0.004993786739443941,outputs/frame_checks/test_new_architecture_object/q012/q012_t0035.00_det01_context.png,outputs/frame_checks/test_new_architecture_object/q012/q012_t0035.00_det01_bbox_crop.png,outputs/frame_checks/test_new_architecture_object/q012/q012_t0035.00_det01_sam_mask.png,outputs/frame_checks/test_new_architecture_object/q012/q012_t0035.00_det01_masked_crop.png,outputs/frame_checks/test_new_architecture_object/q012/q012_t0035.00_det01_debug.png
test_new_architecture_object,q012,video_02,39.006,1169,1,1,a person wearing a white shirt,,a person wearing a white shirt,0.5184657573699951,"311.8,504.4,381.0,625.1","323.0,514.0,372.0,623.0",2503,0.08427159488201141,0.08648975193500519,white,0.0,0.18039290904998778,0.5229157906991464,0.030245117010180213,outputs/frame_checks/test_new_architecture_object/q012/q012_t0039.01_det01_context.png,outputs/frame_checks/test_new_architecture_object/q012/q012_t0039.01_det01_bbox_crop.png,outputs/frame_checks/test_new_architecture_object/q012/q012_t0039.01_det01_sam_mask.png,outputs/frame_checks/test_new_architecture_object/q012/q012_t0039.01_det01_masked_crop.png,outputs/frame_checks/test_new_architecture_object/q012/q012_t0039.01_det01_debug.png
test_new_architecture_object,q012,video_02,59.493,1783,1,1,a person wearing a white shirt,,a person wearing a white shirt,0.5443555116653442,"311.6,504.9,380.6,625.4","323.0,514.0,372.0,621.0",2375,0.08254525065422058,0.08107806742191315,white,0.0,0.1802470127741496,0.5233033498128256,0.07590154440920169,outputs/frame_checks/test_new_architecture_object/q012/q012_t0059.49_det01_context.png,outputs/frame_checks/test_new_architecture_object/q012/q012_t0059.49_det01_bbox_crop.png,outputs/frame_checks/test_new_architecture_object/q012/q012_t0059.49_det01_sam_mask.png,outputs/frame_checks/test_new_architecture_object/q012/q012_t0059.49_det01_masked_crop.png,outputs/frame_checks/test_new_architecture_object/q012/q012_t0059.49_det01_debug.png
test_new_architecture_object,q012,video_02,59.993,1798,1,1,a person wearing a white shirt,,a person wearing a white shirt,0.5774394273757935,"311.2,505.1,380.3,626.7","323.0,514.0,372.0,622.0",2364,0.0873778834939003,0.0850914865732193,white,0.0,0.1800741990407308,0.5239807835331669,0.001396860671993081,outputs/frame_checks/test_new_architecture_object/q012/q012_t0059.99_det01_context.png,outputs/frame_checks/test_new_architecture_object/q012/q012_t0059.99_det01_bbox_crop.png,outputs/frame_checks/test_new_architecture_object/q012/q012_t0059.99_det01_sam_mask.png,outputs/frame_checks/test_new_architecture_object/q012/q012_t0059.99_det01_masked_crop.png,outputs/frame_checks/test_new_architecture_object/q012/q012_t0059.99_det01_debug.png
test_new_architecture_object,q010,video_02,69.503,2083,1,7,a hand truck,,a hand truck,0.48334380984306335,"1563.3,-0.3,1671.8,56.9","1569.0,0.0,1665.0,46.0",3552,0.01441827043890953,0.019193170592188835,,,0.8424695650736491,0.026193807481063737,0.02628753371163722,outputs/frame_checks/test_new_architecture_object/q010/q010_t0069.50_det01_context.png,outputs/frame_checks/test_new_architecture_object/q010/q010_t0069.50_det01_bbox_crop.png,outputs/frame_checks/test_new_architecture_object/q010/q010_t0069.50_det01_sam_mask.png,outputs/frame_checks/test_new_architecture_object/q010/q010_t0069.50_det01_masked_crop.png,outputs/frame_checks/test_new_architecture_object/q010/q010_t0069.50_det01_debug.png
test_new_architecture_object,q010,video_02,70.003,2098,1,7,a hand truck,,a hand truck,0.6239124536514282,"1555.9,-2.1,1654.7,72.4","1570.0,0.0,1645.0,63.0",3916,0.00895010121166706,0.010085523128509521,,,0.8360750198364257,0.03253703338128549,0.017996078819675014,outputs/frame_checks/test_new_architecture_object/q010/q010_t0070.00_det01_context.png,outputs/frame_checks/test_new_architecture_object/q010/q010_t0070.00_det01_bbox_crop.png,outputs/frame_checks/test_new_architecture_object/q010/q010_t0070.00_det01_sam_mask.png,outputs/frame_checks/test_new_architecture_object/q010/q010_t0070.00_det01_masked_crop.png,outputs/frame_checks/test_new_architecture_object/q010/q010_t0070.00_det01_debug.png
test_new_architecture_object,q010,video_02,70.504,2113,1,7,a hand truck,,a hand truck,0.6733662486076355,"1557.3,6.9,1649.8,92.4","1568.0,12.0,1638.0,82.0",4055,0.012889999896287918,0.021404828876256943,,,0.8351841608683268,0.045942660393538295,0.026843546498506992,outputs/frame_checks/test_new_architecture_object/q010/q010_t0070.50_det01_context.png,outputs/frame_checks/test_new_architecture_object/q010/q010_t0070.50_det01_bbox_crop.png,outputs/frame_checks/test_new_architecture_object/q010/q010_t0070.50_det01_sam_mask.png,outputs/frame_checks/test_new_architecture_object/q010/q010_t0070.50_det01_masked_crop.png,outputs/frame_checks/test_new_architecture_object/q010/q010_t0070.50_det01_debug.png
test_new_architecture_object,q010,video_02,71.004,2128,1,7,a hand truck,,a hand truck,0.7776406407356262,"1551.1,22.1,1644.5,114.9","1560.0,33.0,1632.0,106.0",4438,0.013503920286893845,0.018008586019277573,,,0.8322056452433269,0.06342345520302102,0.035430031617688616,outputs/frame_checks/test_new_architecture_object/q010/q010_t0071.00_det01_context.png,outputs/frame_checks/test_new_architecture_object/q010/q010_t0071.00_det01_bbox_crop.png,outputs/frame_checks/test_new_architecture_object/q010/q010_t0071.00_det01_sam_mask.png,outputs/frame_checks/test_new_architecture_object/q010/q010_t0071.00_det01_masked_crop.png,outputs/frame_checks/test_new_architecture_object/q010/q010_t0071.00_det01_debug.png
test_new_architecture_object,q010,video_02,72.005,2158,1,7,a hand truck,,a hand truck,0.7811941504478455,"1517.1,74.2,1625.0,177.6","1525.0,85.0,1614.0,170.0",5963,0.016316374763846397,0.019358685240149498,,,0.8182603518168131,0.1165774627968117,0.05649357488515298,outputs/frame_checks/test_new_architecture_object/q010/q010_t0072.01_det01_context.png,outputs/frame_checks/test_new_architecture_object/q010/q010_t0072.01_det01_bbox_crop.png,outputs/frame_checks/test_new_architecture_object/q010/q010_t0072.01_det01_sam_mask.png,outputs/frame_checks/test_new_architecture_object/q010/q010_t0072.01_det01_masked_crop.png,outputs/frame_checks/test_new_architecture_object/q010/q010_t0072.01_det01_debug.png
test_new_architecture_object,q010,video_02,75.509,2263,1,7,a hand truck,,a hand truck,0.597051203250885,"1136.9,287.3,1361.9,440.7","1145.0,303.0,1354.0,430.0",16792,-0.0028875209391117096,0.014830449596047401,,,0.6507132212320964,0.3370319649025246,0.09400672453078572,outputs/frame_checks/test_new_architecture_object/q010/q010_t0075.51_det01_context.png,outputs/frame_checks/test_new_architecture_object/q010/q010_t0075.51_det01_bbox_crop.png,outputs/frame_checks/test_new_architecture_object/q010/q010_t0075.51_det01_sam_mask.png,outputs/frame_checks/test_new_architecture_object/q010/q010_t0075.51_det01_masked_crop.png,outputs/frame_checks/test_new_architecture_object/q010/q010_t0075.51_det01_debug.png
test_new_architecture_object,q010,video_02,76.009,2278,1,7,a hand truck,,a hand truck,0.5849226117134094,"1055.0,322.0,1291.8,480.6","1064.0,336.0,1283.0,470.0",18284,0.007693509105592966,0.01776299811899662,,,0.6111605644226075,0.3715723108362268,0.10491790167405746,outputs/frame_checks/test_new_architecture_object/q010/q010_t0076.01_det01_context.png,outputs/frame_checks/test_new_architecture_object/q010/q010_t0076.01_det01_bbox_crop.png,outputs/frame_checks/test_new_architecture_object/q010/q010_t0076.01_det01_sam_mask.png,outputs/frame_checks/test_new_architecture_object/q010/q010_t0076.01_det01_masked_crop.png,outputs/frame_checks/test_new_architecture_object/q010/q010_t0076.01_det01_debug.png
test_new_architecture_object,q010,video_02,77.010,2308,1,7,a hand truck,,a hand truck,0.6315239667892456,"907.3,390.7,1153.8,571.2","918.0,405.0,1146.0,559.0",21851,0.00046869367361068726,0.01842965930700302,,,0.536737855275472,0.44533620763708043,0.10482808339805633,outputs/frame_checks/test_new_architecture_object/q010/q010_t0077.01_det01_context.png,outputs/frame_checks/test_new_architecture_object/q010/q010_t0077.01_det01_bbox_crop.png,outputs/frame_checks/test_new_architecture_object/q010/q010_t0077.01_det01_sam_mask.png,outputs/frame_checks/test_new_architecture_object/q010/q010_t0077.01_det01_masked_crop.png,outputs/frame_checks/test_new_architecture_object/q010/q010_t0077.01_det01_debug.png
test_new_architecture_object,q010,video_02,78.011,2338,1,7,a hand truck,,a hand truck,0.7182683348655701,"791.4,457.8,1049.3,663.7","800.0,471.0,1040.0,653.0",25817,0.006736238487064838,0.02937334030866623,,,0.479343318939209,0.5192555886727792,0.08790060837800134,outputs/frame_checks/test_new_architecture_object/q010/q010_t0078.01_det01_context.png,outputs/frame_checks/test_new_architecture_object/q010/q010_t0078.01_det01_bbox_crop.png,outputs/frame_checks/test_new_architecture_object/q010/q010_t0078.01_det01_sam_mask.png,outputs/frame_checks/test_new_architecture_object/q010/q010_t0078.01_det01_masked_crop.png,outputs/frame_checks/test_new_architecture_object/q010/q010_t0078.01_det01_debug.png
test_new_architecture_object,q010,video_02,119.987,3596,1,8,a hand truck,,a hand truck,0.38132110238075256,"1596.5,193.4,1642.6,266.3","1604.0,200.0,1639.0,261.0",1011,0.15128998458385468,0.0994255542755127,,,0.8435187975565592,0.21285165857385707,,outputs/frame_checks/test_new_architecture_object/q010/q010_t0119.99_det01_context.png,outputs/frame_checks/test_new_architecture_object/q010/q010_t0119.99_det01_bbox_crop.png,outputs/frame_checks/test_new_architecture_object/q010/q010_t0119.99_det01_sam_mask.png,outputs/frame_checks/test_new_architecture_object/q010/q010_t0119.99_det01_masked_crop.png,outputs/frame_checks/test_new_architecture_object/q010/q010_t0119.99_det01_debug.png
test_new_architecture_object,q010,video_02,120.487,3611,1,8,a hand truck,,a hand truck,0.3237270712852478,"1577.6,201.1,1627.1,276.9","1585.0,208.0,1621.0,271.0",1517,0.14101414382457733,0.12480991333723068,,,0.8345422108968099,0.22129031993724682,0.024616010091204482,outputs/frame_checks/test_new_architecture_object/q010/q010_t0120.49_det01_context.png,outputs/frame_checks/test_new_architecture_object/q010/q010_t0120.49_det01_bbox_crop.png,outputs/frame_checks/test_new_architecture_object/q010/q010_t0120.49_det01_sam_mask.png,outputs/frame_checks/test_new_architecture_object/q010/q010_t0120.49_det01_masked_crop.png,outputs/frame_checks/test_new_architecture_object/q010/q010_t0120.49_det01_debug.png
test_new_architecture_object,q010,video_02,120.988,3626,1,8,a hand truck,,a hand truck,0.4073653817176819,"1555.7,212.6,1606.4,286.0","1562.0,221.0,1602.0,282.0",1568,0.15194696187973022,0.09408922493457794,,,0.8234766006469727,0.2308366916797779,0.02919961791874506,outputs/frame_checks/test_new_architecture_object/q010/q010_t0120.99_det01_context.png,outputs/frame_checks/test_new_architecture_object/q010/q010_t0120.99_det01_bbox_crop.png,outputs/frame_checks/test_new_architecture_object/q010/q010_t0120.99_det01_sam_mask.png,outputs/frame_checks/test_new_architecture_object/q010/q010_t0120.99_det01_masked_crop.png,outputs/frame_checks/test_new_architecture_object/q010/q010_t0120.99_det01_debug.png
test_new_architecture_object,q010,video_02,121.488,3641,1,8,a hand truck,,a hand truck,0.42883771657943726,"1531.3,222.4,1581.9,299.7","1539.0,225.0,1577.0,295.0",1394,0.15193109214305878,0.13840851187705994,,,0.8107433319091797,0.24169018356888383,0.03342905256107555,outputs/frame_checks/test_new_architecture_object/q010/q010_t0121.49_det01_context.png,outputs/frame_checks/test_new_architecture_object/q010/q010_t0121.49_det01_bbox_crop.png,outputs/frame_checks/test_new_architecture_object/q010/q010_t0121.49_det01_sam_mask.png,outputs/frame_checks/test_new_architecture_object/q010/q010_t0121.49_det01_masked_crop.png,outputs/frame_checks/test_new_architecture_object/q010/q010_t0121.49_det01_debug.png
test_new_architecture_object,q010,video_02,122.990,3686,1,10,a hand truck,,a hand truck,0.3288801908493042,"1466.7,257.0,1515.2,334.5","1475.0,265.0,1512.0,330.0",1354,0.15501204133033752,0.08809088915586472,,,0.7765343983968099,0.27381468878851994,,outputs/frame_checks/test_new_architecture_object/q010/q010_t0122.99_det01_context.png,outputs/frame_checks/test_new_architecture_object/q010/q010_t0122.99_det01_bbox_crop.png,outputs/frame_checks/test_new_architecture_object/q010/q010_t0122.99_det01_sam_mask.png,outputs/frame_checks/test_new_architecture_object/q010/q010_t0122.99_det01_masked_crop.png,outputs/frame_checks/test_new_architecture_object/q010/q010_t0122.99_det01_debug.png
test_new_architecture_object,q010,video_02,124.992,3746,1,12,a hand truck,,a hand truck,0.29441598057746887,"1373.2,307.7,1423.8,391.5","1381.0,317.0,1418.0,387.0",1516,0.17000070214271545,0.15274153649806976,,,0.7283665657043457,0.3236892558910229,0.03609982939881685,outputs/frame_checks/test_new_architecture_object/q010/q010_t0124.99_det01_context.png,outputs/frame_checks/test_new_architecture_object/q010/q010_t0124.99_det01_bbox_crop.png,outputs/frame_checks/test_new_architecture_object/q010/q010_t0124.99_det01_sam_mask.png,outputs/frame_checks/test_new_architecture_object/q010/q010_t0124.99_det01_masked_crop.png,outputs/frame_checks/test_new_architecture_object/q010/q010_t0124.99_det01_debug.png
test_new_architecture_object,q010,video_02,126.994,3806,1,12,a hand truck,,a hand truck,0.4531443417072296,"1264.7,372.1,1322.0,459.5","1271.0,380.0,1318.0,456.0",1796,0.16540202498435974,0.15640929341316223,,,0.6736226717631022,0.38498720239709927,0.04243732387115958,outputs/frame_checks/test_new_architecture_object/q010/q010_t0126.99_det01_context.png,outputs/frame_checks/test_new_architecture_object/q010/q010_t0126.99_det01_bbox_crop.png,outputs/frame_checks/test_new_architecture_object/q010/q010_t0126.99_det01_sam_mask.png,outputs/frame_checks/test_new_architecture_object/q010/q010_t0126.99_det01_masked_crop.png,outputs/frame_checks/test_new_architecture_object/q010/q010_t0126.99_det01_debug.png
test_new_architecture_object,q019,video_03,0.000,0,1,1,an elderly woman wearing a blue dress,,an elderly woman wearing a blue dress,0.4877266585826874,"410.0,234.1,436.4,288.5","414.0,240.0,435.0,289.0",679,0.057909008115530014,0.057927459478378296,blue,0.011782032437622547,0.3306124210357666,0.3629370053609212,,outputs/frame_checks/test_new_architecture_object/q019/q019_t0000.00_det01_context.png,outputs/frame_checks/test_new_architecture_object/q019/q019_t0000.00_det01_bbox_crop.png,outputs/frame_checks/test_new_architecture_object/q019/q019_t0000.00_det01_sam_mask.png,outputs/frame_checks/test_new_architecture_object/q019/q019_t0000.00_det01_masked_crop.png,outputs/frame_checks/test_new_architecture_object/q019/q019_t0000.00_det01_debug.png
test_new_architecture_object,q020,video_03,0.000,0,1,1,a man with a backpack,,a man with a backpack,0.29878339171409607,"350.0,260.4,368.6,283.8","352.0,259.0,372.0,284.0",351,0.06105497106909752,0.05823998525738716,,,0.28069573640823364,0.3778660456339518,,outputs/frame_checks/test_new_architecture_object/q020/q020_t0000.00_det01_context.png,outputs/frame_checks/test_new_architecture_object/q020/q020_t0000.00_det01_bbox_crop.png,outputs/frame_checks/test_new_architecture_object/q020/q020_t0000.00_det01_sam_mask.png,outputs/frame_checks/test_new_architecture_object/q020/q020_t0000.00_det01_masked_crop.png,outputs/frame_checks/test_new_architecture_object/q020/q020_t0000.00_det01_debug.png
test_new_architecture_object,q021,video_03,0.000,0,1,1,a blue umbrella,,a blue umbrella,0.40138569474220276,"911.8,565.1,1216.5,710.6","914.0,570.0,1218.0,720.0",22190,0.10470382124185562,0.10803982615470886,blue,0.0,0.8313876628875733,0.8859004974365234,,outputs/frame_checks/test_new_architecture_object/q021/q021_t0000.00_det01_context.png,outputs/frame_checks/test_new_architecture_object/q021/q021_t0000.00_det01_bbox_crop.png,outputs/frame_checks/test_new_architecture_object/q021/q021_t0000.00_det01_sam_mask.png,outputs/frame_checks/test_new_architecture_object/q021/q021_t0000.00_det01_masked_crop.png,outputs/frame_checks/test_new_architecture_object/q021/q021_t0000.00_det01_debug.png
test_new_architecture_object,q019,video_03,0.500,12,1,1,an elderly woman wearing a blue dress,,an elderly woman wearing a blue dress,0.2950313687324524,"443.6,253.6,466.3,299.4","446.0,258.0,468.0,303.0",689,0.07962675392627716,0.052431199699640274,blue,0.0,0.3554259181022644,0.38400754928588865,0.06505112035172328,outputs/frame_checks/test_new_architecture_object/q019/q019_t0000.50_det01_context.png,outputs/frame_checks/test_new_architecture_object/q019/q019_t0000.50_det01_bbox_crop.png,outputs/frame_checks/test_new_architecture_object/q019/q019_t0000.50_det01_sam_mask.png,outputs/frame_checks/test_new_architecture_object/q019/q019_t0000.50_det01_masked_crop.png,outputs/frame_checks/test_new_architecture_object/q019/q019_t0000.50_det01_debug.png
test_new_architecture_object,q020,video_03,0.500,12,1,1,a man with a backpack,,a man with a backpack,0.28585755825042725,"354.1,255.1,376.5,281.8","356.0,256.0,379.0,283.0",491,0.05937778949737549,0.05499899014830589,,,0.28539299964904785,0.3728727658589681,0.013699464071300996,outputs/frame_checks/test_new_architecture_object/q020/q020_t0000.50_det01_context.png,outputs/frame_checks/test_new_architecture_object/q020/q020_t0000.50_det01_bbox_crop.png,outputs/frame_checks/test_new_architecture_object/q020/q020_t0000.50_det01_sam_mask.png,outputs/frame_checks/test_new_architecture_object/q020/q020_t0000.50_det01_masked_crop.png,outputs/frame_checks/test_new_architecture_object/q020/q020_t0000.50_det01_debug.png
test_new_architecture_object,q021,video_03,0.500,12,1,1,a blue umbrella,,a blue umbrella,0.2590521275997162,"915.2,567.3,1214.0,690.1","914.0,571.0,1219.0,682.0",21720,0.1105065569281578,0.09967945516109467,blue,0.0,0.8317198514938354,0.8732131958007813,0.02536214664726641,outputs/frame_checks/test_new_architecture_object/q021/q021_t0000.50_det01_context.png,outputs/frame_checks/test_new_architecture_object/q021/q021_t0000.50_det01_bbox_crop.png,outputs/frame_checks/test_new_architecture_object/q021/q021_t0000.50_det01_sam_mask.png,outputs/frame_checks/test_new_architecture_object/q021/q021_t0000.50_det01_masked_crop.png,outputs/frame_checks/test_new_architecture_object/q021/q021_t0000.50_det01_debug.png
test_new_architecture_object,q019,video_03,1.001,24,1,1,an elderly woman wearing a blue dress,,an elderly woman wearing a blue dress,0.404060423374176,"427.7,226.7,450.4,277.8","431.0,232.0,446.0,279.0",546,0.05133932828903198,0.0030571455135941505,blue,0.014652014710009098,0.3430219292640686,0.3503824657864041,0.07162025494221977,outputs/frame_checks/test_new_architecture_object/q019/q019_t0001.00_det01_context.png,outputs/frame_checks/test_new_architecture_object/q019/q019_t0001.00_det01_bbox_crop.png,outputs/frame_checks/test_new_architecture_object/q019/q019_t0001.00_det01_sam_mask.png,outputs/frame_checks/test_new_architecture_object/q019/q019_t0001.00_det01_masked_crop.png,outputs/frame_checks/test_new_architecture_object/q019/q019_t0001.00_det01_debug.png
test_new_architecture_object,q021,video_03,1.001,24,1,1,a blue umbrella,,a blue umbrella,0.25353676080703735,"810.9,458.6,1013.9,615.0","815.0,463.0,1012.0,615.0",10208,0.10749677568674088,0.09184146672487259,blue,0.0012735109776258469,0.7127795219421387,0.7455785751342774,0.3486355720595354,outputs/frame_checks/test_new_architecture_object/q021/q021_t0001.00_det01_context.png,outputs/frame_checks/test_new_architecture_object/q021/q021_t0001.00_det01_bbox_crop.png,outputs/frame_checks/test_new_architecture_object/q021/q021_t0001.00_det01_sam_mask.png,outputs/frame_checks/test_new_architecture_object/q021/q021_t0001.00_det01_masked_crop.png,outputs/frame_checks/test_new_architecture_object/q021/q021_t0001.00_det01_debug.png
test_new_architecture_object,q020,video_03,1.501,36,1,1,a man with a backpack,,a man with a backpack,0.25747746229171753,"375.9,255.0,396.1,278.4","378.0,254.0,398.0,280.0",382,0.06916646659374237,0.05224035680294037,,,0.30155324935913086,0.3704112794664171,0.01915562165875661,outputs/frame_checks/test_new_architecture_object/q020/q020_t0001.50_det01_context.png,outputs/frame_checks/test_new_architecture_object/q020/q020_t0001.50_det01_bbox_crop.png,outputs/frame_checks/test_new_architecture_object/q020/q020_t0001.50_det01_sam_mask.png,outputs/frame_checks/test_new_architecture_object/q020/q020_t0001.50_det01_masked_crop.png,outputs/frame_checks/test_new_architecture_object/q020/q020_t0001.50_det01_debug.png
test_new_architecture_object,q021,video_03,1.501,36,1,1,a blue umbrella,,a blue umbrella,0.4225854277610779,"910.3,561.9,1216.9,711.0","913.0,568.0,1219.0,720.0",22037,0.10335040092468262,0.10847452282905579,blue,0.0,0.8309391021728516,0.8839404635959202,0.3635961793239337,outputs/frame_checks/test_new_architecture_object/q021/q021_t0001.50_det01_context.png,outputs/frame_checks/test_new_architecture_object/q021/q021_t0001.50_det01_bbox_crop.png,outputs/frame_checks/test_new_architecture_object/q021/q021_t0001.50_det01_sam_mask.png,outputs/frame_checks/test_new_architecture_object/q021/q021_t0001.50_det01_masked_crop.png,outputs/frame_checks/test_new_architecture_object/q021/q021_t0001.50_det01_debug.png
test_new_architecture_object,q021,video_03,2.002,48,1,1,a blue umbrella,,a blue umbrella,0.2596431076526642,"811.3,460.0,1014.1,613.9","815.0,464.0,1013.0,612.0",10110,0.11123013496398926,0.09034013748168945,blue,0.000395647861296311,0.7130388021469116,0.7457573572794597,0.3629880591865654,outputs/frame_checks/test_new_architecture_object/q021/q021_t0002.00_det01_context.png,outputs/frame_checks/test_new_architecture_object/q021/q021_t0002.00_det01_bbox_crop.png,outputs/frame_checks/test_new_architecture_object/q021/q021_t0002.00_det01_sam_mask.png,outputs/frame_checks/test_new_architecture_object/q021/q021_t0002.00_det01_masked_crop.png,outputs/frame_checks/test_new_architecture_object/q021/q021_t0002.00_det01_debug.png
test_new_architecture_object,q019,video_03,2.502,60,1,1,an elderly woman wearing a blue dress,,an elderly woman wearing a blue dress,0.6066246032714844,"413.3,252.8,442.3,315.9","417.0,254.0,439.0,317.0",1028,0.08660510182380676,0.06585301458835602,blue,0.015564202331006527,0.3341947555541992,0.3949466281467014,0.1144489470224123,outputs/frame_checks/test_new_architecture_object/q019/q019_t0002.50_det01_context.png,outputs/frame_checks/test_new_architecture_object/q019/q019_t0002.50_det01_bbox_crop.png,outputs/frame_checks/test_new_architecture_object/q019/q019_t0002.50_det01_sam_mask.png,outputs/frame_checks/test_new_architecture_object/q019/q019_t0002.50_det01_masked_crop.png,outputs/frame_checks/test_new_architecture_object/q019/q019_t0002.50_det01_debug.png
test_new_architecture_object,q020,video_03,3.003,72,1,1,a man with a backpack,,a man with a backpack,0.3165210485458374,"392.8,248.4,412.8,270.5","395.0,248.0,415.0,272.0",348,0.05783500149846077,0.040534649044275284,,,0.31468063592910767,0.3604038980272081,0.01650631112327072,outputs/frame_checks/test_new_architecture_object/q020/q020_t0003.00_det01_context.png,outputs/frame_checks/test_new_architecture_object/q020/q020_t0003.00_det01_bbox_crop.png,outputs/frame_checks/test_new_architecture_object/q020/q020_t0003.00_det01_sam_mask.png,outputs/frame_checks/test_new_architecture_object/q020/q020_t0003.00_det01_masked_crop.png,outputs/frame_checks/test_new_architecture_object/q020/q020_t0003.00_det01_debug.png
test_new_architecture_object,q020,video_03,3.503,84,1,1,a man with a backpack,,a man with a backpack,0.29022857546806335,"396.1,239.0,419.0,265.0","398.0,239.0,417.0,265.0",395,0.09341920912265778,0.05730957165360451,,,0.3183952569961548,0.34996694988674587,0.02213809695761297,outputs/frame_checks/test_new_architecture_object/q020/q020_t0003.50_det01_context.png,outputs/frame_checks/test_new_architecture_object/q020/q020_t0003.50_det01_bbox_crop.png,outputs/frame_checks/test_new_architecture_object/q020/q020_t0003.50_det01_sam_mask.png,outputs/frame_checks/test_new_architecture_object/q020/q020_t0003.50_det01_masked_crop.png,outputs/frame_checks/test_new_architecture_object/q020/q020_t0003.50_det01_debug.png
test_new_architecture_object,q020,video_03,4.003,96,1,1,a man with a backpack,,a man with a backpack,0.32635262608528137,"401.8,239.6,419.7,262.8","405.0,239.0,424.0,263.0",358,0.06145242601633072,0.0574360191822052,,,0.32088342905044553,0.34888717863294816,0.005420202848980268,outputs/frame_checks/test_new_architecture_object/q020/q020_t0004.00_det01_context.png,outputs/frame_checks/test_new_architecture_object/q020/q020_t0004.00_det01_bbox_crop.png,outputs/frame_checks/test_new_architecture_object/q020/q020_t0004.00_det01_sam_mask.png,outputs/frame_checks/test_new_architecture_object/q020/q020_t0004.00_det01_masked_crop.png,outputs/frame_checks/test_new_architecture_object/q020/q020_t0004.00_det01_debug.png
test_new_architecture_object,q021,video_03,4.504,108,1,1,a blue umbrella,,a blue umbrella,0.4270080327987671,"910.1,566.4,1217.6,710.5","912.0,571.0,1219.0,720.0",21814,0.10451081395149231,0.10899248719215393,blue,0.0,0.8311192512512207,0.886747317843967,0.2376230838733274,outputs/frame_checks/test_new_architecture_object/q021/q021_t0004.50_det01_context.png,outputs/frame_checks/test_new_architecture_object/q021/q021_t0004.50_det01_bbox_crop.png,outputs/frame_checks/test_new_architecture_object/q021/q021_t0004.50_det01_sam_mask.png,outputs/frame_checks/test_new_architecture_object/q021/q021_t0004.50_det01_masked_crop.png,outputs/frame_checks/test_new_architecture_object/q021/q021_t0004.50_det01_debug.png
test_new_architecture_object,q020,video_03,5.004,120,1,1,a man with a backpack,,a man with a backpack,0.27476567029953003,"408.0,227.9,428.5,254.1","411.0,226.0,433.0,255.0",283,0.0490633025765419,0.07222390174865723,,,0.3267907500267029,0.33474565082126195,0.02110405778775684,outputs/frame_checks/test_new_architecture_object/q020/q020_t0005.00_det01_context.png,outputs/frame_checks/test_new_architecture_object/q020/q020_t0005.00_det01_bbox_crop.png,outputs/frame_checks/test_new_architecture_object/q020/q020_t0005.00_det01_sam_mask.png,outputs/frame_checks/test_new_architecture_object/q020/q020_t0005.00_det01_masked_crop.png,outputs/frame_checks/test_new_architecture_object/q020/q020_t0005.00_det01_debug.png
test_new_architecture_object,q020,video_03,6.005,144,1,1,a man with a backpack,,a man with a backpack,0.30768561363220215,"433.6,228.6,450.1,249.8","436.0,226.0,451.0,251.0",281,0.05424615740776062,0.07479754835367203,,,0.34518349170684814,0.3322045856051975,0.018551970652457145,outputs/frame_checks/test_new_architecture_object/q020/q020_t0006.01_det01_context.png,outputs/frame_checks/test_new_architecture_object/q020/q020_t0006.01_det01_bbox_crop.png,outputs/frame_checks/test_new_architecture_object/q020/q020_t0006.01_det01_sam_mask.png,outputs/frame_checks/test_new_architecture_object/q020/q020_t0006.01_det01_masked_crop.png,outputs/frame_checks/test_new_architecture_object/q020/q020_t0006.01_det01_debug.png
test_new_architecture_object,q019,video_03,9.008,216,1,3,an elderly woman wearing a blue dress,,an elderly woman wearing a blue dress,0.5445495843887329,"337.1,305.6,366.1,369.9","341.0,313.0,364.0,371.0",971,0.101565882563591,0.06841030716896057,blue,0.016477858647704124,0.2747063636779785,0.46907410091824003,,outputs/frame_checks/test_new_architecture_object/q019/q019_t0009.01_det01_context.png,outputs/frame_checks/test_new_architecture_object/q019/q019_t0009.01_det01_bbox_crop.png,outputs/frame_checks/test_new_architecture_object/q019/q019_t0009.01_det01_sam_mask.png,outputs/frame_checks/test_new_architecture_object/q019/q019_t0009.01_det01_masked_crop.png,outputs/frame_checks/test_new_architecture_object/q019/q019_t0009.01_det01_debug.png
test_new_architecture_object,q021,video_03,10.509,252,1,1,a blue umbrella,,a blue umbrella,0.4123293459415436,"911.4,563.9,1218.3,710.5","913.0,570.0,1220.0,720.0",22003,0.10523946583271027,0.10960311442613602,blue,0.0,0.8319023132324219,0.8849967532687717,0.0014817414159093855,outputs/frame_checks/test_new_architecture_object/q021/q021_t0010.51_det01_context.png,outputs/frame_checks/test_new_architecture_object/q021/q021_t0010.51_det01_bbox_crop.png,outputs/frame_checks/test_new_architecture_object/q021/q021_t0010.51_det01_sam_mask.png,outputs/frame_checks/test_new_architecture_object/q021/q021_t0010.51_det01_masked_crop.png,outputs/frame_checks/test_new_architecture_object/q021/q021_t0010.51_det01_debug.png
test_new_architecture_object,q019,video_03,12.010,288,1,3,an elderly woman wearing a blue dress,,an elderly woman wearing a blue dress,0.25986018776893616,"301.7,338.0,334.9,405.8","307.0,342.0,334.0,405.0",1124,0.08877909183502197,0.07413437217473984,blue,0.0,0.2486788511276245,0.5165283626980252,0.015442688662050164,outputs/frame_checks/test_new_architecture_object/q019/q019_t0012.01_det01_context.png,outputs/frame_checks/test_new_architecture_object/q019/q019_t0012.01_det01_bbox_crop.png,outputs/frame_checks/test_new_architecture_object/q019/q019_t0012.01_det01_sam_mask.png,outputs/frame_checks/test_new_architecture_object/q019/q019_t0012.01_det01_masked_crop.png,outputs/frame_checks/test_new_architecture_object/q019/q019_t0012.01_det01_debug.png
test_new_architecture_object,q019,video_03,12.510,300,1,3,an elderly woman wearing a blue dress,,an elderly woman wearing a blue dress,0.30692699551582336,"294.1,338.5,326.1,408.8","300.0,343.0,323.0,410.0",1109,0.0866905003786087,0.02869630977511406,blue,0.02524797059595585,0.2422726035118103,0.5189908133612738,0.01371498426908351,outputs/frame_checks/test_new_architecture_object/q019/q019_t0012.51_det01_context.png,outputs/frame_checks/test_new_architecture_object/q019/q019_t0012.51_det01_bbox_crop.png,outputs/frame_checks/test_new_architecture_object/q019/q019_t0012.51_det01_sam_mask.png,outputs/frame_checks/test_new_architecture_object/q019/q019_t0012.51_det01_masked_crop.png,outputs/frame_checks/test_new_architecture_object/q019/q019_t0012.51_det01_debug.png
test_new_architecture_object,q020,video_03,13.011,312,1,2,a man with a backpack,,a man with a backpack,0.27258744835853577,"334.5,362.2,350.7,382.6","337.0,355.0,358.0,386.0",490,0.03637539595365524,0.07352015376091003,,,0.26765737533569334,0.5172551896837022,,outputs/frame_checks/test_new_architecture_object/q020/q020_t0013.01_det01_context.png,outputs/frame_checks/test_new_architecture_object/q020/q020_t0013.01_det01_bbox_crop.png,outputs/frame_checks/test_new_architecture_object/q020/q020_t0013.01_det01_sam_mask.png,outputs/frame_checks/test_new_architecture_object/q020/q020_t0013.01_det01_masked_crop.png,outputs/frame_checks/test_new_architecture_object/q020/q020_t0013.01_det01_debug.png
test_new_architecture_object,q021,video_03,14.512,348,1,1,a blue umbrella,,a blue umbrella,0.3934798538684845,"910.9,564.0,1219.5,711.0","913.0,569.0,1220.0,720.0",22349,0.10255212336778641,0.1112891212105751,blue,0.0,0.8321941137313843,0.8854240841335721,0.3643592526880223,outputs/frame_checks/test_new_architecture_object/q021/q021_t0014.51_det01_context.png,outputs/frame_checks/test_new_architecture_object/q021/q021_t0014.51_det01_bbox_crop.png,outputs/frame_checks/test_new_architecture_object/q021/q021_t0014.51_det01_sam_mask.png,outputs/frame_checks/test_new_architecture_object/q021/q021_t0014.51_det01_masked_crop.png,outputs/frame_checks/test_new_architecture_object/q021/q021_t0014.51_det01_debug.png
test_new_architecture_object,q019,video_03,16.514,396,1,5,an elderly woman wearing a blue dress,,an elderly woman wearing a blue dress,0.5611817240715027,"294.2,377.7,327.8,434.5","298.0,381.0,323.0,436.0",1019,0.06858795881271362,0.008252782747149467,blue,0.12659470736980438,0.24296602010726928,0.5640500810411241,0.06425770190891526,outputs/frame_checks/test_new_architecture_object/q019/q019_t0016.51_det01_context.png,outputs/frame_checks/test_new_architecture_object/q019/q019_t0016.51_det01_bbox_crop.png,outputs/frame_checks/test_new_architecture_object/q019/q019_t0016.51_det01_sam_mask.png,outputs/frame_checks/test_new_architecture_object/q019/q019_t0016.51_det01_masked_crop.png,outputs/frame_checks/test_new_architecture_object/q019/q019_t0016.51_det01_debug.png
test_new_architecture_object,q021,video_03,17.515,420,1,2,a blue umbrella,,a blue umbrella,0.2953205108642578,"172.7,428.0,352.9,491.7","176.0,436.0,349.0,489.0",5724,0.11701597273349762,0.11454379558563232,blue,0.0,0.2053229570388794,0.6386749055650499,0.0025687481738917756,outputs/frame_checks/test_new_architecture_object/q021/q021_t0017.51_det01_context.png,outputs/frame_checks/test_new_architecture_object/q021/q021_t0017.51_det01_bbox_crop.png,outputs/frame_checks/test_new_architecture_object/q021/q021_t0017.51_det01_sam_mask.png,outputs/frame_checks/test_new_architecture_object/q021/q021_t0017.51_det01_masked_crop.png,outputs/frame_checks/test_new_architecture_object/q021/q021_t0017.51_det01_debug.png
test_new_architecture_object,q020,video_03,19.516,468,1,5,a man with a backpack,,a man with a backpack,0.265462189912796,"329.4,496.9,354.9,537.4","332.0,497.0,355.0,543.0",826,0.11546014994382858,0.07574427872896194,,,0.267330527305603,0.7182423697577582,,outputs/frame_checks/test_new_architecture_object/q020/q020_t0019.52_det01_context.png,outputs/frame_checks/test_new_architecture_object/q020/q020_t0019.52_det01_bbox_crop.png,outputs/frame_checks/test_new_architecture_object/q020/q020_t0019.52_det01_sam_mask.png,outputs/frame_checks/test_new_architecture_object/q020/q020_t0019.52_det01_masked_crop.png,outputs/frame_checks/test_new_architecture_object/q020/q020_t0019.52_det01_debug.png
test_new_architecture_object,q021,video_03,20.517,492,1,3,a blue umbrella,,a blue umbrella,0.43890395760536194,"911.2,563.6,1216.7,711.3","913.0,569.0,1220.0,720.0",22126,0.10478752106428146,0.10879440605640411,blue,0.0,0.8312090158462524,0.8853210025363498,0.0005983921605414973,outputs/frame_checks/test_new_architecture_object/q021/q021_t0020.52_det01_context.png,outputs/frame_checks/test_new_architecture_object/q021/q021_t0020.52_det01_bbox_crop.png,outputs/frame_checks/test_new_architecture_object/q021/q021_t0020.52_det01_sam_mask.png,outputs/frame_checks/test_new_architecture_object/q021/q021_t0020.52_det01_masked_crop.png,outputs/frame_checks/test_new_architecture_object/q021/q021_t0020.52_det01_debug.png
test_new_architecture_object,q019,video_03,21.018,504,1,6,an elderly woman wearing a blue dress,,an elderly woman wearing a blue dress,0.7478082776069641,"1124.6,224.3,1155.6,279.7","1129.0,229.0,1153.0,278.0",956,0.045950423926115036,0.04648391902446747,blue,0.0062761506997048855,0.8906831741333008,0.35002352396647135,0.02919182718606002,outputs/frame_checks/test_new_architecture_object/q019/q019_t0021.02_det01_context.png,outputs/frame_checks/test_new_architecture_object/q019/q019_t0021.02_det01_bbox_crop.png,outputs/frame_checks/test_new_architecture_object/q019/q019_t0021.02_det01_sam_mask.png,outputs/frame_checks/test_new_architecture_object/q019/q019_t0021.02_det01_masked_crop.png,outputs/frame_checks/test_new_architecture_object/q019/q019_t0021.02_det01_debug.png
test_new_architecture_object,q019,video_03,21.518,516,1,7,an elderly woman wearing a blue dress,,an elderly woman wearing a blue dress,0.2895442545413971,"154.8,421.1,197.6,510.6","162.0,426.0,189.0,507.0",1570,0.056367501616477966,-0.02188451960682869,blue,0.25732484459877014,0.1376611888408661,0.6470434612698025,,outputs/frame_checks/test_new_architecture_object/q019/q019_t0021.52_det01_context.png,outputs/frame_checks/test_new_architecture_object/q019/q019_t0021.52_det01_bbox_crop.png,outputs/frame_checks/test_new_architecture_object/q019/q019_t0021.52_det01_sam_mask.png,outputs/frame_checks/test_new_architecture_object/q019/q019_t0021.52_det01_masked_crop.png,outputs/frame_checks/test_new_architecture_object/q019/q019_t0021.52_det01_debug.png
test_new_architecture_object,q019,video_03,25.021,600,1,9,an elderly woman wearing a blue dress,,an elderly woman wearing a blue dress,0.47631704807281494,"126.1,443.7,165.5,543.6","129.0,447.0,161.0,544.0",2201,0.07570421695709229,0.08984659612178802,blue,0.00908677838742733,0.1138860523700714,0.6856377495659722,0.01784275535641993,outputs/frame_checks/test_new_architecture_object/q019/q019_t0025.02_det01_context.png,outputs/frame_checks/test_new_architecture_object/q019/q019_t0025.02_det01_bbox_crop.png,outputs/frame_checks/test_new_architecture_object/q019/q019_t0025.02_det01_sam_mask.png,outputs/frame_checks/test_new_architecture_object/q019/q019_t0025.02_det01_masked_crop.png,outputs/frame_checks/test_new_architecture_object/q019/q019_t0025.02_det01_debug.png
test_new_architecture_object,q020,video_03,25.021,600,1,7,a man with a backpack,,a man with a backpack,0.30843716859817505,"544.8,574.9,565.8,622.1","542.0,577.0,563.0,625.0",585,0.1278584897518158,0.07301387190818787,,,0.43380539417266845,0.8312521616617838,,outputs/frame_checks/test_new_architecture_object/q020/q020_t0025.02_det01_context.png,outputs/frame_checks/test_new_architecture_object/q020/q020_t0025.02_det01_bbox_crop.png,outputs/frame_checks/test_new_architecture_object/q020/q020_t0025.02_det01_sam_mask.png,outputs/frame_checks/test_new_architecture_object/q020/q020_t0025.02_det01_masked_crop.png,outputs/frame_checks/test_new_architecture_object/q020/q020_t0025.02_det01_debug.png
test_new_architecture_object,q021,video_03,25.480,611,1,3,a blue umbrella,,a blue umbrella,0.4103928208351135,"909.9,563.7,1216.9,710.0","913.0,569.0,1220.0,720.0",23418,0.10469658672809601,0.1150585487484932,blue,0.0,0.8307746171951294,0.8845113966200087,0.39756589284552707,outputs/frame_checks/test_new_architecture_object/q021/q021_t0025.48_det01_context.png,outputs/frame_checks/test_new_architecture_object/q021/q021_t0025.48_det01_bbox_crop.png,outputs/frame_checks/test_new_architecture_object/q021/q021_t0025.48_det01_sam_mask.png,outputs/frame_checks/test_new_architecture_object/q021/q021_t0025.48_det01_masked_crop.png,outputs/frame_checks/test_new_architecture_object/q021/q021_t0025.48_det01_debug.png
test_new_architecture_object,q019,video_03,27.481,659,1,9,an elderly woman wearing a blue dress,,an elderly woman wearing a blue dress,0.45024025440216064,"66.7,469.3,115.0,576.7","73.0,472.0,114.0,576.0",2329,0.07328523695468903,0.09525200724601746,blue,0.024903392419219017,0.07098913788795472,0.7263661702473958,0.03503762968190403,outputs/frame_checks/test_new_architecture_object/q019/q019_t0027.48_det01_context.png,outputs/frame_checks/test_new_architecture_object/q019/q019_t0027.48_det01_bbox_crop.png,outputs/frame_checks/test_new_architecture_object/q019/q019_t0027.48_det01_sam_mask.png,outputs/frame_checks/test_new_architecture_object/q019/q019_t0027.48_det01_masked_crop.png,outputs/frame_checks/test_new_architecture_object/q019/q019_t0027.48_det01_debug.png
test_new_architecture_object,q021,video_03,29.483,707,1,6,a blue umbrella,,a blue umbrella,0.25415074825286865,"6.9,651.5,307.4,716.0","0.0,657.0,308.0,720.0",12710,0.12518854439258575,0.1161159873008728,blue,0.0,0.12274487540125847,0.9497073279486762,,outputs/frame_checks/test_new_architecture_object/q021/q021_t0029.48_det01_context.png,outputs/frame_checks/test_new_architecture_object/q021/q021_t0029.48_det01_bbox_crop.png,outputs/frame_checks/test_new_architecture_object/q021/q021_t0029.48_det01_sam_mask.png,outputs/frame_checks/test_new_architecture_object/q021/q021_t0029.48_det01_masked_crop.png,outputs/frame_checks/test_new_architecture_object/q021/q021_t0029.48_det01_debug.png
test_new_architecture_object,q021,video_03,37.490,899,1,7,a blue umbrella,,a blue umbrella,0.45242658257484436,"910.6,563.0,1218.7,711.3","913.0,568.0,1220.0,720.0",22458,0.10493852943181992,0.10853911191225052,blue,0.0,0.8317354917526245,0.8849613613552517,0.028247917978469414,outputs/frame_checks/test_new_architecture_object/q021/q021_t0037.49_det01_context.png,outputs/frame_checks/test_new_architecture_object/q021/q021_t0037.49_det01_bbox_crop.png,outputs/frame_checks/test_new_architecture_object/q021/q021_t0037.49_det01_sam_mask.png,outputs/frame_checks/test_new_architecture_object/q021/q021_t0037.49_det01_masked_crop.png,outputs/frame_checks/test_new_architecture_object/q021/q021_t0037.49_det01_debug.png
test_new_architecture_object,q020,video_03,59.008,1415,1,11,a man with a backpack,,a man with a backpack,0.26557037234306335,"2.9,490.3,36.7,533.0","5.0,492.0,38.0,533.0",1019,0.13275712728500366,0.08902827650308609,,,0.015482366550713778,0.7106232749091255,,outputs/frame_checks/test_new_architecture_object/q020/q020_t0059.01_det01_context.png,outputs/frame_checks/test_new_architecture_object/q020/q020_t0059.01_det01_bbox_crop.png,outputs/frame_checks/test_new_architecture_object/q020/q020_t0059.01_det01_sam_mask.png,outputs/frame_checks/test_new_architecture_object/q020/q020_t0059.01_det01_masked_crop.png,outputs/frame_checks/test_new_architecture_object/q020/q020_t0059.01_det01_debug.png
test_new_architecture_object,q020,video_03,60.008,1439,1,11,a man with a backpack,,a man with a backpack,0.25625044107437134,"80.1,475.6,110.4,517.4","84.0,471.0,116.0,522.0",1246,0.1087615117430687,0.14240850508213043,,,0.0743790477514267,0.689578013949924,0.06249164140105037,outputs/frame_checks/test_new_architecture_object/q020/q020_t0060.01_det01_context.png,outputs/frame_checks/test_new_architecture_object/q020/q020_t0060.01_det01_bbox_crop.png,outputs/frame_checks/test_new_architecture_object/q020/q020_t0060.01_det01_sam_mask.png,outputs/frame_checks/test_new_architecture_object/q020/q020_t0060.01_det01_masked_crop.png,outputs/frame_checks/test_new_architecture_object/q020/q020_t0060.01_det01_debug.png
test_new_architecture_object,q021,video_03,63.011,1511,1,8,a blue umbrella,,a blue umbrella,0.25452956557273865,"172.2,424.2,353.1,546.0","176.0,434.0,349.0,540.0",5980,0.10927897691726685,0.11854778230190277,blue,0.0,0.20522151589393617,0.6737864176432292,,outputs/frame_checks/test_new_architecture_object/q021/q021_t0063.01_det01_context.png,outputs/frame_checks/test_new_architecture_object/q021/q021_t0063.01_det01_bbox_crop.png,outputs/frame_checks/test_new_architecture_object/q021/q021_t0063.01_det01_sam_mask.png,outputs/frame_checks/test_new_architecture_object/q021/q021_t0063.01_det01_masked_crop.png,outputs/frame_checks/test_new_architecture_object/q021/q021_t0063.01_det01_debug.png
test_new_architecture_object,q021,video_03,68.015,1631,1,11,a blue umbrella,,a blue umbrella,0.47785431146621704,"910.7,562.7,1216.3,710.8","914.0,567.0,1219.0,720.0",21954,0.09881766140460968,0.1073288768529892,blue,0.0,0.8308908462524414,0.8843252817789714,0.0006747772228459961,outputs/frame_checks/test_new_architecture_object/q021/q021_t0068.02_det01_context.png,outputs/frame_checks/test_new_architecture_object/q021/q021_t0068.02_det01_bbox_crop.png,outputs/frame_checks/test_new_architecture_object/q021/q021_t0068.02_det01_sam_mask.png,outputs/frame_checks/test_new_architecture_object/q021/q021_t0068.02_det01_masked_crop.png,outputs/frame_checks/test_new_architecture_object/q021/q021_t0068.02_det01_debug.png
test_new_architecture_object,q019,video_03,73.520,1763,1,18,an elderly woman wearing a blue dress,,an elderly woman wearing a blue dress,0.5863757133483887,"6.2,418.9,46.6,510.1","7.0,422.0,39.0,510.0",1971,0.1453918218612671,0.02767930179834366,blue,0.5778792500495911,0.020634596794843675,0.645137447781033,0.028789869583461348,outputs/frame_checks/test_new_architecture_object/q019/q019_t0073.52_det01_context.png,outputs/frame_checks/test_new_architecture_object/q019/q019_t0073.52_det01_bbox_crop.png,outputs/frame_checks/test_new_architecture_object/q019/q019_t0073.52_det01_sam_mask.png,outputs/frame_checks/test_new_architecture_object/q019/q019_t0073.52_det01_masked_crop.png,outputs/frame_checks/test_new_architecture_object/q019/q019_t0073.52_det01_debug.png
test_new_architecture_object,q019,video_03,75.480,1810,1,18,an elderly woman wearing a blue dress,,an elderly woman wearing a blue dress,0.3744795322418213,"9.5,427.0,52.5,530.4","8.0,430.0,44.0,527.0",2083,0.10415124893188477,0.018106436356902122,blue,0.5280845165252686,0.024229422584176062,0.6648681004842122,0.012751877478185082,outputs/frame_checks/test_new_architecture_object/q019/q019_t0075.48_det01_context.png,outputs/frame_checks/test_new_architecture_object/q019/q019_t0075.48_det01_bbox_crop.png,outputs/frame_checks/test_new_architecture_object/q019/q019_t0075.48_det01_sam_mask.png,outputs/frame_checks/test_new_architecture_object/q019/q019_t0075.48_det01_masked_crop.png,outputs/frame_checks/test_new_architecture_object/q019/q019_t0075.48_det01_debug.png
test_new_architecture_object,q020,video_03,75.480,1810,1,13,a man with a backpack,,a man with a backpack,0.2687997817993164,"80.6,558.3,121.5,608.7","83.0,560.0,123.0,612.0",1335,0.1393311768770218,0.09735924750566483,,,0.07893334329128265,0.8103741963704427,0.07444129283811071,outputs/frame_checks/test_new_architecture_object/q020/q020_t0075.48_det01_context.png,outputs/frame_checks/test_new_architecture_object/q020/q020_t0075.48_det01_bbox_crop.png,outputs/frame_checks/test_new_architecture_object/q020/q020_t0075.48_det01_sam_mask.png,outputs/frame_checks/test_new_architecture_object/q020/q020_t0075.48_det01_masked_crop.png,outputs/frame_checks/test_new_architecture_object/q020/q020_t0075.48_det01_debug.png
test_new_architecture_object,q021,video_03,75.480,1810,1,11,a blue umbrella,,a blue umbrella,0.2512780725955963,"808.8,458.3,1013.2,616.1","815.0,463.0,1012.0,618.0",10028,0.10940490663051605,0.09447050094604492,blue,0.0,0.711724328994751,0.7461432139078776,0.3638448876090802,outputs/frame_checks/test_new_architecture_object/q021/q021_t0075.48_det01_context.png,outputs/frame_checks/test_new_architecture_object/q021/q021_t0075.48_det01_bbox_crop.png,outputs/frame_checks/test_new_architecture_object/q021/q021_t0075.48_det01_sam_mask.png,outputs/frame_checks/test_new_architecture_object/q021/q021_t0075.48_det01_masked_crop.png,outputs/frame_checks/test_new_architecture_object/q021/q021_t0075.48_det01_debug.png
test_new_architecture_object,q020,video_03,75.980,1822,1,13,a man with a backpack,,a man with a backpack,0.31487566232681274,"130.5,557.7,167.5,604.1","133.0,560.0,169.0,602.0",722,0.14299598336219788,0.0699119046330452,,,0.11642265319824219,0.8068190680609809,0.07525223719080547,outputs/frame_checks/test_new_architecture_object/q020/q020_t0075.98_det01_context.png,outputs/frame_checks/test_new_architecture_object/q020/q020_t0075.98_det01_bbox_crop.png,outputs/frame_checks/test_new_architecture_object/q020/q020_t0075.98_det01_sam_mask.png,outputs/frame_checks/test_new_architecture_object/q020/q020_t0075.98_det01_masked_crop.png,outputs/frame_checks/test_new_architecture_object/q020/q020_t0075.98_det01_debug.png
test_new_architecture_object,q020,video_03,76.480,1834,1,13,a man with a backpack,,a man with a backpack,0.2667575776576996,"182.0,552.5,222.5,602.3","185.0,552.0,227.0,599.0",1076,0.13795167207717896,0.056967753916978836,,,0.1580258011817932,0.8020094977484808,0.08369066495791386,outputs/frame_checks/test_new_architecture_object/q020/q020_t0076.48_det01_context.png,outputs/frame_checks/test_new_architecture_object/q020/q020_t0076.48_det01_bbox_crop.png,outputs/frame_checks/test_new_architecture_object/q020/q020_t0076.48_det01_sam_mask.png,outputs/frame_checks/test_new_architecture_object/q020/q020_t0076.48_det01_masked_crop.png,outputs/frame_checks/test_new_architecture_object/q020/q020_t0076.48_det01_debug.png
test_new_architecture_object,q019,video_03,78.982,1894,1,18,an elderly woman wearing a blue dress,,an elderly woman wearing a blue dress,0.535637378692627,"-0.3,453.3,29.4,567.6","0.0,458.0,23.0,565.0",1886,0.06934259086847305,0.09895731508731842,blue,0.3568398654460907,0.011357440240681171,0.7089215596516927,0.035946452339719444,outputs/frame_checks/test_new_architecture_object/q019/q019_t0078.98_det01_context.png,outputs/frame_checks/test_new_architecture_object/q019/q019_t0078.98_det01_bbox_crop.png,outputs/frame_checks/test_new_architecture_object/q019/q019_t0078.98_det01_sam_mask.png,outputs/frame_checks/test_new_architecture_object/q019/q019_t0078.98_det01_masked_crop.png,outputs/frame_checks/test_new_architecture_object/q019/q019_t0078.98_det01_debug.png
test_new_architecture_object,q019,video_03,79.483,1906,1,18,an elderly woman wearing a blue dress,,an elderly woman wearing a blue dress,0.6816532015800476,"-0.3,460.7,31.2,573.9","0.0,465.0,29.0,573.0",2050,0.10971111804246902,0.12771901488304138,blue,0.3541463315486908,0.012061942275613547,0.7184687084621854,0.01913025839305859,outputs/frame_checks/test_new_architecture_object/q019/q019_t0079.48_det01_context.png,outputs/frame_checks/test_new_architecture_object/q019/q019_t0079.48_det01_bbox_crop.png,outputs/frame_checks/test_new_architecture_object/q019/q019_t0079.48_det01_sam_mask.png,outputs/frame_checks/test_new_architecture_object/q019/q019_t0079.48_det01_masked_crop.png,outputs/frame_checks/test_new_architecture_object/q019/q019_t0079.48_det01_debug.png
test_new_architecture_object,q020,video_03,79.983,1918,1,13,a man with a backpack,,a man with a backpack,0.285009503364563,"351.4,559.4,384.7,604.3","355.0,560.0,383.0,603.0",683,0.1434231847524643,0.04582865536212921,,,0.28752740621566775,0.8081275092230903,0.001954289920334018,outputs/frame_checks/test_new_architecture_object/q020/q020_t0079.98_det01_context.png,outputs/frame_checks/test_new_architecture_object/q020/q020_t0079.98_det01_bbox_crop.png,outputs/frame_checks/test_new_architecture_object/q020/q020_t0079.98_det01_sam_mask.png,outputs/frame_checks/test_new_architecture_object/q020/q020_t0079.98_det01_masked_crop.png,outputs/frame_checks/test_new_architecture_object/q020/q020_t0079.98_det01_debug.png
test_new_architecture_object,q019,video_03,81.985,1966,1,18,an elderly woman wearing a blue dress,,an elderly woman wearing a blue dress,0.490235835313797,"62.9,479.2,109.6,596.4","67.0,482.0,102.0,595.0",2779,0.135203555226326,0.15021979808807373,blue,0.2734796702861786,0.06735575199127197,0.7469382392035591,0.026091228537903976,outputs/frame_checks/test_new_architecture_object/q019/q019_t0081.98_det01_context.png,outputs/frame_checks/test_new_architecture_object/q019/q019_t0081.98_det01_bbox_crop.png,outputs/frame_checks/test_new_architecture_object/q019/q019_t0081.98_det01_sam_mask.png,outputs/frame_checks/test_new_architecture_object/q019/q019_t0081.98_det01_masked_crop.png,outputs/frame_checks/test_new_architecture_object/q019/q019_t0081.98_det01_debug.png
test_new_architecture_object,q019,video_03,87.490,2098,1,18,an elderly woman wearing a blue dress,,an elderly woman wearing a blue dress,0.7719504237174988,"199.3,536.1,248.7,666.3","207.0,540.0,243.0,669.0",3233,0.08680618554353714,0.1039113849401474,blue,0.4014846980571747,0.17501204013824462,0.8349822150336371,0.042851935279395806,outputs/frame_checks/test_new_architecture_object/q019/q019_t0087.49_det01_context.png,outputs/frame_checks/test_new_architecture_object/q019/q019_t0087.49_det01_bbox_crop.png,outputs/frame_checks/test_new_architecture_object/q019/q019_t0087.49_det01_sam_mask.png,outputs/frame_checks/test_new_architecture_object/q019/q019_t0087.49_det01_masked_crop.png,outputs/frame_checks/test_new_architecture_object/q019/q019_t0087.49_det01_debug.png
test_new_architecture_object,q019,video_03,88.490,2122,1,18,an elderly woman wearing a blue dress,,an elderly woman wearing a blue dress,0.8653535842895508,"285.0,547.1,345.0,696.6","288.0,549.0,343.0,695.0",3994,0.13001276552677155,0.1363120973110199,blue,0.2160741090774536,0.24607957601547242,0.8636951870388455,0.1256089080601552,outputs/frame_checks/test_new_architecture_object/q019/q019_t0088.49_det01_context.png,outputs/frame_checks/test_new_architecture_object/q019/q019_t0088.49_det01_bbox_crop.png,outputs/frame_checks/test_new_architecture_object/q019/q019_t0088.49_det01_sam_mask.png,outputs/frame_checks/test_new_architecture_object/q019/q019_t0088.49_det01_masked_crop.png,outputs/frame_checks/test_new_architecture_object/q019/q019_t0088.49_det01_debug.png
test_new_architecture_object,q021,video_03,93.495,2242,1,11,a blue umbrella,,a blue umbrella,0.4791632294654846,"910.2,562.6,1218.9,710.8","913.0,567.0,1220.0,720.0",22213,0.10079158842563629,0.1095457673072815,blue,0.0,0.8316710233688355,0.8843004438612196,0.03266267026302675,outputs/frame_checks/test_new_architecture_object/q021/q021_t0093.49_det01_context.png,outputs/frame_checks/test_new_architecture_object/q021/q021_t0093.49_det01_bbox_crop.png,outputs/frame_checks/test_new_architecture_object/q021/q021_t0093.49_det01_sam_mask.png,outputs/frame_checks/test_new_architecture_object/q021/q021_t0093.49_det01_masked_crop.png,outputs/frame_checks/test_new_architecture_object/q021/q021_t0093.49_det01_debug.png
test_new_architecture_object,q020,video_03,111.009,2662,1,22,a man with a backpack,,a man with a backpack,0.3411555886268616,"755.6,221.8,770.7,241.9","750.0,221.0,770.0,244.0",327,0.04544771835207939,0.04354724660515785,,,0.5962103605270386,0.32202135721842445,,outputs/frame_checks/test_new_architecture_object/q020/q020_t0111.01_det01_context.png,outputs/frame_checks/test_new_architecture_object/q020/q020_t0111.01_det01_bbox_crop.png,outputs/frame_checks/test_new_architecture_object/q020/q020_t0111.01_det01_sam_mask.png,outputs/frame_checks/test_new_architecture_object/q020/q020_t0111.01_det01_masked_crop.png,outputs/frame_checks/test_new_architecture_object/q020/q020_t0111.01_det01_debug.png
test_new_architecture_object,q021,video_03,119.016,2854,1,11,a blue umbrella,,a blue umbrella,0.2514432370662689,"809.4,459.0,1013.4,614.5","815.0,464.0,1012.0,618.0",9998,0.11129298806190491,0.08993514627218246,blue,0.0007001400226727128,0.7120351076126099,0.7454697079128689,0.36556926500226883,outputs/frame_checks/test_new_architecture_object/q021/q021_t0119.02_det01_context.png,outputs/frame_checks/test_new_architecture_object/q021/q021_t0119.02_det01_bbox_crop.png,outputs/frame_checks/test_new_architecture_object/q021/q021_t0119.02_det01_sam_mask.png,outputs/frame_checks/test_new_architecture_object/q021/q021_t0119.02_det01_masked_crop.png,outputs/frame_checks/test_new_architecture_object/q021/q021_t0119.02_det01_debug.png
test_new_architecture_object,q019,video_03,151.001,3621,1,50,an elderly woman wearing a blue dress,,an elderly woman wearing a blue dress,0.26561060547828674,"846.9,200.6,867.8,253.5","849.0,206.0,868.0,253.0",562,0.07220589369535446,0.07817978411912918,blue,0.23665480315685272,0.6697707176208496,0.31536388397216797,0.008306841253975008,outputs/frame_checks/test_new_architecture_object/q019/q019_t0151.00_det01_context.png,outputs/frame_checks/test_new_architecture_object/q019/q019_t0151.00_det01_bbox_crop.png,outputs/frame_checks/test_new_architecture_object/q019/q019_t0151.00_det01_sam_mask.png,outputs/frame_checks/test_new_architecture_object/q019/q019_t0151.00_det01_masked_crop.png,outputs/frame_checks/test_new_architecture_object/q019/q019_t0151.00_det01_debug.png
test_new_architecture_object,q021,video_03,151.001,3621,1,11,a blue umbrella,,a blue umbrella,0.38617047667503357,"911.2,561.5,1217.8,711.1","914.0,567.0,1220.0,720.0",21853,0.10449933260679245,0.10767518728971481,blue,0.0,0.8316262722015381,0.8837003495958117,0.0011001311775421271,outputs/frame_checks/test_new_architecture_object/q021/q021_t0151.00_det01_context.png,outputs/frame_checks/test_new_architecture_object/q021/q021_t0151.00_det01_bbox_crop.png,outputs/frame_checks/test_new_architecture_object/q021/q021_t0151.00_det01_sam_mask.png,outputs/frame_checks/test_new_architecture_object/q021/q021_t0151.00_det01_masked_crop.png,outputs/frame_checks/test_new_architecture_object/q021/q021_t0151.00_det01_debug.png
test_new_architecture_object,q020,video_03,151.501,3633,1,30,a man with a backpack,,a man with a backpack,0.264323353767395,"126.0,365.6,140.2,387.3","126.0,363.0,138.0,386.0",213,0.04267275705933571,0.06705421209335327,,,0.10396613478660584,0.5228000428941515,0.027992012875787585,outputs/frame_checks/test_new_architecture_object/q020/q020_t0151.50_det01_context.png,outputs/frame_checks/test_new_architecture_object/q020/q020_t0151.50_det01_bbox_crop.png,outputs/frame_checks/test_new_architecture_object/q020/q020_t0151.50_det01_sam_mask.png,outputs/frame_checks/test_new_architecture_object/q020/q020_t0151.50_det01_masked_crop.png,outputs/frame_checks/test_new_architecture_object/q020/q020_t0151.50_det01_debug.png
test_new_architecture_object,q020,video_03,173.019,4149,1,31,a man with a backpack,,a man with a backpack,0.2782839238643646,"155.4,479.6,186.4,528.9","162.0,480.0,191.0,530.0",1136,0.14011140167713165,0.15064793825149536,,,0.13353846669197084,0.7003455056084527,0.0570972753902249,outputs/frame_checks/test_new_architecture_object/q020/q020_t0173.02_det01_context.png,outputs/frame_checks/test_new_architecture_object/q020/q020_t0173.02_det01_bbox_crop.png,outputs/frame_checks/test_new_architecture_object/q020/q020_t0173.02_det01_sam_mask.png,outputs/frame_checks/test_new_architecture_object/q020/q020_t0173.02_det01_masked_crop.png,outputs/frame_checks/test_new_architecture_object/q020/q020_t0173.02_det01_debug.png
test_new_architecture_object,q021,video_03,209.008,5012,1,13,a blue umbrella,,a blue umbrella,0.2794816493988037,"811.0,458.3,1014.0,613.8","815.0,462.0,1012.0,616.0",9941,0.10681132227182388,0.084794782102108,blue,0.0009053415269590914,0.7128851413726807,0.7445176018608941,0.00018090348296254867,outputs/frame_checks/test_new_architecture_object/q021/q021_t0209.01_det01_context.png,outputs/frame_checks/test_new_architecture_object/q021/q021_t0209.01_det01_bbox_crop.png,outputs/frame_checks/test_new_architecture_object/q021/q021_t0209.01_det01_sam_mask.png,outputs/frame_checks/test_new_architecture_object/q021/q021_t0209.01_det01_masked_crop.png,outputs/frame_checks/test_new_architecture_object/q021/q021_t0209.01_det01_debug.png
test_new_architecture_object,q028,video_04,0.000,0,1,1,a gun,,a gun,0.7161087393760681,"178.8,58.0,239.2,218.9","182.0,60.0,237.0,218.0",3529,0.0357556976377964,0.06255659461021423,,,0.32655519247055054,0.3846350087059869,,outputs/frame_checks/test_new_architecture_object/q028/q028_t0000.00_det01_context.png,outputs/frame_checks/test_new_architecture_object/q028/q028_t0000.00_det01_bbox_crop.png,outputs/frame_checks/test_new_architecture_object/q028/q028_t0000.00_det01_sam_mask.png,outputs/frame_checks/test_new_architecture_object/q028/q028_t0000.00_det01_masked_crop.png,outputs/frame_checks/test_new_architecture_object/q028/q028_t0000.00_det01_debug.png
test_new_architecture_object,q028,video_04,5.000,75,1,2,a gun,,a gun,0.26134732365608215,"26.8,268.6,76.7,356.6","30.0,269.0,75.0,360.0",2681,0.06989850103855133,0.06352487206459045,,,0.08084580898284913,0.8682689666748047,,outputs/frame_checks/test_new_architecture_object/q028/q028_t0005.00_det01_context.png,outputs/frame_checks/test_new_architecture_object/q028/q028_t0005.00_det01_bbox_crop.png,outputs/frame_checks/test_new_architecture_object/q028/q028_t0005.00_det01_sam_mask.png,outputs/frame_checks/test_new_architecture_object/q028/q028_t0005.00_det01_masked_crop.png,outputs/frame_checks/test_new_architecture_object/q028/q028_t0005.00_det01_debug.png
test_new_architecture_object,q028,video_04,6.533,98,1,2,a gun,,a gun,0.25941890478134155,"26.7,268.5,76.1,356.7","30.0,269.0,74.0,360.0",2640,0.06891987472772598,0.06594651192426682,,,0.08027207106351852,0.8683571709526909,0.0006162594695322367,outputs/frame_checks/test_new_architecture_object/q028/q028_t0006.53_det01_context.png,outputs/frame_checks/test_new_architecture_object/q028/q028_t0006.53_det01_bbox_crop.png,outputs/frame_checks/test_new_architecture_object/q028/q028_t0006.53_det01_sam_mask.png,outputs/frame_checks/test_new_architecture_object/q028/q028_t0006.53_det01_masked_crop.png,outputs/frame_checks/test_new_architecture_object/q028/q028_t0006.53_det01_debug.png
test_new_architecture_object,q029,video_04,7.000,105,1,1,a man wearing a red jacket,,a man wearing a red jacket,0.339383602142334,"183.4,81.3,254.0,274.2","185.0,80.0,254.0,273.0",2544,0.10517226159572601,0.06417436897754669,red,0.27358490228652954,0.3416942596435547,0.4936886575486925,,outputs/frame_checks/test_new_architecture_object/q029/q029_t0007.00_det01_context.png,outputs/frame_checks/test_new_architecture_object/q029/q029_t0007.00_det01_bbox_crop.png,outputs/frame_checks/test_new_architecture_object/q029/q029_t0007.00_det01_sam_mask.png,outputs/frame_checks/test_new_architecture_object/q029/q029_t0007.00_det01_masked_crop.png,outputs/frame_checks/test_new_architecture_object/q029/q029_t0007.00_det01_debug.png
test_new_architecture_object,q029,video_04,7.533,113,1,1,a man wearing a red jacket,,a man wearing a red jacket,0.3169580101966858,"201.2,99.2,264.1,224.2","204.0,100.0,262.0,226.0",4555,0.16775503754615784,0.0678878128528595,red,0.9701427221298218,0.3635112762451172,0.4492008421156142,0.09290564773536411,outputs/frame_checks/test_new_architecture_object/q029/q029_t0007.53_det01_context.png,outputs/frame_checks/test_new_architecture_object/q029/q029_t0007.53_det01_bbox_crop.png,outputs/frame_checks/test_new_architecture_object/q029/q029_t0007.53_det01_sam_mask.png,outputs/frame_checks/test_new_architecture_object/q029/q029_t0007.53_det01_masked_crop.png,outputs/frame_checks/test_new_architecture_object/q029/q029_t0007.53_det01_debug.png
test_new_architecture_object,q029,video_04,8.000,120,1,1,a man wearing a red jacket,,a man wearing a red jacket,0.3081659972667694,"238.3,106.4,303.9,242.8","240.0,106.0,301.0,245.0",4788,0.14654329419136047,0.0705532357096672,red,0.9517543911933899,0.42361042499542234,0.48500523037380644,0.14990671404711214,outputs/frame_checks/test_new_architecture_object/q029/q029_t0008.00_det01_context.png,outputs/frame_checks/test_new_architecture_object/q029/q029_t0008.00_det01_bbox_crop.png,outputs/frame_checks/test_new_architecture_object/q029/q029_t0008.00_det01_sam_mask.png,outputs/frame_checks/test_new_architecture_object/q029/q029_t0008.00_det01_masked_crop.png,outputs/frame_checks/test_new_architecture_object/q029/q029_t0008.00_det01_debug.png
test_new_architecture_object,q029,video_04,9.000,135,1,1,a man wearing a red jacket,,a man wearing a red jacket,0.3435613811016083,"305.0,124.5,395.4,301.2","307.0,126.0,393.0,302.0",7597,0.14765024185180664,0.07002623379230499,red,0.9794656038284302,0.5471190214157104,0.5912690374586317,0.1805968991937249,outputs/frame_checks/test_new_architecture_object/q029/q029_t0009.00_det01_context.png,outputs/frame_checks/test_new_architecture_object/q029/q029_t0009.00_det01_bbox_crop.png,outputs/frame_checks/test_new_architecture_object/q029/q029_t0009.00_det01_sam_mask.png,outputs/frame_checks/test_new_architecture_object/q029/q029_t0009.00_det01_masked_crop.png,outputs/frame_checks/test_new_architecture_object/q029/q029_t0009.00_det01_debug.png
test_new_architecture_object,q029,video_04,9.533,143,1,1,a man wearing a red jacket,,a man wearing a red jacket,0.3367677628993988,"320.4,101.3,436.4,351.4","324.0,104.0,432.0,356.0",11993,0.14250242710113525,0.13773459196090698,red,0.7240890264511108,0.5912729978561402,0.6287918620639377,0.10864597002235685,outputs/frame_checks/test_new_architecture_object/q029/q029_t0009.53_det01_context.png,outputs/frame_checks/test_new_architecture_object/q029/q029_t0009.53_det01_bbox_crop.png,outputs/frame_checks/test_new_architecture_object/q029/q029_t0009.53_det01_sam_mask.png,outputs/frame_checks/test_new_architecture_object/q029/q029_t0009.53_det01_masked_crop.png,outputs/frame_checks/test_new_architecture_object/q029/q029_t0009.53_det01_debug.png
test_new_architecture_object,q028,video_04,10.000,150,1,5,a gun,,a gun,0.3614446222782135,"416.2,232.2,452.3,268.3","415.0,233.0,450.0,270.0",664,0.0501517578959465,0.011553527787327766,,,0.6785326480865479,0.6951842837863498,,outputs/frame_checks/test_new_architecture_object/q028/q028_t0010.00_det01_context.png,outputs/frame_checks/test_new_architecture_object/q028/q028_t0010.00_det01_bbox_crop.png,outputs/frame_checks/test_new_architecture_object/q028/q028_t0010.00_det01_sam_mask.png,outputs/frame_checks/test_new_architecture_object/q028/q028_t0010.00_det01_masked_crop.png,outputs/frame_checks/test_new_architecture_object/q028/q028_t0010.00_det01_debug.png
test_new_architecture_object,q028,video_04,10.533,158,1,6,a gun,,a gun,0.2556048631668091,"14.3,207.1,89.6,354.5","13.0,210.0,89.0,360.0",7310,0.04696105793118477,0.06736285239458084,,,0.08113862425088883,0.780008527967665,,outputs/frame_checks/test_new_architecture_object/q028/q028_t0010.53_det01_context.png,outputs/frame_checks/test_new_architecture_object/q028/q028_t0010.53_det01_bbox_crop.png,outputs/frame_checks/test_new_architecture_object/q028/q028_t0010.53_det01_sam_mask.png,outputs/frame_checks/test_new_architecture_object/q028/q028_t0010.53_det01_masked_crop.png,outputs/frame_checks/test_new_architecture_object/q028/q028_t0010.53_det01_debug.png
test_new_architecture_object,q029,video_04,10.533,158,1,1,a man wearing a red jacket,,a man wearing a red jacket,0.4373428225517273,"360.9,147.4,520.8,356.6","363.0,149.0,517.0,360.0",20237,0.1670287847518921,0.1427125185728073,red,0.7408212423324585,0.6887781143188476,0.7000158309936524,0.1327034075867848,outputs/frame_checks/test_new_architecture_object/q029/q029_t0010.53_det01_context.png,outputs/frame_checks/test_new_architecture_object/q029/q029_t0010.53_det01_bbox_crop.png,outputs/frame_checks/test_new_architecture_object/q029/q029_t0010.53_det01_sam_mask.png,outputs/frame_checks/test_new_architecture_object/q029/q029_t0010.53_det01_masked_crop.png,outputs/frame_checks/test_new_architecture_object/q029/q029_t0010.53_det01_debug.png
test_new_architecture_object,q028,video_04,12.533,188,1,10,a gun,,a gun,0.27738332748413086,"13.7,206.1,89.9,355.0","13.0,210.0,89.0,360.0",7606,0.044057030230760574,0.07293016463518143,,,0.08088696002960205,0.7793072806464301,,outputs/frame_checks/test_new_architecture_object/q028/q028_t0012.53_det01_context.png,outputs/frame_checks/test_new_architecture_object/q028/q028_t0012.53_det01_bbox_crop.png,outputs/frame_checks/test_new_architecture_object/q028/q028_t0012.53_det01_sam_mask.png,outputs/frame_checks/test_new_architecture_object/q028/q028_t0012.53_det01_masked_crop.png,outputs/frame_checks/test_new_architecture_object/q028/q028_t0012.53_det01_debug.png
test_new_architecture_object,q028,video_04,13.533,203,1,10,a gun,,a gun,0.26360756158828735,"25.5,267.5,77.3,358.4","30.0,269.0,75.0,360.0",3058,0.06350891292095184,0.07865234464406967,,,0.08032108843326569,0.8692493438720703,0.16791608527002716,outputs/frame_checks/test_new_architecture_object/q028/q028_t0013.53_det01_context.png,outputs/frame_checks/test_new_architecture_object/q028/q028_t0013.53_det01_bbox_crop.png,outputs/frame_checks/test_new_architecture_object/q028/q028_t0013.53_det01_sam_mask.png,outputs/frame_checks/test_new_architecture_object/q028/q028_t0013.53_det01_masked_crop.png,outputs/frame_checks/test_new_architecture_object/q028/q028_t0013.53_det01_debug.png
test_new_architecture_object,q028,video_04,15.000,225,1,11,a gun,,a gun,0.2984495759010315,"55.3,45.5,161.8,250.3","53.0,39.0,172.0,262.0",15329,0.09821487218141556,0.057322584092617035,,,0.16965657472610474,0.41082810825771754,,outputs/frame_checks/test_new_architecture_object/q028/q028_t0015.00_det01_context.png,outputs/frame_checks/test_new_architecture_object/q028/q028_t0015.00_det01_bbox_crop.png,outputs/frame_checks/test_new_architecture_object/q028/q028_t0015.00_det01_sam_mask.png,outputs/frame_checks/test_new_architecture_object/q028/q028_t0015.00_det01_masked_crop.png,outputs/frame_checks/test_new_architecture_object/q028/q028_t0015.00_det01_debug.png
test_new_architecture_object,q028,video_04,16.533,248,1,12,a gun,,a gun,0.2521474361419678,"145.6,111.5,169.1,137.7","146.0,114.0,167.0,138.0",283,0.08476579934358597,0.09729659557342529,,,0.24580225944519044,0.3461208979288737,0.46803428844399186,outputs/frame_checks/test_new_architecture_object/q028/q028_t0016.53_det01_context.png,outputs/frame_checks/test_new_architecture_object/q028/q028_t0016.53_det01_bbox_crop.png,outputs/frame_checks/test_new_architecture_object/q028/q028_t0016.53_det01_sam_mask.png,outputs/frame_checks/test_new_architecture_object/q028/q028_t0016.53_det01_masked_crop.png,outputs/frame_checks/test_new_architecture_object/q028/q028_t0016.53_det01_debug.png
test_new_architecture_object,q029,video_04,16.533,248,1,2,a man wearing a red jacket,,a man wearing a red jacket,0.2948475480079651,"221.7,36.0,250.9,88.1","225.0,36.0,250.0,87.0",947,0.08449399471282959,-0.03446872904896736,red,0.0,0.36924090385437014,0.1724300808376736,0.12990959825372494,outputs/frame_checks/test_new_architecture_object/q029/q029_t0016.53_det01_context.png,outputs/frame_checks/test_new_architecture_object/q029/q029_t0016.53_det01_bbox_crop.png,outputs/frame_checks/test_new_architecture_object/q029/q029_t0016.53_det01_sam_mask.png,outputs/frame_checks/test_new_architecture_object/q029/q029_t0016.53_det01_masked_crop.png,outputs/frame_checks/test_new_architecture_object/q029/q029_t0016.53_det01_debug.png
test_new_architecture_object,q029,video_04,17.000,255,1,2,a man wearing a red jacket,,a man wearing a red jacket,0.29354679584503174,"180.9,41.9,220.4,95.5","189.0,42.0,219.0,96.0",1118,0.07520131021738052,-0.048118360340595245,red,0.0,0.3135172605514526,0.1909476704067654,0.12582891943772953,outputs/frame_checks/test_new_architecture_object/q029/q029_t0017.00_det01_context.png,outputs/frame_checks/test_new_architecture_object/q029/q029_t0017.00_det01_bbox_crop.png,outputs/frame_checks/test_new_architecture_object/q029/q029_t0017.00_det01_sam_mask.png,outputs/frame_checks/test_new_architecture_object/q029/q029_t0017.00_det01_masked_crop.png,outputs/frame_checks/test_new_architecture_object/q029/q029_t0017.00_det01_debug.png
test_new_architecture_object,q029,video_04,19.533,293,1,3,a man wearing a red jacket,,a man wearing a red jacket,0.4366147816181183,"371.6,88.2,519.8,358.1","377.0,95.0,517.0,360.0",26820,0.14438408613204956,0.15259596705436707,red,0.9315436482429504,0.6963661909103394,0.6198507626851399,0.10495967702310394,outputs/frame_checks/test_new_architecture_object/q029/q029_t0019.53_det01_context.png,outputs/frame_checks/test_new_architecture_object/q029/q029_t0019.53_det01_bbox_crop.png,outputs/frame_checks/test_new_architecture_object/q029/q029_t0019.53_det01_sam_mask.png,outputs/frame_checks/test_new_architecture_object/q029/q029_t0019.53_det01_masked_crop.png,outputs/frame_checks/test_new_architecture_object/q029/q029_t0019.53_det01_debug.png
test_new_architecture_object,q028,video_04,20.000,300,1,17,a gun,,a gun,0.2581051290035248,"96.9,111.6,177.1,264.2","101.0,119.0,165.0,262.0",4342,0.03865605220198631,0.0876682698726654,,,0.21406683921813965,0.5218981213039822,,outputs/frame_checks/test_new_architecture_object/q028/q028_t0020.00_det01_context.png,outputs/frame_checks/test_new_architecture_object/q028/q028_t0020.00_det01_bbox_crop.png,outputs/frame_checks/test_new_architecture_object/q028/q028_t0020.00_det01_sam_mask.png,outputs/frame_checks/test_new_architecture_object/q028/q028_t0020.00_det01_masked_crop.png,outputs/frame_checks/test_new_architecture_object/q028/q028_t0020.00_det01_debug.png
test_new_architecture_object,q028,video_04,22.000,330,1,18,a gun,,a gun,0.8500787615776062,"240.7,64.4,326.2,260.9","242.0,64.0,325.0,260.0",8036,0.03079453483223915,0.03733181953430176,,,0.44283998012542725,0.4518024656507704,0.39672294953363124,outputs/frame_checks/test_new_architecture_object/q028/q028_t0022.00_det01_context.png,outputs/frame_checks/test_new_architecture_object/q028/q028_t0022.00_det01_bbox_crop.png,outputs/frame_checks/test_new_architecture_object/q028/q028_t0022.00_det01_sam_mask.png,outputs/frame_checks/test_new_architecture_object/q028/q028_t0022.00_det01_masked_crop.png,outputs/frame_checks/test_new_architecture_object/q028/q028_t0022.00_det01_debug.png
test_new_architecture_object,q029,video_04,22.533,338,1,3,a man wearing a red jacket,,a man wearing a red jacket,0.31290239095687866,"204.4,81.9,263.1,128.8","210.0,84.0,263.0,127.0",1063,0.14413779973983765,0.01814236305654049,red,0.9840075373649597,0.365187406539917,0.292650752597385,0.21142742513288618,outputs/frame_checks/test_new_architecture_object/q029/q029_t0022.53_det01_context.png,outputs/frame_checks/test_new_architecture_object/q029/q029_t0022.53_det01_bbox_crop.png,outputs/frame_checks/test_new_architecture_object/q029/q029_t0022.53_det01_sam_mask.png,outputs/frame_checks/test_new_architecture_object/q029/q029_t0022.53_det01_masked_crop.png,outputs/frame_checks/test_new_architecture_object/q029/q029_t0022.53_det01_debug.png
test_new_architecture_object,q028,video_04,26.533,398,1,20,a gun,,a gun,0.8697847723960876,"218.0,17.9,273.1,163.6","223.0,20.0,271.0,163.0",3323,0.03977843374013901,0.04870396852493286,,,0.38366472721099854,0.2520890500810411,0.1047386989706252,outputs/frame_checks/test_new_architecture_object/q028/q028_t0026.53_det01_context.png,outputs/frame_checks/test_new_architecture_object/q028/q028_t0026.53_det01_bbox_crop.png,outputs/frame_checks/test_new_architecture_object/q028/q028_t0026.53_det01_sam_mask.png,outputs/frame_checks/test_new_architecture_object/q028/q028_t0026.53_det01_masked_crop.png,outputs/frame_checks/test_new_architecture_object/q028/q028_t0026.53_det01_debug.png
test_new_architecture_object,q028,video_04,38.533,578,1,24,a gun,,a gun,0.2525941729545593,"219.6,95.9,250.8,131.1","223.0,96.0,250.0,131.0",756,0.058202389627695084,0.10699769854545593,,,0.3675020098686218,0.3151752789815267,0.22113391171521363,outputs/frame_checks/test_new_architecture_object/q028/q028_t0038.53_det01_context.png,outputs/frame_checks/test_new_architecture_object/q028/q028_t0038.53_det01_bbox_crop.png,outputs/frame_checks/test_new_architecture_object/q028/q028_t0038.53_det01_sam_mask.png,outputs/frame_checks/test_new_architecture_object/q028/q028_t0038.53_det01_masked_crop.png,outputs/frame_checks/test_new_architecture_object/q028/q028_t0038.53_det01_debug.png
test_new_architecture_object,q029,video_04,52.000,780,1,8,a man wearing a red jacket,,a man wearing a red jacket,0.4454827606678009,"344.2,75.9,458.7,356.8","346.0,80.0,457.0,360.0",19534,0.1466410756111145,0.14168839156627655,red,0.7882665991783142,0.6272284984588623,0.6009763717651367,0.0565586359354082,outputs/frame_checks/test_new_architecture_object/q029/q029_t0052.00_det01_context.png,outputs/frame_checks/test_new_architecture_object/q029/q029_t0052.00_det01_bbox_crop.png,outputs/frame_checks/test_new_architecture_object/q029/q029_t0052.00_det01_sam_mask.png,outputs/frame_checks/test_new_architecture_object/q029/q029_t0052.00_det01_masked_crop.png,outputs/frame_checks/test_new_architecture_object/q029/q029_t0052.00_det01_debug.png
test_new_architecture_object,q029,video_04,53.000,795,1,8,a man wearing a red jacket,,a man wearing a red jacket,0.32961633801460266,"285.7,55.6,434.9,337.0","317.0,65.0,401.0,327.0",12348,0.14781051874160767,0.15576323866844177,red,0.7334790825843811,0.562903881072998,0.545258363087972,0.09173009973102011,outputs/frame_checks/test_new_architecture_object/q029/q029_t0053.00_det01_context.png,outputs/frame_checks/test_new_architecture_object/q029/q029_t0053.00_det01_bbox_crop.png,outputs/frame_checks/test_new_architecture_object/q029/q029_t0053.00_det01_sam_mask.png,outputs/frame_checks/test_new_architecture_object/q029/q029_t0053.00_det01_masked_crop.png,outputs/frame_checks/test_new_architecture_object/q029/q029_t0053.00_det01_debug.png
test_new_architecture_object,q029,video_04,53.533,803,1,8,a man wearing a red jacket,,a man wearing a red jacket,0.4475497603416443,"304.2,54.5,415.2,281.2","307.0,54.0,413.0,280.0",11470,0.15502819418907166,0.15174728631973267,red,0.740278959274292,0.5620140552520752,0.4663211769527859,0.14801731268909488,outputs/frame_checks/test_new_architecture_object/q029/q029_t0053.53_det01_context.png,outputs/frame_checks/test_new_architecture_object/q029/q029_t0053.53_det01_bbox_crop.png,outputs/frame_checks/test_new_architecture_object/q029/q029_t0053.53_det01_sam_mask.png,outputs/frame_checks/test_new_architecture_object/q029/q029_t0053.53_det01_masked_crop.png,outputs/frame_checks/test_new_architecture_object/q029/q029_t0053.53_det01_debug.png
test_new_architecture_object,q028,video_04,54.000,810,1,37,a gun,,a gun,0.255127876996994,"108.5,143.8,166.7,262.1","115.0,142.0,160.0,262.0",3063,0.044037528336048126,0.06316434592008591,,,0.21501421928405762,0.5638201819525824,,outputs/frame_checks/test_new_architecture_object/q028/q028_t0054.00_det01_context.png,outputs/frame_checks/test_new_architecture_object/q028/q028_t0054.00_det01_bbox_crop.png,outputs/frame_checks/test_new_architecture_object/q028/q028_t0054.00_det01_sam_mask.png,outputs/frame_checks/test_new_architecture_object/q028/q028_t0054.00_det01_masked_crop.png,outputs/frame_checks/test_new_architecture_object/q028/q028_t0054.00_det01_debug.png
test_new_architecture_object,q029,video_04,54.000,810,1,8,a man wearing a red jacket,,a man wearing a red jacket,0.46638309955596924,"276.8,52.5,369.0,256.5","281.0,54.0,367.0,254.0",8757,0.1405446082353592,0.13365694880485535,red,0.7380381226539612,0.5044875621795655,0.4292268223232693,0.1466774668622371,outputs/frame_checks/test_new_architecture_object/q029/q029_t0054.00_det01_context.png,outputs/frame_checks/test_new_architecture_object/q029/q029_t0054.00_det01_bbox_crop.png,outputs/frame_checks/test_new_architecture_object/q029/q029_t0054.00_det01_sam_mask.png,outputs/frame_checks/test_new_architecture_object/q029/q029_t0054.00_det01_masked_crop.png,outputs/frame_checks/test_new_architecture_object/q029/q029_t0054.00_det01_debug.png
test_new_architecture_object,q029,video_04,55.533,833,1,8,a man wearing a red jacket,,a man wearing a red jacket,0.4735393822193146,"226.3,43.2,299.1,216.6","231.0,47.0,298.0,215.0",5699,0.14316481351852417,0.1457880139350891,red,0.8066327571868896,0.41044795513153076,0.3607871903313531,0.0733456496750305,outputs/frame_checks/test_new_architecture_object/q029/q029_t0055.53_det01_context.png,outputs/frame_checks/test_new_architecture_object/q029/q029_t0055.53_det01_bbox_crop.png,outputs/frame_checks/test_new_architecture_object/q029/q029_t0055.53_det01_sam_mask.png,outputs/frame_checks/test_new_architecture_object/q029/q029_t0055.53_det01_masked_crop.png,outputs/frame_checks/test_new_architecture_object/q029/q029_t0055.53_det01_debug.png
test_new_architecture_object,q029,video_04,57.000,855,1,8,a man wearing a red jacket,,a man wearing a red jacket,0.36913612484931946,"210.7,29.4,300.2,185.6","206.0,36.0,299.0,173.0",4943,0.1645686775445938,0.1582217961549759,red,0.6198664903640747,0.3991454362869263,0.298501541879442,0.0906154209353774,outputs/frame_checks/test_new_architecture_object/q029/q029_t0057.00_det01_context.png,outputs/frame_checks/test_new_architecture_object/q029/q029_t0057.00_det01_bbox_crop.png,outputs/frame_checks/test_new_architecture_object/q029/q029_t0057.00_det01_sam_mask.png,outputs/frame_checks/test_new_architecture_object/q029/q029_t0057.00_det01_masked_crop.png,outputs/frame_checks/test_new_architecture_object/q029/q029_t0057.00_det01_debug.png
test_new_architecture_object,q028,video_04,65.000,975,1,44,a gun,,a gun,0.26068323850631714,"145.5,111.2,169.3,138.7","140.0,111.0,167.0,139.0",442,0.09034200757741928,0.1116567999124527,,,0.24598153829574584,0.3470917701721191,0.3329419066285285,outputs/frame_checks/test_new_architecture_object/q028/q028_t0065.00_det01_context.png,outputs/frame_checks/test_new_architecture_object/q028/q028_t0065.00_det01_bbox_crop.png,outputs/frame_checks/test_new_architecture_object/q028/q028_t0065.00_det01_sam_mask.png,outputs/frame_checks/test_new_architecture_object/q028/q028_t0065.00_det01_masked_crop.png,outputs/frame_checks/test_new_architecture_object/q028/q028_t0065.00_det01_debug.png
test_new_architecture_object,q029,video_04,65.533,983,1,11,a man wearing a red jacket,,a man wearing a red jacket,0.7048383355140686,"180.6,53.7,249.0,239.5","184.0,56.0,247.0,238.0",4314,0.13830846548080444,0.14250043034553528,red,0.46569308638572693,0.3356736898422241,0.40719779862297906,0.2564572935770514,outputs/frame_checks/test_new_architecture_object/q029/q029_t0065.53_det01_context.png,outputs/frame_checks/test_new_architecture_object/q029/q029_t0065.53_det01_bbox_crop.png,outputs/frame_checks/test_new_architecture_object/q029/q029_t0065.53_det01_sam_mask.png,outputs/frame_checks/test_new_architecture_object/q029/q029_t0065.53_det01_masked_crop.png,outputs/frame_checks/test_new_architecture_object/q029/q029_t0065.53_det01_debug.png
test_new_architecture_object,q028,video_04,77.000,1155,1,49,a gun,,a gun,0.8740323781967163,"184.3,79.8,297.9,319.8","192.0,81.0,299.0,316.0",10953,0.07446741312742233,0.0731566846370697,,,0.3767558574676514,0.5549115922715929,0.48291783694924,outputs/frame_checks/test_new_architecture_object/q028/q028_t0077.00_det01_context.png,outputs/frame_checks/test_new_architecture_object/q028/q028_t0077.00_det01_bbox_crop.png,outputs/frame_checks/test_new_architecture_object/q028/q028_t0077.00_det01_sam_mask.png,outputs/frame_checks/test_new_architecture_object/q028/q028_t0077.00_det01_masked_crop.png,outputs/frame_checks/test_new_architecture_object/q028/q028_t0077.00_det01_debug.png
test_new_architecture_object,q028,video_04,79.000,1185,1,50,a gun,,a gun,0.9060009717941284,"203.2,82.8,340.6,359.5","206.0,92.0,349.0,360.0",20396,0.0882093608379364,0.10961426794528961,,,0.4247714877128601,0.614188183678521,0.27510989457920376,outputs/frame_checks/test_new_architecture_object/q028/q028_t0079.00_det01_context.png,outputs/frame_checks/test_new_architecture_object/q028/q028_t0079.00_det01_bbox_crop.png,outputs/frame_checks/test_new_architecture_object/q028/q028_t0079.00_det01_sam_mask.png,outputs/frame_checks/test_new_architecture_object/q028/q028_t0079.00_det01_masked_crop.png,outputs/frame_checks/test_new_architecture_object/q028/q028_t0079.00_det01_debug.png
test_new_architecture_object,q028,video_04,80.000,1200,1,50,a gun,,a gun,0.9154913425445557,"206.7,70.5,322.8,357.1","208.0,72.0,319.0,360.0",16527,0.06378714740276337,0.06698952615261078,,,0.4136399507522583,0.5938753657870822,0.026713935530362432,outputs/frame_checks/test_new_architecture_object/q028/q028_t0080.00_det01_context.png,outputs/frame_checks/test_new_architecture_object/q028/q028_t0080.00_det01_bbox_crop.png,outputs/frame_checks/test_new_architecture_object/q028/q028_t0080.00_det01_sam_mask.png,outputs/frame_checks/test_new_architecture_object/q028/q028_t0080.00_det01_masked_crop.png,outputs/frame_checks/test_new_architecture_object/q028/q028_t0080.00_det01_debug.png
test_new_architecture_object,q028,video_04,80.533,1208,1,50,a gun,,a gun,0.9181144833564758,"219.4,65.7,341.6,351.8","221.0,69.0,339.0,351.0",14743,0.08546113967895508,0.07556702196598053,,,0.43826847076416015,0.5798709551493327,0.053122259225906396,outputs/frame_checks/test_new_architecture_object/q028/q028_t0080.53_det01_context.png,outputs/frame_checks/test_new_architecture_object/q028/q028_t0080.53_det01_bbox_crop.png,outputs/frame_checks/test_new_architecture_object/q028/q028_t0080.53_det01_sam_mask.png,outputs/frame_checks/test_new_architecture_object/q028/q028_t0080.53_det01_masked_crop.png,outputs/frame_checks/test_new_architecture_object/q028/q028_t0080.53_det01_debug.png
test_new_architecture_object,q028,video_04,85.000,1275,1,51,a gun,,a gun,0.9276532530784607,"341.6,26.8,412.8,221.6","342.0,28.0,411.0,220.0",6098,0.04252937436103821,0.044001027941703796,,,0.5893827676773071,0.3450086567136976,0.3285849369881027,outputs/frame_checks/test_new_architecture_object/q028/q028_t0085.00_det01_context.png,outputs/frame_checks/test_new_architecture_object/q028/q028_t0085.00_det01_bbox_crop.png,outputs/frame_checks/test_new_architecture_object/q028/q028_t0085.00_det01_sam_mask.png,outputs/frame_checks/test_new_architecture_object/q028/q028_t0085.00_det01_masked_crop.png,outputs/frame_checks/test_new_architecture_object/q028/q028_t0085.00_det01_debug.png
test_new_architecture_object,q029,video_04,95.533,1433,1,17,a man wearing a red jacket,,a man wearing a red jacket,0.2838853597640991,"199.6,99.4,261.2,186.8","203.0,103.0,258.0,185.0",3274,0.07260817289352417,-0.07479237020015717,red,0.0,0.3600659132003784,0.3974451700846354,,outputs/frame_checks/test_new_architecture_object/q029/q029_t0095.53_det01_context.png,outputs/frame_checks/test_new_architecture_object/q029/q029_t0095.53_det01_bbox_crop.png,outputs/frame_checks/test_new_architecture_object/q029/q029_t0095.53_det01_sam_mask.png,outputs/frame_checks/test_new_architecture_object/q029/q029_t0095.53_det01_masked_crop.png,outputs/frame_checks/test_new_architecture_object/q029/q029_t0095.53_det01_debug.png
test_new_architecture_object,q029,video_04,107.999,1620,1,18,a man wearing a red jacket,,a man wearing a red jacket,0.26668572425842285,"413.8,58.3,513.5,168.4","416.0,64.0,512.0,167.0",7042,0.05963187292218208,0.0385700985789299,red,0.0,0.7244316577911377,0.31487133767869735,0.021770924959914992,outputs/frame_checks/test_new_architecture_object/q029/q029_t0108.00_det01_context.png,outputs/frame_checks/test_new_architecture_object/q029/q029_t0108.00_det01_bbox_crop.png,outputs/frame_checks/test_new_architecture_object/q029/q029_t0108.00_det01_sam_mask.png,outputs/frame_checks/test_new_architecture_object/q029/q029_t0108.00_det01_masked_crop.png,outputs/frame_checks/test_new_architecture_object/q029/q029_t0108.00_det01_debug.png
test_new_architecture_object,q029,video_04,161.999,2430,1,24,a man wearing a red jacket,,a man wearing a red jacket,0.2772924304008484,"27.7,267.3,75.8,358.0","30.0,269.0,74.0,360.0",2814,0.0436086505651474,0.03914930671453476,red,0.0,0.0808773696422577,0.868494160970052,0.01597337553245289,outputs/frame_checks/test_new_architecture_object/q029/q029_t0162.00_det01_context.png,outputs/frame_checks/test_new_architecture_object/q029/q029_t0162.00_det01_bbox_crop.png,outputs/frame_checks/test_new_architecture_object/q029/q029_t0162.00_det01_sam_mask.png,outputs/frame_checks/test_new_architecture_object/q029/q029_t0162.00_det01_masked_crop.png,outputs/frame_checks/test_new_architecture_object/q029/q029_t0162.00_det01_debug.png
test_new_architecture_object,q037,video_05,0.000,0,1,1,a man wearing a yellow shirt,,a man wearing a yellow shirt,0.32473281025886536,"303.7,139.5,317.5,179.9","306.0,140.0,317.0,179.0",362,0.05677155777812004,0.018452437594532967,yellow,0.1464088410139084,0.9706206321716309,0.6654581387837728,,outputs/frame_checks/test_new_architecture_object/q037/q037_t0000.00_det01_context.png,outputs/frame_checks/test_new_architecture_object/q037/q037_t0000.00_det01_bbox_crop.png,outputs/frame_checks/test_new_architecture_object/q037/q037_t0000.00_det01_sam_mask.png,outputs/frame_checks/test_new_architecture_object/q037/q037_t0000.00_det01_masked_crop.png,outputs/frame_checks/test_new_architecture_object/q037/q037_t0000.00_det01_debug.png
test_new_architecture_object,q038,video_05,0.000,0,1,1,a man with a gun,,a man with a gun,0.5070642232894897,"169.8,66.8,190.2,136.4","172.0,69.0,188.0,136.0",803,0.09193193912506104,0.08559615910053253,,,0.5624331712722779,0.4231862703959147,,outputs/frame_checks/test_new_architecture_object/q038/q038_t0000.00_det01_context.png,outputs/frame_checks/test_new_architecture_object/q038/q038_t0000.00_det01_bbox_crop.png,outputs/frame_checks/test_new_architecture_object/q038/q038_t0000.00_det01_sam_mask.png,outputs/frame_checks/test_new_architecture_object/q038/q038_t0000.00_det01_masked_crop.png,outputs/frame_checks/test_new_architecture_object/q038/q038_t0000.00_det01_debug.png
test_new_architecture_object,q039,video_05,0.000,0,1,1,a person wearing a red shirt,,a person wearing a red shirt,0.6658642292022705,"260.6,68.3,277.2,128.9","262.0,70.0,277.0,127.0",402,0.08576424419879913,0.07235625386238098,red,0.19651740789413452,0.8402155876159668,0.4109439690907796,,outputs/frame_checks/test_new_architecture_object/q039/q039_t0000.00_det01_context.png,outputs/frame_checks/test_new_architecture_object/q039/q039_t0000.00_det01_bbox_crop.png,outputs/frame_checks/test_new_architecture_object/q039/q039_t0000.00_det01_sam_mask.png,outputs/frame_checks/test_new_architecture_object/q039/q039_t0000.00_det01_masked_crop.png,outputs/frame_checks/test_new_architecture_object/q039/q039_t0000.00_det01_debug.png
test_new_architecture_object,q037,video_05,0.500,15,1,1,a man wearing a yellow shirt,,a man wearing a yellow shirt,0.36683550477027893,"303.9,141.1,317.3,179.4","306.0,142.0,317.0,179.0",343,0.03494536876678467,0.032170072197914124,yellow,0.07580175250768661,0.9707014560699463,0.6676660855611165,0.004418851196463333,outputs/frame_checks/test_new_architecture_object/q037/q037_t0000.50_det01_context.png,outputs/frame_checks/test_new_architecture_object/q037/q037_t0000.50_det01_bbox_crop.png,outputs/frame_checks/test_new_architecture_object/q037/q037_t0000.50_det01_sam_mask.png,outputs/frame_checks/test_new_architecture_object/q037/q037_t0000.50_det01_masked_crop.png,outputs/frame_checks/test_new_architecture_object/q037/q037_t0000.50_det01_debug.png
test_new_architecture_object,q038,video_05,0.500,15,1,1,a man with a gun,,a man with a gun,0.2537538707256317,"169.9,66.8,189.4,136.3","172.0,69.0,188.0,137.0",804,0.08868099004030228,0.07267120480537415,,,0.561516523361206,0.4231402397155762,0.0018356058579169583,outputs/frame_checks/test_new_architecture_object/q038/q038_t0000.50_det01_context.png,outputs/frame_checks/test_new_architecture_object/q038/q038_t0000.50_det01_bbox_crop.png,outputs/frame_checks/test_new_architecture_object/q038/q038_t0000.50_det01_sam_mask.png,outputs/frame_checks/test_new_architecture_object/q038/q038_t0000.50_det01_masked_crop.png,outputs/frame_checks/test_new_architecture_object/q038/q038_t0000.50_det01_debug.png
test_new_architecture_object,q039,video_05,0.500,15,1,1,a person wearing a red shirt,,a person wearing a red shirt,0.6510701775550842,"260.3,68.1,277.3,129.2","261.0,70.0,276.0,127.0",382,0.09681455790996552,0.05449248105287552,red,0.12827225029468536,0.8399671077728271,0.4109353065490723,0.0004972615894096698,outputs/frame_checks/test_new_architecture_object/q039/q039_t0000.50_det01_context.png,outputs/frame_checks/test_new_architecture_object/q039/q039_t0000.50_det01_bbox_crop.png,outputs/frame_checks/test_new_architecture_object/q039/q039_t0000.50_det01_sam_mask.png,outputs/frame_checks/test_new_architecture_object/q039/q039_t0000.50_det01_masked_crop.png,outputs/frame_checks/test_new_architecture_object/q039/q039_t0000.50_det01_debug.png
test_new_architecture_object,q037,video_05,1.000,30,1,1,a man wearing a yellow shirt,,a man wearing a yellow shirt,0.3653809726238251,"302.8,139.8,318.0,182.5","305.0,140.0,317.0,181.0",393,0.042500659823417664,0.035247378051280975,yellow,0.22900763154029846,0.9700684547424316,0.6713599522908529,0.007495423162887761,outputs/frame_checks/test_new_architecture_object/q037/q037_t0001.00_det01_context.png,outputs/frame_checks/test_new_architecture_object/q037/q037_t0001.00_det01_bbox_crop.png,outputs/frame_checks/test_new_architecture_object/q037/q037_t0001.00_det01_sam_mask.png,outputs/frame_checks/test_new_architecture_object/q037/q037_t0001.00_det01_masked_crop.png,outputs/frame_checks/test_new_architecture_object/q037/q037_t0001.00_det01_debug.png
test_new_architecture_object,q038,video_05,1.500,45,1,1,a man with a gun,,a man with a gun,0.6545462608337402,"139.8,62.0,159.8,125.8","141.0,64.0,160.0,125.0",671,0.0901477262377739,0.10129483044147491,,,0.4680777072906494,0.39126941363016765,0.19857816199034678,outputs/frame_checks/test_new_architecture_object/q038/q038_t0001.50_det01_context.png,outputs/frame_checks/test_new_architecture_object/q038/q038_t0001.50_det01_bbox_crop.png,outputs/frame_checks/test_new_architecture_object/q038/q038_t0001.50_det01_sam_mask.png,outputs/frame_checks/test_new_architecture_object/q038/q038_t0001.50_det01_masked_crop.png,outputs/frame_checks/test_new_architecture_object/q038/q038_t0001.50_det01_debug.png
test_new_architecture_object,q039,video_05,1.500,45,1,1,a person wearing a red shirt,,a person wearing a red shirt,0.7061634659767151,"257.1,68.2,282.9,127.7","260.0,71.0,282.0,127.0",502,0.09461788833141327,0.1056053563952446,red,0.24501992762088776,0.8437844753265381,0.4081634521484375,0.00930376743423474,outputs/frame_checks/test_new_architecture_object/q039/q039_t0001.50_det01_context.png,outputs/frame_checks/test_new_architecture_object/q039/q039_t0001.50_det01_bbox_crop.png,outputs/frame_checks/test_new_architecture_object/q039/q039_t0001.50_det01_sam_mask.png,outputs/frame_checks/test_new_architecture_object/q039/q039_t0001.50_det01_masked_crop.png,outputs/frame_checks/test_new_architecture_object/q039/q039_t0001.50_det01_debug.png
test_new_architecture_object,q037,video_05,3.000,90,1,2,a man wearing a yellow shirt,,a man wearing a yellow shirt,0.3869616687297821,"172.3,74.8,190.2,101.9","173.0,74.0,189.0,99.0",301,0.03813257813453674,0.0035526687279343605,yellow,0.0,0.566359281539917,0.3680617650349935,0.013130501000175949,outputs/frame_checks/test_new_architecture_object/q037/q037_t0003.00_det01_context.png,outputs/frame_checks/test_new_architecture_object/q037/q037_t0003.00_det01_bbox_crop.png,outputs/frame_checks/test_new_architecture_object/q037/q037_t0003.00_det01_sam_mask.png,outputs/frame_checks/test_new_architecture_object/q037/q037_t0003.00_det01_masked_crop.png,outputs/frame_checks/test_new_architecture_object/q037/q037_t0003.00_det01_debug.png
test_new_architecture_object,q038,video_05,3.000,90,1,1,a man with a gun,,a man with a gun,0.5902809500694275,"171.2,66.4,190.8,137.7","173.0,68.0,189.0,137.0",733,0.08092304319143295,0.06043902039527893,,,0.5655953168869019,0.4251926263173421,0.006912128849581231,outputs/frame_checks/test_new_architecture_object/q038/q038_t0003.00_det01_context.png,outputs/frame_checks/test_new_architecture_object/q038/q038_t0003.00_det01_bbox_crop.png,outputs/frame_checks/test_new_architecture_object/q038/q038_t0003.00_det01_sam_mask.png,outputs/frame_checks/test_new_architecture_object/q038/q038_t0003.00_det01_masked_crop.png,outputs/frame_checks/test_new_architecture_object/q038/q038_t0003.00_det01_debug.png
test_new_architecture_object,q039,video_05,3.000,90,1,1,a person wearing a red shirt,,a person wearing a red shirt,0.786598265171051,"261.9,69.9,282.0,124.5","263.0,72.0,280.0,126.0",457,0.10199631750583649,0.09269501268863678,red,0.3347921371459961,0.8498797416687012,0.4050191720326742,0.02372434418242358,outputs/frame_checks/test_new_architecture_object/q039/q039_t0003.00_det01_context.png,outputs/frame_checks/test_new_architecture_object/q039/q039_t0003.00_det01_bbox_crop.png,outputs/frame_checks/test_new_architecture_object/q039/q039_t0003.00_det01_sam_mask.png,outputs/frame_checks/test_new_architecture_object/q039/q039_t0003.00_det01_masked_crop.png,outputs/frame_checks/test_new_architecture_object/q039/q039_t0003.00_det01_debug.png
test_new_architecture_object,q037,video_05,3.500,105,1,3,a man wearing a yellow shirt,,a man wearing a yellow shirt,0.28169113397598267,"17.5,149.0,39.1,174.9","19.0,150.0,38.0,175.0",352,0.015132343396544456,-0.025775998830795288,yellow,0.07670454680919647,0.08851469755172729,0.6747653007507324,,outputs/frame_checks/test_new_architecture_object/q037/q037_t0003.50_det01_context.png,outputs/frame_checks/test_new_architecture_object/q037/q037_t0003.50_det01_bbox_crop.png,outputs/frame_checks/test_new_architecture_object/q037/q037_t0003.50_det01_sam_mask.png,outputs/frame_checks/test_new_architecture_object/q037/q037_t0003.50_det01_masked_crop.png,outputs/frame_checks/test_new_architecture_object/q037/q037_t0003.50_det01_debug.png
test_new_architecture_object,q038,video_05,3.500,105,1,1,a man with a gun,,a man with a gun,0.4695064425468445,"139.1,62.0,156.3,125.8","141.0,64.0,153.0,125.0",541,0.09234825521707535,0.0657181367278099,,,0.46165635585784914,0.39116013844807945,0.21873744855758429,outputs/frame_checks/test_new_architecture_object/q038/q038_t0003.50_det01_context.png,outputs/frame_checks/test_new_architecture_object/q038/q038_t0003.50_det01_bbox_crop.png,outputs/frame_checks/test_new_architecture_object/q038/q038_t0003.50_det01_sam_mask.png,outputs/frame_checks/test_new_architecture_object/q038/q038_t0003.50_det01_masked_crop.png,outputs/frame_checks/test_new_architecture_object/q038/q038_t0003.50_det01_debug.png
test_new_architecture_object,q039,video_05,3.500,105,1,1,a person wearing a red shirt,,a person wearing a red shirt,0.699303925037384,"263.4,69.7,283.8,130.3","265.0,72.0,282.0,130.0",494,0.10506477952003479,0.10792107880115509,red,0.42307692766189575,0.8550290107727051,0.41672487258911134,0.025576426476145775,outputs/frame_checks/test_new_architecture_object/q039/q039_t0003.50_det01_context.png,outputs/frame_checks/test_new_architecture_object/q039/q039_t0003.50_det01_bbox_crop.png,outputs/frame_checks/test_new_architecture_object/q039/q039_t0003.50_det01_sam_mask.png,outputs/frame_checks/test_new_architecture_object/q039/q039_t0003.50_det01_masked_crop.png,outputs/frame_checks/test_new_architecture_object/q039/q039_t0003.50_det01_debug.png
test_new_architecture_object,q038,video_05,4.000,120,1,1,a man with a gun,,a man with a gun,0.6688488721847534,"139.2,62.0,156.5,125.6","141.0,64.0,153.0,125.0",541,0.08398004621267319,0.06568766385316849,,,0.4621269702911377,0.39092952410380044,0.0010481620496979342,outputs/frame_checks/test_new_architecture_object/q038/q038_t0004.00_det01_context.png,outputs/frame_checks/test_new_architecture_object/q038/q038_t0004.00_det01_bbox_crop.png,outputs/frame_checks/test_new_architecture_object/q038/q038_t0004.00_det01_sam_mask.png,outputs/frame_checks/test_new_architecture_object/q038/q038_t0004.00_det01_masked_crop.png,outputs/frame_checks/test_new_architecture_object/q038/q038_t0004.00_det01_debug.png
test_new_architecture_object,q037,video_05,4.500,135,1,4,a man wearing a yellow shirt,,a man wearing a yellow shirt,0.291390061378479,"304.1,141.8,317.7,180.1","306.0,143.0,317.0,180.0",323,0.06554898619651794,0.021737810224294662,yellow,0.7089783549308777,0.9715318202972412,0.6706149419148763,0.004440484633764534,outputs/frame_checks/test_new_architecture_object/q037/q037_t0004.50_det01_context.png,outputs/frame_checks/test_new_architecture_object/q037/q037_t0004.50_det01_bbox_crop.png,outputs/frame_checks/test_new_architecture_object/q037/q037_t0004.50_det01_sam_mask.png,outputs/frame_checks/test_new_architecture_object/q037/q037_t0004.50_det01_masked_crop.png,outputs/frame_checks/test_new_architecture_object/q037/q037_t0004.50_det01_debug.png
test_new_architecture_object,q038,video_05,7.000,210,1,1,a man with a gun,,a man with a gun,0.2650565207004547,"166.8,97.8,185.9,135.9","168.0,99.0,186.0,137.0",357,0.07683603465557098,0.046849291771650314,,,0.5510796785354615,0.48683072725931803,0.19526055648454843,outputs/frame_checks/test_new_architecture_object/q038/q038_t0007.00_det01_context.png,outputs/frame_checks/test_new_architecture_object/q038/q038_t0007.00_det01_bbox_crop.png,outputs/frame_checks/test_new_architecture_object/q038/q038_t0007.00_det01_sam_mask.png,outputs/frame_checks/test_new_architecture_object/q038/q038_t0007.00_det01_masked_crop.png,outputs/frame_checks/test_new_architecture_object/q038/q038_t0007.00_det01_debug.png
test_new_architecture_object,q037,video_05,8.000,240,1,4,a man wearing a yellow shirt,,a man wearing a yellow shirt,0.3518606424331665,"302.1,142.0,317.7,181.0","304.0,143.0,317.0,181.0",386,0.05088379234075546,0.04972190409898758,yellow,0.19430051743984222,0.9683599472045898,0.6729152043660481,0.021196588901271816,outputs/frame_checks/test_new_architecture_object/q037/q037_t0008.00_det01_context.png,outputs/frame_checks/test_new_architecture_object/q037/q037_t0008.00_det01_bbox_crop.png,outputs/frame_checks/test_new_architecture_object/q037/q037_t0008.00_det01_sam_mask.png,outputs/frame_checks/test_new_architecture_object/q037/q037_t0008.00_det01_masked_crop.png,outputs/frame_checks/test_new_architecture_object/q037/q037_t0008.00_det01_debug.png
test_new_architecture_object,q039,video_05,13.000,390,1,4,a person wearing a red shirt,,a person wearing a red shirt,0.2646367847919464,"20.1,79.1,58.9,126.7","22.0,80.0,55.0,126.0",944,0.08035256713628769,0.024425337091088295,red,0.1980932205915451,0.12337900400161743,0.428735081354777,,outputs/frame_checks/test_new_architecture_object/q039/q039_t0013.00_det01_context.png,outputs/frame_checks/test_new_architecture_object/q039/q039_t0013.00_det01_bbox_crop.png,outputs/frame_checks/test_new_architecture_object/q039/q039_t0013.00_det01_sam_mask.png,outputs/frame_checks/test_new_architecture_object/q039/q039_t0013.00_det01_masked_crop.png,outputs/frame_checks/test_new_architecture_object/q039/q039_t0013.00_det01_debug.png
test_new_architecture_object,q037,video_05,16.000,480,1,5,a man wearing a yellow shirt,,a man wearing a yellow shirt,0.36066755652427673,"170.5,77.7,189.7,110.3","171.0,78.0,188.0,110.0",409,0.06262701004743576,0.007748817093670368,yellow,0.0,0.5628652572631836,0.39168230692545575,,outputs/frame_checks/test_new_architecture_object/q037/q037_t0016.00_det01_context.png,outputs/frame_checks/test_new_architecture_object/q037/q037_t0016.00_det01_bbox_crop.png,outputs/frame_checks/test_new_architecture_object/q037/q037_t0016.00_det01_sam_mask.png,outputs/frame_checks/test_new_architecture_object/q037/q037_t0016.00_det01_masked_crop.png,outputs/frame_checks/test_new_architecture_object/q037/q037_t0016.00_det01_debug.png
test_new_architecture_object,q037,video_05,16.500,495,1,5,a man wearing a yellow shirt,,a man wearing a yellow shirt,0.2975045442581177,"170.4,77.0,189.6,111.6","171.0,78.0,188.0,110.0",386,0.060019247233867645,0.0019887741655111313,yellow,0.0,0.5624744892120361,0.39297478993733725,0.0027005273602019853,outputs/frame_checks/test_new_architecture_object/q037/q037_t0016.50_det01_context.png,outputs/frame_checks/test_new_architecture_object/q037/q037_t0016.50_det01_bbox_crop.png,outputs/frame_checks/test_new_architecture_object/q037/q037_t0016.50_det01_sam_mask.png,outputs/frame_checks/test_new_architecture_object/q037/q037_t0016.50_det01_masked_crop.png,outputs/frame_checks/test_new_architecture_object/q037/q037_t0016.50_det01_debug.png
test_new_architecture_object,q038,video_05,16.500,495,1,3,a man with a gun,,a man with a gun,0.3442879021167755,"165.4,65.5,192.1,141.5","169.0,69.0,189.0,141.0",795,0.0825107991695404,0.1138932928442955,,,0.5585498809814453,0.431224791208903,0.013787642256085787,outputs/frame_checks/test_new_architecture_object/q038/q038_t0016.50_det01_context.png,outputs/frame_checks/test_new_architecture_object/q038/q038_t0016.50_det01_bbox_crop.png,outputs/frame_checks/test_new_architecture_object/q038/q038_t0016.50_det01_sam_mask.png,outputs/frame_checks/test_new_architecture_object/q038/q038_t0016.50_det01_masked_crop.png,outputs/frame_checks/test_new_architecture_object/q038/q038_t0016.50_det01_debug.png
test_new_architecture_object,q037,video_05,17.000,510,1,5,a man wearing a yellow shirt,,a man wearing a yellow shirt,0.41777634620666504,"170.7,77.5,189.4,100.3","171.0,78.0,188.0,99.0",282,0.03916116803884506,-0.021041709929704666,yellow,0.0,0.5626922369003295,0.370497465133667,0.04495675897506169,outputs/frame_checks/test_new_architecture_object/q037/q037_t0017.00_det01_context.png,outputs/frame_checks/test_new_architecture_object/q037/q037_t0017.00_det01_bbox_crop.png,outputs/frame_checks/test_new_architecture_object/q037/q037_t0017.00_det01_sam_mask.png,outputs/frame_checks/test_new_architecture_object/q037/q037_t0017.00_det01_masked_crop.png,outputs/frame_checks/test_new_architecture_object/q037/q037_t0017.00_det01_debug.png
test_new_architecture_object,q037,video_05,17.500,525,1,5,a man wearing a yellow shirt,,a man wearing a yellow shirt,0.4202762544155121,"171.3,77.9,189.7,110.0","172.0,77.0,188.0,110.0",366,0.04640980809926987,-0.020351462066173553,yellow,0.0,0.5640693426132202,0.3915993849436442,0.042293613693378584,outputs/frame_checks/test_new_architecture_object/q037/q037_t0017.50_det01_context.png,outputs/frame_checks/test_new_architecture_object/q037/q037_t0017.50_det01_bbox_crop.png,outputs/frame_checks/test_new_architecture_object/q037/q037_t0017.50_det01_sam_mask.png,outputs/frame_checks/test_new_architecture_object/q037/q037_t0017.50_det01_masked_crop.png,outputs/frame_checks/test_new_architecture_object/q037/q037_t0017.50_det01_debug.png
test_new_architecture_object,q037,video_05,18.000,540,1,5,a man wearing a yellow shirt,,a man wearing a yellow shirt,0.4411837160587311,"170.5,78.2,189.0,110.0","172.0,78.0,188.0,110.0",341,0.06502006202936172,-0.004281604662537575,yellow,0.0,0.5617656707763672,0.39193474451700844,0.004655908064108066,outputs/frame_checks/test_new_architecture_object/q037/q037_t0018.00_det01_context.png,outputs/frame_checks/test_new_architecture_object/q037/q037_t0018.00_det01_bbox_crop.png,outputs/frame_checks/test_new_architecture_object/q037/q037_t0018.00_det01_sam_mask.png,outputs/frame_checks/test_new_architecture_object/q037/q037_t0018.00_det01_masked_crop.png,outputs/frame_checks/test_new_architecture_object/q037/q037_t0018.00_det01_debug.png
test_new_architecture_object,q039,video_05,23.500,705,1,4,a person wearing a red shirt,,a person wearing a red shirt,0.26243579387664795,"33.2,98.2,55.8,123.7","36.0,100.0,55.0,123.0",285,0.07652392238378525,0.0124463876709342,red,0.5614035129547119,0.13910675048828125,0.4622487545013428,0.0013929154409112016,outputs/frame_checks/test_new_architecture_object/q039/q039_t0023.50_det01_context.png,outputs/frame_checks/test_new_architecture_object/q039/q039_t0023.50_det01_bbox_crop.png,outputs/frame_checks/test_new_architecture_object/q039/q039_t0023.50_det01_sam_mask.png,outputs/frame_checks/test_new_architecture_object/q039/q039_t0023.50_det01_masked_crop.png,outputs/frame_checks/test_new_architecture_object/q039/q039_t0023.50_det01_debug.png
test_new_architecture_object,q038,video_05,25.000,750,1,3,a man with a gun,,a man with a gun,0.4697144627571106,"170.7,69.1,190.0,120.5","172.0,71.0,189.0,117.0",453,0.08662448078393936,0.04766668379306793,,,0.5636913776397705,0.39505572319030763,0.09518701606488678,outputs/frame_checks/test_new_architecture_object/q038/q038_t0025.00_det01_context.png,outputs/frame_checks/test_new_architecture_object/q038/q038_t0025.00_det01_bbox_crop.png,outputs/frame_checks/test_new_architecture_object/q038/q038_t0025.00_det01_sam_mask.png,outputs/frame_checks/test_new_architecture_object/q038/q038_t0025.00_det01_masked_crop.png,outputs/frame_checks/test_new_architecture_object/q038/q038_t0025.00_det01_debug.png
test_new_architecture_object,q037,video_05,35.500,1065,1,7,a man wearing a yellow shirt,,a man wearing a yellow shirt,0.31328284740448,"36.0,99.4,54.9,120.7","36.0,100.0,55.0,123.0",247,0.031809162348508835,-0.046366699039936066,yellow,0.028340080752968788,0.14196547269821166,0.45854209264119467,,outputs/frame_checks/test_new_architecture_object/q037/q037_t0035.50_det01_context.png,outputs/frame_checks/test_new_architecture_object/q037/q037_t0035.50_det01_bbox_crop.png,outputs/frame_checks/test_new_architecture_object/q037/q037_t0035.50_det01_sam_mask.png,outputs/frame_checks/test_new_architecture_object/q037/q037_t0035.50_det01_masked_crop.png,outputs/frame_checks/test_new_architecture_object/q037/q037_t0035.50_det01_debug.png
test_new_architecture_object,q038,video_05,36.500,1095,1,7,a man with a gun,,a man with a gun,0.44212812185287476,"208.6,73.1,244.2,129.9","210.0,75.0,242.0,129.0",938,0.10540048032999039,0.05554250255227089,,,0.7075177431106567,0.42282492319742837,0.015274363746594724,outputs/frame_checks/test_new_architecture_object/q038/q038_t0036.50_det01_context.png,outputs/frame_checks/test_new_architecture_object/q038/q038_t0036.50_det01_bbox_crop.png,outputs/frame_checks/test_new_architecture_object/q038/q038_t0036.50_det01_sam_mask.png,outputs/frame_checks/test_new_architecture_object/q038/q038_t0036.50_det01_masked_crop.png,outputs/frame_checks/test_new_architecture_object/q038/q038_t0036.50_det01_debug.png
test_new_architecture_object,q038,video_05,39.500,1185,1,9,a man with a gun,,a man with a gun,0.35883450508117676,"208.8,75.1,244.3,129.6","210.0,78.0,242.0,129.0",871,0.1207108423113823,0.03747709095478058,,,0.7080394506454468,0.426552693049113,,outputs/frame_checks/test_new_architecture_object/q038/q038_t0039.50_det01_context.png,outputs/frame_checks/test_new_architecture_object/q038/q038_t0039.50_det01_bbox_crop.png,outputs/frame_checks/test_new_architecture_object/q038/q038_t0039.50_det01_sam_mask.png,outputs/frame_checks/test_new_architecture_object/q038/q038_t0039.50_det01_masked_crop.png,outputs/frame_checks/test_new_architecture_object/q038/q038_t0039.50_det01_debug.png
test_new_architecture_object,q037,video_05,48.000,1440,1,16,a man wearing a yellow shirt,,a man wearing a yellow shirt,0.407309889793396,"298.3,135.1,317.2,177.6","300.0,136.0,317.0,179.0",571,0.06010296195745468,0.0509275384247303,yellow,0.7092819809913635,0.9616520404815674,0.6514378229777018,0.002849483293340553,outputs/frame_checks/test_new_architecture_object/q037/q037_t0048.00_det01_context.png,outputs/frame_checks/test_new_architecture_object/q037/q037_t0048.00_det01_bbox_crop.png,outputs/frame_checks/test_new_architecture_object/q037/q037_t0048.00_det01_sam_mask.png,outputs/frame_checks/test_new_architecture_object/q037/q037_t0048.00_det01_masked_crop.png,outputs/frame_checks/test_new_architecture_object/q037/q037_t0048.00_det01_debug.png
test_new_architecture_object,q038,video_05,50.500,1515,1,12,a man with a gun,,a man with a gun,0.6867393851280212,"143.0,61.0,173.2,135.3","145.0,63.0,172.0,135.0",1244,0.1012423038482666,0.10170933604240417,,,0.49407038688659666,0.4088441292444865,0.48964148906736027,outputs/frame_checks/test_new_architecture_object/q038/q038_t0050.50_det01_context.png,outputs/frame_checks/test_new_architecture_object/q038/q038_t0050.50_det01_bbox_crop.png,outputs/frame_checks/test_new_architecture_object/q038/q038_t0050.50_det01_sam_mask.png,outputs/frame_checks/test_new_architecture_object/q038/q038_t0050.50_det01_masked_crop.png,outputs/frame_checks/test_new_architecture_object/q038/q038_t0050.50_det01_debug.png
test_new_architecture_object,q037,video_05,52.500,1575,1,17,a man wearing a yellow shirt,,a man wearing a yellow shirt,0.26963698863983154,"218.9,97.2,237.0,125.7","220.0,98.0,236.0,126.0",368,-0.00981493853032589,0.01534096710383892,yellow,0.010869565419852734,0.7122918367385864,0.46429607073465984,,outputs/frame_checks/test_new_architecture_object/q037/q037_t0052.50_det01_context.png,outputs/frame_checks/test_new_architecture_object/q037/q037_t0052.50_det01_bbox_crop.png,outputs/frame_checks/test_new_architecture_object/q037/q037_t0052.50_det01_sam_mask.png,outputs/frame_checks/test_new_architecture_object/q037/q037_t0052.50_det01_masked_crop.png,outputs/frame_checks/test_new_architecture_object/q037/q037_t0052.50_det01_debug.png
test_new_architecture_object,q038,video_05,52.500,1575,1,14,a man with a gun,,a man with a gun,0.27034252882003784,"218.2,80.4,242.5,129.0","221.0,77.0,241.0,128.0",405,0.09057088196277618,0.06566482037305832,,,0.7197760343551636,0.4362101872762044,,outputs/frame_checks/test_new_architecture_object/q038/q038_t0052.50_det01_context.png,outputs/frame_checks/test_new_architecture_object/q038/q038_t0052.50_det01_bbox_crop.png,outputs/frame_checks/test_new_architecture_object/q038/q038_t0052.50_det01_sam_mask.png,outputs/frame_checks/test_new_architecture_object/q038/q038_t0052.50_det01_masked_crop.png,outputs/frame_checks/test_new_architecture_object/q038/q038_t0052.50_det01_debug.png
test_new_architecture_object,q039,video_05,53.000,1590,1,13,a person wearing a red shirt,,a person wearing a red shirt,0.29703935980796814,"19.7,79.2,59.1,126.7","22.0,80.0,55.0,128.0",965,0.06726294755935669,0.01739427074790001,red,0.21761657297611237,0.12321237921714782,0.42895021438598635,0.03238483760024748,outputs/frame_checks/test_new_architecture_object/q039/q039_t0053.00_det01_context.png,outputs/frame_checks/test_new_architecture_object/q039/q039_t0053.00_det01_bbox_crop.png,outputs/frame_checks/test_new_architecture_object/q039/q039_t0053.00_det01_sam_mask.png,outputs/frame_checks/test_new_architecture_object/q039/q039_t0053.00_det01_masked_crop.png,outputs/frame_checks/test_new_architecture_object/q039/q039_t0053.00_det01_debug.png
test_new_architecture_object,q038,video_05,57.000,1710,1,16,a man with a gun,,a man with a gun,0.5620507597923279,"238.9,86.6,285.8,194.9","242.0,88.0,284.0,194.0",2073,0.10515901446342468,0.12070155888795853,,,0.8198223114013672,0.586289644241333,0.04011573696921391,outputs/frame_checks/test_new_architecture_object/q038/q038_t0057.00_det01_context.png,outputs/frame_checks/test_new_architecture_object/q038/q038_t0057.00_det01_bbox_crop.png,outputs/frame_checks/test_new_architecture_object/q038/q038_t0057.00_det01_sam_mask.png,outputs/frame_checks/test_new_architecture_object/q038/q038_t0057.00_det01_masked_crop.png,outputs/frame_checks/test_new_architecture_object/q038/q038_t0057.00_det01_debug.png
test_new_architecture_object,q037,video_05,62.500,1875,1,22,a man wearing a yellow shirt,,a man wearing a yellow shirt,0.4084411561489105,"78.4,104.0,135.1,187.7","80.0,105.0,134.0,186.0",3279,0.15020570158958435,0.07298251241445541,yellow,0.05580969899892807,0.3336217403411865,0.6076423645019531,0.4962233490293002,outputs/frame_checks/test_new_architecture_object/q037/q037_t0062.50_det01_context.png,outputs/frame_checks/test_new_architecture_object/q037/q037_t0062.50_det01_bbox_crop.png,outputs/frame_checks/test_new_architecture_object/q037/q037_t0062.50_det01_sam_mask.png,outputs/frame_checks/test_new_architecture_object/q037/q037_t0062.50_det01_masked_crop.png,outputs/frame_checks/test_new_architecture_object/q037/q037_t0062.50_det01_debug.png
test_new_architecture_object,q037,video_05,63.000,1890,1,22,a man wearing a yellow shirt,,a man wearing a yellow shirt,0.3967747092247009,"124.9,76.7,163.6,132.9","126.0,78.0,161.0,132.0",1476,0.12057438492774963,0.08318683505058289,yellow,0.29878050088882446,0.45078258514404296,0.4367499033610026,0.4143954479949329,outputs/frame_checks/test_new_architecture_object/q037/q037_t0063.00_det01_context.png,outputs/frame_checks/test_new_architecture_object/q037/q037_t0063.00_det01_bbox_crop.png,outputs/frame_checks/test_new_architecture_object/q037/q037_t0063.00_det01_sam_mask.png,outputs/frame_checks/test_new_architecture_object/q037/q037_t0063.00_det01_masked_crop.png,outputs/frame_checks/test_new_architecture_object/q037/q037_t0063.00_det01_debug.png
test_new_architecture_object,q038,video_05,63.000,1890,1,19,a man with a gun,,a man with a gun,0.49078017473220825,"123.9,58.7,167.1,193.4","126.0,61.0,164.0,192.0",3053,0.09295353293418884,0.12153919041156769,,,0.4547495126724243,0.5253817637761434,0.30596299086122314,outputs/frame_checks/test_new_architecture_object/q038/q038_t0063.00_det01_context.png,outputs/frame_checks/test_new_architecture_object/q038/q038_t0063.00_det01_bbox_crop.png,outputs/frame_checks/test_new_architecture_object/q038/q038_t0063.00_det01_sam_mask.png,outputs/frame_checks/test_new_architecture_object/q038/q038_t0063.00_det01_masked_crop.png,outputs/frame_checks/test_new_architecture_object/q038/q038_t0063.00_det01_debug.png
test_new_architecture_object,q037,video_05,64.000,1920,1,22,a man wearing a yellow shirt,,a man wearing a yellow shirt,0.4417280852794647,"165.9,61.0,189.3,102.2","168.0,60.0,186.0,102.0",521,0.11158621311187744,0.01522358413785696,yellow,0.280230313539505,0.5549542903900146,0.3400951306025187,0.07545673495821893,outputs/frame_checks/test_new_architecture_object/q037/q037_t0064.00_det01_context.png,outputs/frame_checks/test_new_architecture_object/q037/q037_t0064.00_det01_bbox_crop.png,outputs/frame_checks/test_new_architecture_object/q037/q037_t0064.00_det01_sam_mask.png,outputs/frame_checks/test_new_architecture_object/q037/q037_t0064.00_det01_masked_crop.png,outputs/frame_checks/test_new_architecture_object/q037/q037_t0064.00_det01_debug.png
test_new_architecture_object,q038,video_05,64.000,1920,1,21,a man with a gun,,a man with a gun,0.7149965167045593,"165.1,46.7,191.7,144.1","167.0,48.0,188.0,143.0",1253,0.08397999405860901,0.07661686837673187,,,0.5574416399002076,0.3973970492680868,,outputs/frame_checks/test_new_architecture_object/q038/q038_t0064.00_det01_context.png,outputs/frame_checks/test_new_architecture_object/q038/q038_t0064.00_det01_bbox_crop.png,outputs/frame_checks/test_new_architecture_object/q038/q038_t0064.00_det01_sam_mask.png,outputs/frame_checks/test_new_architecture_object/q038/q038_t0064.00_det01_masked_crop.png,outputs/frame_checks/test_new_architecture_object/q038/q038_t0064.00_det01_debug.png
test_new_architecture_object,q037,video_05,64.500,1935,1,22,a man wearing a yellow shirt,,a man wearing a yellow shirt,0.43269091844558716,"166.4,60.1,186.6,102.3","168.0,61.0,183.0,101.0",476,0.11032480001449585,0.0018993429839611053,yellow,0.26260504126548767,0.5515926361083985,0.3382567405700684,0.007663001349476869,outputs/frame_checks/test_new_architecture_object/q037/q037_t0064.50_det01_context.png,outputs/frame_checks/test_new_architecture_object/q037/q037_t0064.50_det01_bbox_crop.png,outputs/frame_checks/test_new_architecture_object/q037/q037_t0064.50_det01_sam_mask.png,outputs/frame_checks/test_new_architecture_object/q037/q037_t0064.50_det01_masked_crop.png,outputs/frame_checks/test_new_architecture_object/q037/q037_t0064.50_det01_debug.png
test_new_architecture_object,q037,video_05,65.000,1950,1,22,a man wearing a yellow shirt,,a man wearing a yellow shirt,0.4568505883216858,"166.4,59.7,186.6,101.5","168.0,60.0,184.0,100.0",475,0.11102138459682465,0.008320162072777748,yellow,0.3642105162143707,0.5515554428100586,0.3359786828358968,0.00455672267387878,outputs/frame_checks/test_new_architecture_object/q037/q037_t0065.00_det01_context.png,outputs/frame_checks/test_new_architecture_object/q037/q037_t0065.00_det01_bbox_crop.png,outputs/frame_checks/test_new_architecture_object/q037/q037_t0065.00_det01_sam_mask.png,outputs/frame_checks/test_new_architecture_object/q037/q037_t0065.00_det01_masked_crop.png,outputs/frame_checks/test_new_architecture_object/q037/q037_t0065.00_det01_debug.png
test_new_architecture_object,q038,video_05,82.000,2460,1,40,a man with a gun,,a man with a gun,0.8194652199745178,"198.3,83.4,242.1,217.6","197.0,85.0,241.0,217.0",2680,0.08443291485309601,0.09064271301031113,,,0.6880034446716309,0.6270465215047201,,outputs/frame_checks/test_new_architecture_object/q038/q038_t0082.00_det01_context.png,outputs/frame_checks/test_new_architecture_object/q038/q038_t0082.00_det01_bbox_crop.png,outputs/frame_checks/test_new_architecture_object/q038/q038_t0082.00_det01_sam_mask.png,outputs/frame_checks/test_new_architecture_object/q038/q038_t0082.00_det01_masked_crop.png,outputs/frame_checks/test_new_architecture_object/q038/q038_t0082.00_det01_debug.png
test_new_architecture_object,q039,video_05,91.000,2730,1,23,a person wearing a red shirt,,a person wearing a red shirt,0.647553563117981,"264.8,77.8,285.8,138.3","265.0,79.0,283.0,139.0",655,0.11947493255138397,0.11631788313388824,red,0.45343512296676636,0.8602016925811767,0.4503272692362467,,outputs/frame_checks/test_new_architecture_object/q039/q039_t0091.00_det01_context.png,outputs/frame_checks/test_new_architecture_object/q039/q039_t0091.00_det01_bbox_crop.png,outputs/frame_checks/test_new_architecture_object/q039/q039_t0091.00_det01_sam_mask.png,outputs/frame_checks/test_new_architecture_object/q039/q039_t0091.00_det01_masked_crop.png,outputs/frame_checks/test_new_architecture_object/q039/q039_t0091.00_det01_debug.png
test_new_architecture_object,q039,video_05,92.500,2775,1,23,a person wearing a red shirt,,a person wearing a red shirt,0.5757593512535095,"253.5,77.6,281.6,140.4","258.0,79.0,280.0,139.0",747,0.0947553738951683,0.11676035076379776,red,0.5702811479568481,0.8361247777938843,0.45419109662373863,0.007603307132873092,outputs/frame_checks/test_new_architecture_object/q039/q039_t0092.50_det01_context.png,outputs/frame_checks/test_new_architecture_object/q039/q039_t0092.50_det01_bbox_crop.png,outputs/frame_checks/test_new_architecture_object/q039/q039_t0092.50_det01_sam_mask.png,outputs/frame_checks/test_new_architecture_object/q039/q039_t0092.50_det01_masked_crop.png,outputs/frame_checks/test_new_architecture_object/q039/q039_t0092.50_det01_debug.png
test_new_architecture_object,q039,video_05,94.000,2820,1,23,a person wearing a red shirt,,a person wearing a red shirt,0.6180748343467712,"256.3,77.1,280.5,139.8","258.0,78.0,279.0,138.0",726,0.11692816019058228,0.11958187818527222,red,0.5674931406974792,0.8388097286224365,0.45179460843404134,0.00451063234990837,outputs/frame_checks/test_new_architecture_object/q039/q039_t0094.00_det01_context.png,outputs/frame_checks/test_new_architecture_object/q039/q039_t0094.00_det01_bbox_crop.png,outputs/frame_checks/test_new_architecture_object/q039/q039_t0094.00_det01_sam_mask.png,outputs/frame_checks/test_new_architecture_object/q039/q039_t0094.00_det01_masked_crop.png,outputs/frame_checks/test_new_architecture_object/q039/q039_t0094.00_det01_debug.png
test_new_architecture_object,q039,video_05,95.000,2850,1,23,a person wearing a red shirt,,a person wearing a red shirt,0.6412308812141418,"254.7,76.6,280.8,138.4","257.0,78.0,279.0,136.0",768,0.1292685866355896,0.13526442646980286,red,0.5234375,0.8367701292037963,0.447802734375,0.009022245428898628,outputs/frame_checks/test_new_architecture_object/q039/q039_t0095.00_det01_context.png,outputs/frame_checks/test_new_architecture_object/q039/q039_t0095.00_det01_bbox_crop.png,outputs/frame_checks/test_new_architecture_object/q039/q039_t0095.00_det01_sam_mask.png,outputs/frame_checks/test_new_architecture_object/q039/q039_t0095.00_det01_masked_crop.png,outputs/frame_checks/test_new_architecture_object/q039/q039_t0095.00_det01_debug.png
test_new_architecture_object,q039,video_05,95.500,2865,1,23,a person wearing a red shirt,,a person wearing a red shirt,0.6798431873321533,"247.0,78.6,274.7,137.5","250.0,82.0,273.0,137.0",910,0.11882525682449341,0.13537195324897766,red,0.36153846979141235,0.8152520656585693,0.4500247637430827,0.043264973049756975,outputs/frame_checks/test_new_architecture_object/q039/q039_t0095.50_det01_context.png,outputs/frame_checks/test_new_architecture_object/q039/q039_t0095.50_det01_bbox_crop.png,outputs/frame_checks/test_new_architecture_object/q039/q039_t0095.50_det01_sam_mask.png,outputs/frame_checks/test_new_architecture_object/q039/q039_t0095.50_det01_masked_crop.png,outputs/frame_checks/test_new_architecture_object/q039/q039_t0095.50_det01_debug.png
test_new_architecture_object,q038,video_05,105.000,3150,1,42,a man with a gun,,a man with a gun,0.6406986713409424,"140.9,58.5,172.8,180.9","144.0,59.0,168.0,180.0",2059,0.06869098544120789,0.08989952504634857,,,0.4901750564575195,0.49870431423187256,0.10082698839496233,outputs/frame_checks/test_new_architecture_object/q038/q038_t0105.00_det01_context.png,outputs/frame_checks/test_new_architecture_object/q038/q038_t0105.00_det01_bbox_crop.png,outputs/frame_checks/test_new_architecture_object/q038/q038_t0105.00_det01_sam_mask.png,outputs/frame_checks/test_new_architecture_object/q038/q038_t0105.00_det01_masked_crop.png,outputs/frame_checks/test_new_architecture_object/q038/q038_t0105.00_det01_debug.png
test_new_architecture_object,q039,video_05,105.000,3150,1,29,a person wearing a red shirt,,a person wearing a red shirt,0.5149697065353394,"170.0,55.5,192.6,143.1","175.0,58.0,190.0,141.0",803,0.07495849579572678,0.055410340428352356,red,0.37110835313796997,0.5664700269699097,0.4137205203374227,0.030563134410349396,outputs/frame_checks/test_new_architecture_object/q039/q039_t0105.00_det01_context.png,outputs/frame_checks/test_new_architecture_object/q039/q039_t0105.00_det01_bbox_crop.png,outputs/frame_checks/test_new_architecture_object/q039/q039_t0105.00_det01_sam_mask.png,outputs/frame_checks/test_new_architecture_object/q039/q039_t0105.00_det01_masked_crop.png,outputs/frame_checks/test_new_architecture_object/q039/q039_t0105.00_det01_debug.png
test_new_architecture_object,q039,video_05,109.500,3285,1,31,a person wearing a red shirt,,a person wearing a red shirt,0.48106691241264343,"250.6,89.2,271.4,135.1","253.0,92.0,270.0,135.0",554,0.10933591425418854,0.04300914704799652,red,0.42418771982192993,0.8155517816543579,0.4672474225362142,,outputs/frame_checks/test_new_architecture_object/q039/q039_t0109.50_det01_context.png,outputs/frame_checks/test_new_architecture_object/q039/q039_t0109.50_det01_bbox_crop.png,outputs/frame_checks/test_new_architecture_object/q039/q039_t0109.50_det01_sam_mask.png,outputs/frame_checks/test_new_architecture_object/q039/q039_t0109.50_det01_masked_crop.png,outputs/frame_checks/test_new_architecture_object/q039/q039_t0109.50_det01_debug.png
test_new_architecture_object,q038,video_05,157.500,4725,1,62,a man with a gun,,a man with a gun,0.559070885181427,"168.8,58.8,191.3,143.2","170.0,63.0,190.0,142.0",876,0.08188501000404358,0.06793035566806793,,,0.5625720500946045,0.42088209788004555,0.010132692541829302,outputs/frame_checks/test_new_architecture_object/q038/q038_t0157.50_det01_context.png,outputs/frame_checks/test_new_architecture_object/q038/q038_t0157.50_det01_bbox_crop.png,outputs/frame_checks/test_new_architecture_object/q038/q038_t0157.50_det01_sam_mask.png,outputs/frame_checks/test_new_architecture_object/q038/q038_t0157.50_det01_masked_crop.png,outputs/frame_checks/test_new_architecture_object/q038/q038_t0157.50_det01_debug.png
test_new_architecture_object,q039,video_05,157.500,4725,1,45,a person wearing a red shirt,,a person wearing a red shirt,0.7140422463417053,"209.2,72.7,238.9,125.1","211.0,76.0,239.0,125.0",719,0.1109790951013565,0.09846986830234528,red,0.2781641185283661,0.7001200914382935,0.4120666027069092,0.027126564543394342,outputs/frame_checks/test_new_architecture_object/q039/q039_t0157.50_det01_context.png,outputs/frame_checks/test_new_architecture_object/q039/q039_t0157.50_det01_bbox_crop.png,outputs/frame_checks/test_new_architecture_object/q039/q039_t0157.50_det01_sam_mask.png,outputs/frame_checks/test_new_architecture_object/q039/q039_t0157.50_det01_masked_crop.png,outputs/frame_checks/test_new_architecture_object/q039/q039_t0157.50_det01_debug.png
test_new_architecture_object,q039,video_05,164.000,4920,1,45,a person wearing a red shirt,,a person wearing a red shirt,0.7207202911376953,"211.7,77.0,236.8,125.4","216.0,79.0,235.0,125.0",659,0.10418091714382172,0.03662515804171562,red,0.5098634362220764,0.700727391242981,0.42170507113138833,0.029031918303623862,outputs/frame_checks/test_new_architecture_object/q039/q039_t0164.00_det01_context.png,outputs/frame_checks/test_new_architecture_object/q039/q039_t0164.00_det01_bbox_crop.png,outputs/frame_checks/test_new_architecture_object/q039/q039_t0164.00_det01_sam_mask.png,outputs/frame_checks/test_new_architecture_object/q039/q039_t0164.00_det01_masked_crop.png,outputs/frame_checks/test_new_architecture_object/q039/q039_t0164.00_det01_debug.png
test_new_architecture_object,q039,video_05,166.000,4980,1,45,a person wearing a red shirt,,a person wearing a red shirt,0.6592259407043457,"214.2,78.1,235.5,125.0","216.0,80.0,234.0,126.0",588,0.11418238282203674,0.0363142304122448,red,0.5629251599311829,0.7027817964553833,0.42324673334757484,0.01095084539245869,outputs/frame_checks/test_new_architecture_object/q039/q039_t0166.00_det01_context.png,outputs/frame_checks/test_new_architecture_object/q039/q039_t0166.00_det01_bbox_crop.png,outputs/frame_checks/test_new_architecture_object/q039/q039_t0166.00_det01_sam_mask.png,outputs/frame_checks/test_new_architecture_object/q039/q039_t0166.00_det01_masked_crop.png,outputs/frame_checks/test_new_architecture_object/q039/q039_t0166.00_det01_debug.png
test_new_architecture_object,q039,video_05,168.500,5055,1,45,a person wearing a red shirt,,a person wearing a red shirt,0.7900066375732422,"225.5,84.6,250.0,130.2","227.0,87.0,251.0,130.0",516,0.11244964599609375,0.07617367058992386,red,0.6395348906517029,0.7430108785629272,0.4476013501485189,0.02583917982501361,outputs/frame_checks/test_new_architecture_object/q039/q039_t0168.50_det01_context.png,outputs/frame_checks/test_new_architecture_object/q039/q039_t0168.50_det01_bbox_crop.png,outputs/frame_checks/test_new_architecture_object/q039/q039_t0168.50_det01_sam_mask.png,outputs/frame_checks/test_new_architecture_object/q039/q039_t0168.50_det01_masked_crop.png,outputs/frame_checks/test_new_architecture_object/q039/q039_t0168.50_det01_debug.png
test_new_architecture_object,q039,video_05,173.500,5205,1,45,a person wearing a red shirt,,a person wearing a red shirt,0.7930915355682373,"209.0,71.4,229.3,123.7","211.0,72.0,228.0,123.0",529,0.11551931500434875,0.06055324524641037,red,0.35916823148727417,0.6847475051879883,0.4065718173980713,0.15744009162550354,outputs/frame_checks/test_new_architecture_object/q039/q039_t0173.50_det01_context.png,outputs/frame_checks/test_new_architecture_object/q039/q039_t0173.50_det01_bbox_crop.png,outputs/frame_checks/test_new_architecture_object/q039/q039_t0173.50_det01_sam_mask.png,outputs/frame_checks/test_new_architecture_object/q039/q039_t0173.50_det01_masked_crop.png,outputs/frame_checks/test_new_architecture_object/q039/q039_t0173.50_det01_debug.png
test_new_architecture_object,q038,video_05,180.000,5400,1,65,a man with a gun,,a man with a gun,0.8409001231193542,"137.4,58.6,160.1,134.2","140.0,60.0,160.0,133.0",1029,0.09476840496063232,0.11821993440389633,,,0.4649542570114136,0.40156234900156657,0.025593888586016265,outputs/frame_checks/test_new_architecture_object/q038/q038_t0180.00_det01_context.png,outputs/frame_checks/test_new_architecture_object/q038/q038_t0180.00_det01_bbox_crop.png,outputs/frame_checks/test_new_architecture_object/q038/q038_t0180.00_det01_sam_mask.png,outputs/frame_checks/test_new_architecture_object/q038/q038_t0180.00_det01_masked_crop.png,outputs/frame_checks/test_new_architecture_object/q038/q038_t0180.00_det01_debug.png
test_new_architecture_object,q048,video_06,0.000,0,1,1,a police car ,,a police car ,0.30793607234954834,"186.8,10.1,207.3,31.1","188.0,10.0,207.0,30.0",335,0.049696844071149826,0.03389551490545273,,,0.6156844377517701,0.08567487001419068,,outputs/frame_checks/test_new_architecture_object/q048/q048_t0000.00_det01_context.png,outputs/frame_checks/test_new_architecture_object/q048/q048_t0000.00_det01_bbox_crop.png,outputs/frame_checks/test_new_architecture_object/q048/q048_t0000.00_det01_sam_mask.png,outputs/frame_checks/test_new_architecture_object/q048/q048_t0000.00_det01_masked_crop.png,outputs/frame_checks/test_new_architecture_object/q048/q048_t0000.00_det01_debug.png
test_new_architecture_object,q048,video_06,0.500,15,1,1,a police car ,,a police car ,0.2567802965641022,"186.7,10.6,197.2,29.5","187.0,11.0,197.0,30.0",125,0.05073529854416847,0.031189965084195137,,,0.5997727632522583,0.0834821899731954,0.032124086361519665,outputs/frame_checks/test_new_architecture_object/q048/q048_t0000.50_det01_context.png,outputs/frame_checks/test_new_architecture_object/q048/q048_t0000.50_det01_bbox_crop.png,outputs/frame_checks/test_new_architecture_object/q048/q048_t0000.50_det01_sam_mask.png,outputs/frame_checks/test_new_architecture_object/q048/q048_t0000.50_det01_masked_crop.png,outputs/frame_checks/test_new_architecture_object/q048/q048_t0000.50_det01_debug.png
test_new_architecture_object,q048,video_06,1.000,30,1,2,a police car ,,a police car ,0.47506728768348694,"-0.1,58.0,5.0,85.5","0.0,62.0,5.0,85.0",47,0.06621601432561874,0.060023434460163116,,,0.007723852852359414,0.298938790957133,,outputs/frame_checks/test_new_architecture_object/q048/q048_t0001.00_det01_context.png,outputs/frame_checks/test_new_architecture_object/q048/q048_t0001.00_det01_bbox_crop.png,outputs/frame_checks/test_new_architecture_object/q048/q048_t0001.00_det01_sam_mask.png,outputs/frame_checks/test_new_architecture_object/q048/q048_t0001.00_det01_masked_crop.png,outputs/frame_checks/test_new_architecture_object/q048/q048_t0001.00_det01_debug.png
test_new_architecture_object,q048,video_06,1.500,45,1,2,a police car ,,a police car ,0.2804887890815735,"0.2,52.6,15.5,84.4","0.0,55.0,14.0,84.0",164,0.07280413806438446,0.04767347872257233,,,0.024571382999420167,0.2854969342549642,0.04310558124687619,outputs/frame_checks/test_new_architecture_object/q048/q048_t0001.50_det01_context.png,outputs/frame_checks/test_new_architecture_object/q048/q048_t0001.50_det01_bbox_crop.png,outputs/frame_checks/test_new_architecture_object/q048/q048_t0001.50_det01_sam_mask.png,outputs/frame_checks/test_new_architecture_object/q048/q048_t0001.50_det01_masked_crop.png,outputs/frame_checks/test_new_architecture_object/q048/q048_t0001.50_det01_debug.png
test_new_architecture_object,q048,video_06,2.000,60,1,2,a police car ,,a police car ,0.3816658556461334,"6.5,51.9,12.7,59.4","7.0,53.0,12.0,60.0",30,0.051254190504550934,0.07108842581510544,,,0.029986124485731125,0.23196264902750652,0.10761485250983473,outputs/frame_checks/test_new_architecture_object/q048/q048_t0002.00_det01_context.png,outputs/frame_checks/test_new_architecture_object/q048/q048_t0002.00_det01_bbox_crop.png,outputs/frame_checks/test_new_architecture_object/q048/q048_t0002.00_det01_sam_mask.png,outputs/frame_checks/test_new_architecture_object/q048/q048_t0002.00_det01_masked_crop.png,outputs/frame_checks/test_new_architecture_object/q048/q048_t0002.00_det01_debug.png
test_new_architecture_object,q048,video_06,7.000,210,1,2,a police car ,,a police car ,0.72071373462677,"115.8,28.0,139.2,75.6","118.0,30.0,138.0,74.0",509,0.02773350663483143,0.03731709346175194,,,0.3984870553016663,0.21579042673110962,0.19022179655678698,outputs/frame_checks/test_new_architecture_object/q048/q048_t0007.00_det01_context.png,outputs/frame_checks/test_new_architecture_object/q048/q048_t0007.00_det01_bbox_crop.png,outputs/frame_checks/test_new_architecture_object/q048/q048_t0007.00_det01_sam_mask.png,outputs/frame_checks/test_new_architecture_object/q048/q048_t0007.00_det01_masked_crop.png,outputs/frame_checks/test_new_architecture_object/q048/q048_t0007.00_det01_debug.png
test_new_architecture_object,q048,video_06,10.000,300,1,3,a police car ,,a police car ,0.7574753761291504,"106.1,45.1,146.7,139.2","108.0,47.0,146.0,138.0",2043,-0.0007670344784855843,0.009492363780736923,,,0.3950157403945923,0.38398406505584715,,outputs/frame_checks/test_new_architecture_object/q048/q048_t0010.00_det01_context.png,outputs/frame_checks/test_new_architecture_object/q048/q048_t0010.00_det01_bbox_crop.png,outputs/frame_checks/test_new_architecture_object/q048/q048_t0010.00_det01_sam_mask.png,outputs/frame_checks/test_new_architecture_object/q048/q048_t0010.00_det01_masked_crop.png,outputs/frame_checks/test_new_architecture_object/q048/q048_t0010.00_det01_debug.png
test_new_architecture_object,q048,video_06,10.500,315,1,3,a police car ,,a police car ,0.7616260647773743,"102.7,55.6,148.0,167.6","104.0,57.0,147.0,166.0",2391,-0.0010392721742391586,0.010863646864891052,,,0.3915886878967285,0.4651634772618612,0.162503435716751,outputs/frame_checks/test_new_architecture_object/q048/q048_t0010.50_det01_context.png,outputs/frame_checks/test_new_architecture_object/q048/q048_t0010.50_det01_bbox_crop.png,outputs/frame_checks/test_new_architecture_object/q048/q048_t0010.50_det01_sam_mask.png,outputs/frame_checks/test_new_architecture_object/q048/q048_t0010.50_det01_masked_crop.png,outputs/frame_checks/test_new_architecture_object/q048/q048_t0010.50_det01_debug.png
test_new_architecture_object,q048,video_06,12.500,375,1,3,a police car ,,a police car ,0.3261561095714569,"198.3,10.4,252.1,221.0","199.0,10.0,251.0,225.0",2794,-0.007958173751831055,0.024881964549422264,,,0.7037675380706787,0.48217716018358864,0.4183604384428374,outputs/frame_checks/test_new_architecture_object/q048/q048_t0012.50_det01_context.png,outputs/frame_checks/test_new_architecture_object/q048/q048_t0012.50_det01_bbox_crop.png,outputs/frame_checks/test_new_architecture_object/q048/q048_t0012.50_det01_sam_mask.png,outputs/frame_checks/test_new_architecture_object/q048/q048_t0012.50_det01_masked_crop.png,outputs/frame_checks/test_new_architecture_object/q048/q048_t0012.50_det01_debug.png
test_new_architecture_object,q048,video_06,26.000,780,1,5,a police car ,,a police car ,0.7726082801818848,"151.3,64.3,197.5,217.2","153.0,66.0,196.0,214.0",4241,0.0030422210693359375,0.007134042214602232,,,0.5449921369552613,0.5863446076711019,,outputs/frame_checks/test_new_architecture_object/q048/q048_t0026.00_det01_context.png,outputs/frame_checks/test_new_architecture_object/q048/q048_t0026.00_det01_bbox_crop.png,outputs/frame_checks/test_new_architecture_object/q048/q048_t0026.00_det01_sam_mask.png,outputs/frame_checks/test_new_architecture_object/q048/q048_t0026.00_det01_masked_crop.png,outputs/frame_checks/test_new_architecture_object/q048/q048_t0026.00_det01_debug.png
test_new_architecture_object,q048,video_06,27.000,810,1,7,a police car ,,a police car ,0.7971625328063965,"150.9,63.8,198.6,218.4","153.0,65.0,197.0,214.0",4265,-0.0017284685745835304,0.003794575808569789,,,0.5459938049316406,0.5878940184911092,,outputs/frame_checks/test_new_architecture_object/q048/q048_t0027.00_det01_context.png,outputs/frame_checks/test_new_architecture_object/q048/q048_t0027.00_det01_bbox_crop.png,outputs/frame_checks/test_new_architecture_object/q048/q048_t0027.00_det01_sam_mask.png,outputs/frame_checks/test_new_architecture_object/q048/q048_t0027.00_det01_masked_crop.png,outputs/frame_checks/test_new_architecture_object/q048/q048_t0027.00_det01_debug.png
test_new_architecture_object,q048,video_06,31.500,945,1,9,a police car ,,a police car ,0.26157069206237793,"202.4,10.3,219.3,118.6","204.0,10.0,218.0,119.0",1023,0.046187616884708405,0.0068529765121638775,,,0.6589744567871094,0.26853203773498535,0.29388459061015726,outputs/frame_checks/test_new_architecture_object/q048/q048_t0031.50_det01_context.png,outputs/frame_checks/test_new_architecture_object/q048/q048_t0031.50_det01_bbox_crop.png,outputs/frame_checks/test_new_architecture_object/q048/q048_t0031.50_det01_sam_mask.png,outputs/frame_checks/test_new_architecture_object/q048/q048_t0031.50_det01_masked_crop.png,outputs/frame_checks/test_new_architecture_object/q048/q048_t0031.50_det01_debug.png
test_new_architecture_object,q048,video_06,64.500,1935,1,24,a police car ,,a police car ,0.2776997983455658,"185.9,10.4,207.9,31.7","187.0,10.0,207.0,30.0",340,0.0449751578271389,0.02808486483991146,,,0.6152945995330811,0.08770233591397604,,outputs/frame_checks/test_new_architecture_object/q048/q048_t0064.50_det01_context.png,outputs/frame_checks/test_new_architecture_object/q048/q048_t0064.50_det01_bbox_crop.png,outputs/frame_checks/test_new_architecture_object/q048/q048_t0064.50_det01_sam_mask.png,outputs/frame_checks/test_new_architecture_object/q048/q048_t0064.50_det01_masked_crop.png,outputs/frame_checks/test_new_architecture_object/q048/q048_t0064.50_det01_debug.png
test_new_architecture_object,q048,video_06,129.000,3870,1,57,a police car ,,a police car ,0.4347042441368103,"142.2,36.9,149.1,42.8","142.0,37.0,149.0,43.0",35,0.039213940501213074,0.04662071168422699,,,0.4550491809844971,0.1659529685974121,0.1749504965573093,outputs/frame_checks/test_new_architecture_object/q048/q048_t0129.00_det01_context.png,outputs/frame_checks/test_new_architecture_object/q048/q048_t0129.00_det01_bbox_crop.png,outputs/frame_checks/test_new_architecture_object/q048/q048_t0129.00_det01_sam_mask.png,outputs/frame_checks/test_new_architecture_object/q048/q048_t0129.00_det01_masked_crop.png,outputs/frame_checks/test_new_architecture_object/q048/q048_t0129.00_det01_debug.png
test_new_architecture_object,q048,video_06,132.500,3975,1,58,a police car ,,a police car ,0.4526810944080353,"118.4,48.7,128.4,56.4","119.0,49.0,128.0,57.0",59,0.02929690293967724,0.07734701037406921,,,0.3856092929840088,0.21883490880330403,,outputs/frame_checks/test_new_architecture_object/q048/q048_t0132.50_det01_context.png,outputs/frame_checks/test_new_architecture_object/q048/q048_t0132.50_det01_bbox_crop.png,outputs/frame_checks/test_new_architecture_object/q048/q048_t0132.50_det01_sam_mask.png,outputs/frame_checks/test_new_architecture_object/q048/q048_t0132.50_det01_masked_crop.png,outputs/frame_checks/test_new_architecture_object/q048/q048_t0132.50_det01_debug.png
test_new_architecture_object,q046,video_06,165.000,4950,1,1,a person wearing a red cap,,a person wearing a red cap,0.3422706127166748,"168.6,91.7,240.3,208.8","170.0,94.0,241.0,210.0",4084,0.07032857835292816,0.0680350810289383,red,0.004162585828453302,0.6389510631561279,0.6259565989176432,,outputs/frame_checks/test_new_architecture_object/q046/q046_t0165.00_det01_context.png,outputs/frame_checks/test_new_architecture_object/q046/q046_t0165.00_det01_bbox_crop.png,outputs/frame_checks/test_new_architecture_object/q046/q046_t0165.00_det01_sam_mask.png,outputs/frame_checks/test_new_architecture_object/q046/q046_t0165.00_det01_masked_crop.png,outputs/frame_checks/test_new_architecture_object/q046/q046_t0165.00_det01_debug.png
test_new_architecture_object,q047,video_06,166.500,4995,1,1,TV,,TV,0.28659787774086,"224.0,14.9,252.1,105.8","225.0,16.0,251.0,105.0",1469,0.060743071138858795,0.05868911370635033,,,0.7439854145050049,0.2515607575575511,,outputs/frame_checks/test_new_architecture_object/q047/q047_t0166.50_det01_context.png,outputs/frame_checks/test_new_architecture_object/q047/q047_t0166.50_det01_bbox_crop.png,outputs/frame_checks/test_new_architecture_object/q047/q047_t0166.50_det01_sam_mask.png,outputs/frame_checks/test_new_architecture_object/q047/q047_t0166.50_det01_masked_crop.png,outputs/frame_checks/test_new_architecture_object/q047/q047_t0166.50_det01_debug.png
test_new_architecture_object,q047,video_06,167.000,5010,1,1,TV,,TV,0.30073264241218567,"223.8,14.6,251.9,109.2","225.0,16.0,251.0,108.0",1506,0.05230841040611267,0.061968374997377396,,,0.7433292865753174,0.2578228632609049,0.012592771212103024,outputs/frame_checks/test_new_architecture_object/q047/q047_t0167.00_det01_context.png,outputs/frame_checks/test_new_architecture_object/q047/q047_t0167.00_det01_bbox_crop.png,outputs/frame_checks/test_new_architecture_object/q047/q047_t0167.00_det01_sam_mask.png,outputs/frame_checks/test_new_architecture_object/q047/q047_t0167.00_det01_masked_crop.png,outputs/frame_checks/test_new_architecture_object/q047/q047_t0167.00_det01_debug.png
test_new_architecture_object,q046,video_06,175.000,5250,1,2,a person wearing a red cap,,a person wearing a red cap,0.28757360577583313,"186.7,10.5,207.2,30.8","188.0,10.0,207.0,30.0",328,0.02943967469036579,0.02352898381650448,red,0.07012195140123367,0.6154016733169556,0.08614055514335632,,outputs/frame_checks/test_new_architecture_object/q046/q046_t0175.00_det01_context.png,outputs/frame_checks/test_new_architecture_object/q046/q046_t0175.00_det01_bbox_crop.png,outputs/frame_checks/test_new_architecture_object/q046/q046_t0175.00_det01_sam_mask.png,outputs/frame_checks/test_new_architecture_object/q046/q046_t0175.00_det01_masked_crop.png,outputs/frame_checks/test_new_architecture_object/q046/q046_t0175.00_det01_debug.png
test_new_architecture_object,q046,video_06,175.500,5265,1,2,a person wearing a red cap,,a person wearing a red cap,0.2905570864677429,"186.2,10.5,207.2,31.1","188.0,10.0,207.0,30.0",336,0.0372287854552269,0.029964853078126907,red,0.125,0.614759087562561,0.08661641279856364,0.00159919599770666,outputs/frame_checks/test_new_architecture_object/q046/q046_t0175.50_det01_context.png,outputs/frame_checks/test_new_architecture_object/q046/q046_t0175.50_det01_bbox_crop.png,outputs/frame_checks/test_new_architecture_object/q046/q046_t0175.50_det01_sam_mask.png,outputs/frame_checks/test_new_architecture_object/q046/q046_t0175.50_det01_masked_crop.png,outputs/frame_checks/test_new_architecture_object/q046/q046_t0175.50_det01_debug.png
test_new_architecture_object,q047,video_06,181.000,5430,1,2,TV,,TV,0.3258596658706665,"224.0,14.8,252.1,105.2","225.0,15.0,251.0,103.0",1329,0.045929983258247375,0.05585645139217377,,,0.7439696788787842,0.2500159939130147,,outputs/frame_checks/test_new_architecture_object/q047/q047_t0181.00_det01_context.png,outputs/frame_checks/test_new_architecture_object/q047/q047_t0181.00_det01_bbox_crop.png,outputs/frame_checks/test_new_architecture_object/q047/q047_t0181.00_det01_sam_mask.png,outputs/frame_checks/test_new_architecture_object/q047/q047_t0181.00_det01_masked_crop.png,outputs/frame_checks/test_new_architecture_object/q047/q047_t0181.00_det01_debug.png
test_new_architecture_object,q047,video_06,181.500,5445,1,3,TV,,TV,0.4610804319381714,"121.4,102.4,235.1,202.8","122.0,104.0,233.0,202.0",7049,0.03300648182630539,0.03759550303220749,,,0.5570996880531311,0.6358910242716471,,outputs/frame_checks/test_new_architecture_object/q047/q047_t0181.50_det01_context.png,outputs/frame_checks/test_new_architecture_object/q047/q047_t0181.50_det01_bbox_crop.png,outputs/frame_checks/test_new_architecture_object/q047/q047_t0181.50_det01_sam_mask.png,outputs/frame_checks/test_new_architecture_object/q047/q047_t0181.50_det01_masked_crop.png,outputs/frame_checks/test_new_architecture_object/q047/q047_t0181.50_det01_debug.png
test_new_architecture_object,q046,video_06,182.500,5475,1,3,a person wearing a red cap,,a person wearing a red cap,0.40037262439727783,"35.5,81.3,108.5,196.4","35.0,83.0,107.0,194.0",3011,0.0584188848733902,0.06524953246116638,red,0.0,0.2250445604324341,0.5786065578460693,,outputs/frame_checks/test_new_architecture_object/q046/q046_t0182.50_det01_context.png,outputs/frame_checks/test_new_architecture_object/q046/q046_t0182.50_det01_bbox_crop.png,outputs/frame_checks/test_new_architecture_object/q046/q046_t0182.50_det01_sam_mask.png,outputs/frame_checks/test_new_architecture_object/q046/q046_t0182.50_det01_masked_crop.png,outputs/frame_checks/test_new_architecture_object/q046/q046_t0182.50_det01_debug.png
test_new_architecture_object,q048,video_06,193.500,5805,1,83,a police car ,,a police car ,0.2674408257007599,"186.5,9.9,207.4,30.9","188.0,10.0,207.0,30.0",346,0.0409533716738224,0.02765304408967495,,,0.615481686592102,0.08481380343437195,0.004779050021408203,outputs/frame_checks/test_new_architecture_object/q048/q048_t0193.50_det01_context.png,outputs/frame_checks/test_new_architecture_object/q048/q048_t0193.50_det01_bbox_crop.png,outputs/frame_checks/test_new_architecture_object/q048/q048_t0193.50_det01_sam_mask.png,outputs/frame_checks/test_new_architecture_object/q048/q048_t0193.50_det01_masked_crop.png,outputs/frame_checks/test_new_architecture_object/q048/q048_t0193.50_det01_debug.png
test_new_architecture_object,q046,video_06,203.000,6090,1,4,a person wearing a red cap,,a person wearing a red cap,0.3068676292896271,"186.1,10.0,207.2,30.8","188.0,10.0,207.0,30.0",343,0.0368083231151104,0.021275250241160393,red,0.13702623546123505,0.614579725265503,0.08515108029047648,,outputs/frame_checks/test_new_architecture_object/q046/q046_t0203.00_det01_context.png,outputs/frame_checks/test_new_architecture_object/q046/q046_t0203.00_det01_bbox_crop.png,outputs/frame_checks/test_new_architecture_object/q046/q046_t0203.00_det01_sam_mask.png,outputs/frame_checks/test_new_architecture_object/q046/q046_t0203.00_det01_masked_crop.png,outputs/frame_checks/test_new_architecture_object/q046/q046_t0203.00_det01_debug.png
test_new_architecture_object,q048,video_06,222.000,6660,1,89,a police car ,,a police car ,0.4806612730026245,"-0.0,84.9,4.2,94.3","0.0,85.0,4.0,94.0",28,0.0682256743311882,0.08388830721378326,,,0.006520148646086454,0.373387877146403,0.14290457884436375,outputs/frame_checks/test_new_architecture_object/q048/q048_t0222.00_det01_context.png,outputs/frame_checks/test_new_architecture_object/q048/q048_t0222.00_det01_bbox_crop.png,outputs/frame_checks/test_new_architecture_object/q048/q048_t0222.00_det01_sam_mask.png,outputs/frame_checks/test_new_architecture_object/q048/q048_t0222.00_det01_masked_crop.png,outputs/frame_checks/test_new_architecture_object/q048/q048_t0222.00_det01_debug.png
test_new_architecture_object,q048,video_06,237.500,7125,1,95,a police car ,,a police car ,0.5222968459129333,"-0.3,108.2,21.0,162.4","0.0,112.0,20.0,159.0",442,0.08009274303913116,0.10649032890796661,,,0.03238444328308106,0.5637989521026612,0.23832913901279712,outputs/frame_checks/test_new_architecture_object/q048/q048_t0237.50_det01_context.png,outputs/frame_checks/test_new_architecture_object/q048/q048_t0237.50_det01_bbox_crop.png,outputs/frame_checks/test_new_architecture_object/q048/q048_t0237.50_det01_sam_mask.png,outputs/frame_checks/test_new_architecture_object/q048/q048_t0237.50_det01_masked_crop.png,outputs/frame_checks/test_new_architecture_object/q048/q048_t0237.50_det01_debug.png
test_new_architecture_object,q055,video_07,0.000,0,1,1,a yellow dumpster filled with sand,,a yellow dumpster filled with sand,0.6582041382789612,"168.1,110.2,237.8,176.7","169.0,111.0,239.0,176.0",2898,0.15044865012168884,0.17707261443138123,yellow,0.07280883193016052,0.6341536521911622,0.5976292451222738,,outputs/frame_checks/test_new_architecture_object/q055/q055_t0000.00_det01_context.png,outputs/frame_checks/test_new_architecture_object/q055/q055_t0000.00_det01_bbox_crop.png,outputs/frame_checks/test_new_architecture_object/q055/q055_t0000.00_det01_sam_mask.png,outputs/frame_checks/test_new_architecture_object/q055/q055_t0000.00_det01_masked_crop.png,outputs/frame_checks/test_new_architecture_object/q055/q055_t0000.00_det01_debug.png
test_new_architecture_object,q056,video_07,0.000,0,1,1,a person wearing a red shirt,,a person wearing a red shirt,0.3569210469722748,"129.8,88.9,140.9,97.5","130.0,89.0,140.0,97.0",63,0.0664123147726059,0.07108008116483688,red,0.8253968358039856,0.422926664352417,0.38836169242858887,,outputs/frame_checks/test_new_architecture_object/q056/q056_t0000.00_det01_context.png,outputs/frame_checks/test_new_architecture_object/q056/q056_t0000.00_det01_bbox_crop.png,outputs/frame_checks/test_new_architecture_object/q056/q056_t0000.00_det01_sam_mask.png,outputs/frame_checks/test_new_architecture_object/q056/q056_t0000.00_det01_masked_crop.png,outputs/frame_checks/test_new_architecture_object/q056/q056_t0000.00_det01_debug.png
test_new_architecture_object,q057,video_07,0.000,0,1,1,a yellow-and-white car,,a yellow-and-white car,0.617101788520813,"133.6,77.0,181.8,105.4","132.0,76.0,182.0,105.0",827,0.1441253423690796,0.15896070003509521,"yellow,white",0.22490930557250977,0.4927683353424072,0.37990066210428874,,outputs/frame_checks/test_new_architecture_object/q057/q057_t0000.00_det01_context.png,outputs/frame_checks/test_new_architecture_object/q057/q057_t0000.00_det01_bbox_crop.png,outputs/frame_checks/test_new_architecture_object/q057/q057_t0000.00_det01_sam_mask.png,outputs/frame_checks/test_new_architecture_object/q057/q057_t0000.00_det01_masked_crop.png,outputs/frame_checks/test_new_architecture_object/q057/q057_t0000.00_det01_debug.png
test_new_architecture_object,q055,video_07,0.500,15,1,1,a yellow dumpster filled with sand,,a yellow dumpster filled with sand,0.6293583512306213,"168.0,110.1,237.6,176.4","169.0,111.0,239.0,175.0",2825,0.14816683530807495,0.1779845952987671,yellow,0.07610619813203812,0.6338233947753906,0.5970423380533855,0.0013468925245663146,outputs/frame_checks/test_new_architecture_object/q055/q055_t0000.50_det01_context.png,outputs/frame_checks/test_new_architecture_object/q055/q055_t0000.50_det01_bbox_crop.png,outputs/frame_checks/test_new_architecture_object/q055/q055_t0000.50_det01_sam_mask.png,outputs/frame_checks/test_new_architecture_object/q055/q055_t0000.50_det01_masked_crop.png,outputs/frame_checks/test_new_architecture_object/q055/q055_t0000.50_det01_debug.png
test_new_architecture_object,q056,video_07,0.500,15,1,1,a person wearing a red shirt,,a person wearing a red shirt,0.3306700587272644,"127.0,89.8,139.4,97.9","128.0,90.0,140.0,97.0",64,0.07834932208061218,0.08832015842199326,red,0.90625,0.4162071943283081,0.39121692975362143,0.014601870782493183,outputs/frame_checks/test_new_architecture_object/q056/q056_t0000.50_det01_context.png,outputs/frame_checks/test_new_architecture_object/q056/q056_t0000.50_det01_bbox_crop.png,outputs/frame_checks/test_new_architecture_object/q056/q056_t0000.50_det01_sam_mask.png,outputs/frame_checks/test_new_architecture_object/q056/q056_t0000.50_det01_masked_crop.png,outputs/frame_checks/test_new_architecture_object/q056/q056_t0000.50_det01_debug.png
test_new_architecture_object,q057,video_07,0.500,15,1,1,a yellow-and-white car,,a yellow-and-white car,0.7306980490684509,"131.7,77.0,181.9,105.9","132.0,76.0,182.0,105.0",980,0.14759278297424316,0.16094587743282318,"yellow,white",0.20306122303009033,0.49004569053649905,0.38114949862162273,0.0059907887247559015,outputs/frame_checks/test_new_architecture_object/q057/q057_t0000.50_det01_context.png,outputs/frame_checks/test_new_architecture_object/q057/q057_t0000.50_det01_bbox_crop.png,outputs/frame_checks/test_new_architecture_object/q057/q057_t0000.50_det01_sam_mask.png,outputs/frame_checks/test_new_architecture_object/q057/q057_t0000.50_det01_masked_crop.png,outputs/frame_checks/test_new_architecture_object/q057/q057_t0000.50_det01_debug.png
test_new_architecture_object,q055,video_07,1.000,30,1,1,a yellow dumpster filled with sand,,a yellow dumpster filled with sand,0.7036449909210205,"168.0,110.1,237.8,176.4","169.0,111.0,239.0,175.0",2843,0.14881114661693573,0.17971134185791016,yellow,0.07984523475170135,0.6340822696685791,0.5968600114186605,0.0006332747020162653,outputs/frame_checks/test_new_architecture_object/q055/q055_t0001.00_det01_context.png,outputs/frame_checks/test_new_architecture_object/q055/q055_t0001.00_det01_bbox_crop.png,outputs/frame_checks/test_new_architecture_object/q055/q055_t0001.00_det01_sam_mask.png,outputs/frame_checks/test_new_architecture_object/q055/q055_t0001.00_det01_masked_crop.png,outputs/frame_checks/test_new_architecture_object/q055/q055_t0001.00_det01_debug.png
test_new_architecture_object,q055,video_07,1.500,45,1,1,a yellow dumpster filled with sand,,a yellow dumpster filled with sand,0.692421555519104,"167.9,110.2,237.6,176.5","169.0,111.0,239.0,175.0",2831,0.14677396416664124,0.1831003725528717,yellow,0.08230306953191757,0.6336574077606201,0.5972596645355225,0.0011665851956064442,outputs/frame_checks/test_new_architecture_object/q055/q055_t0001.50_det01_context.png,outputs/frame_checks/test_new_architecture_object/q055/q055_t0001.50_det01_bbox_crop.png,outputs/frame_checks/test_new_architecture_object/q055/q055_t0001.50_det01_sam_mask.png,outputs/frame_checks/test_new_architecture_object/q055/q055_t0001.50_det01_masked_crop.png,outputs/frame_checks/test_new_architecture_object/q055/q055_t0001.50_det01_debug.png
test_new_architecture_object,q056,video_07,1.500,45,1,1,a person wearing a red shirt,,a person wearing a red shirt,0.420101135969162,"140.1,100.8,156.8,123.9","140.0,102.0,157.0,124.0",254,0.042761266231536865,0.03505127131938934,red,0.23228345811367035,0.46385581493377687,0.4679887135823568,0.0018906382930633093,outputs/frame_checks/test_new_architecture_object/q056/q056_t0001.50_det01_context.png,outputs/frame_checks/test_new_architecture_object/q056/q056_t0001.50_det01_bbox_crop.png,outputs/frame_checks/test_new_architecture_object/q056/q056_t0001.50_det01_sam_mask.png,outputs/frame_checks/test_new_architecture_object/q056/q056_t0001.50_det01_masked_crop.png,outputs/frame_checks/test_new_architecture_object/q056/q056_t0001.50_det01_debug.png
test_new_architecture_object,q056,video_07,2.000,60,1,1,a person wearing a red shirt,,a person wearing a red shirt,0.3983774185180664,"140.0,100.3,157.0,124.3","140.0,102.0,157.0,124.0",249,0.05029619112610817,0.03952712193131447,red,0.24497991800308228,0.464147686958313,0.467987060546875,0.0005837534110670992,outputs/frame_checks/test_new_architecture_object/q056/q056_t0002.00_det01_context.png,outputs/frame_checks/test_new_architecture_object/q056/q056_t0002.00_det01_bbox_crop.png,outputs/frame_checks/test_new_architecture_object/q056/q056_t0002.00_det01_sam_mask.png,outputs/frame_checks/test_new_architecture_object/q056/q056_t0002.00_det01_masked_crop.png,outputs/frame_checks/test_new_architecture_object/q056/q056_t0002.00_det01_debug.png
test_new_architecture_object,q057,video_07,2.000,60,1,1,a yellow-and-white car,,a yellow-and-white car,0.7276030778884888,"131.2,77.1,182.2,105.8","132.0,76.0,182.0,105.0",1016,0.1522463858127594,0.16113635897636414,"yellow,white",0.21161417663097382,0.48959481716156006,0.3809436480204264,0.0009851874308447835,outputs/frame_checks/test_new_architecture_object/q057/q057_t0002.00_det01_context.png,outputs/frame_checks/test_new_architecture_object/q057/q057_t0002.00_det01_bbox_crop.png,outputs/frame_checks/test_new_architecture_object/q057/q057_t0002.00_det01_sam_mask.png,outputs/frame_checks/test_new_architecture_object/q057/q057_t0002.00_det01_masked_crop.png,outputs/frame_checks/test_new_architecture_object/q057/q057_t0002.00_det01_debug.png
test_new_architecture_object,q056,video_07,3.000,90,1,1,a person wearing a red shirt,,a person wearing a red shirt,0.3408643901348114,"139.6,99.9,158.0,124.6","140.0,102.0,158.0,124.0",262,0.06935003399848938,0.0352378785610199,red,0.2862595319747925,0.4650191068649292,0.4677876949310303,0.00230078358407171,outputs/frame_checks/test_new_architecture_object/q056/q056_t0003.00_det01_context.png,outputs/frame_checks/test_new_architecture_object/q056/q056_t0003.00_det01_bbox_crop.png,outputs/frame_checks/test_new_architecture_object/q056/q056_t0003.00_det01_sam_mask.png,outputs/frame_checks/test_new_architecture_object/q056/q056_t0003.00_det01_masked_crop.png,outputs/frame_checks/test_new_architecture_object/q056/q056_t0003.00_det01_debug.png
test_new_architecture_object,q057,video_07,3.000,90,1,1,a yellow-and-white car,,a yellow-and-white car,0.7363688945770264,"131.2,77.2,182.3,105.6","132.0,76.0,182.0,105.0",847,0.14908339083194733,0.1633012294769287,"yellow,white",0.249114528298378,0.4898280382156372,0.3807161490122477,0.0024990677942199916,outputs/frame_checks/test_new_architecture_object/q057/q057_t0003.00_det01_context.png,outputs/frame_checks/test_new_architecture_object/q057/q057_t0003.00_det01_bbox_crop.png,outputs/frame_checks/test_new_architecture_object/q057/q057_t0003.00_det01_sam_mask.png,outputs/frame_checks/test_new_architecture_object/q057/q057_t0003.00_det01_masked_crop.png,outputs/frame_checks/test_new_architecture_object/q057/q057_t0003.00_det01_debug.png
test_new_architecture_object,q055,video_07,4.000,120,1,1,a yellow dumpster filled with sand,,a yellow dumpster filled with sand,0.6667985320091248,"167.6,110.1,237.6,176.3","169.0,111.0,239.0,176.0",2802,0.1436389982700348,0.18018457293510437,yellow,0.06388293951749802,0.6331149339675903,0.5966860771179199,0.0003369618785318186,outputs/frame_checks/test_new_architecture_object/q055/q055_t0004.00_det01_context.png,outputs/frame_checks/test_new_architecture_object/q055/q055_t0004.00_det01_bbox_crop.png,outputs/frame_checks/test_new_architecture_object/q055/q055_t0004.00_det01_sam_mask.png,outputs/frame_checks/test_new_architecture_object/q055/q055_t0004.00_det01_masked_crop.png,outputs/frame_checks/test_new_architecture_object/q055/q055_t0004.00_det01_debug.png
test_new_architecture_object,q056,video_07,4.000,120,1,1,a person wearing a red shirt,,a person wearing a red shirt,0.42522165179252625,"140.8,100.4,157.3,124.1","140.0,102.0,158.0,124.0",249,0.03609059378504753,0.039427947252988815,red,0.2530120611190796,0.46587185859680175,0.4677038033803304,0.001841105498110092,outputs/frame_checks/test_new_architecture_object/q056/q056_t0004.00_det01_context.png,outputs/frame_checks/test_new_architecture_object/q056/q056_t0004.00_det01_bbox_crop.png,outputs/frame_checks/test_new_architecture_object/q056/q056_t0004.00_det01_sam_mask.png,outputs/frame_checks/test_new_architecture_object/q056/q056_t0004.00_det01_masked_crop.png,outputs/frame_checks/test_new_architecture_object/q056/q056_t0004.00_det01_debug.png
test_new_architecture_object,q055,video_07,4.500,135,1,1,a yellow dumpster filled with sand,,a yellow dumpster filled with sand,0.6836427450180054,"167.6,110.1,237.6,176.3","169.0,111.0,239.0,176.0",2816,0.14395612478256226,0.18103131651878357,yellow,0.06321022659540176,0.6332104206085205,0.5966471354166667,0.00020624407572214368,outputs/frame_checks/test_new_architecture_object/q055/q055_t0004.50_det01_context.png,outputs/frame_checks/test_new_architecture_object/q055/q055_t0004.50_det01_bbox_crop.png,outputs/frame_checks/test_new_architecture_object/q055/q055_t0004.50_det01_sam_mask.png,outputs/frame_checks/test_new_architecture_object/q055/q055_t0004.50_det01_masked_crop.png,outputs/frame_checks/test_new_architecture_object/q055/q055_t0004.50_det01_debug.png
test_new_architecture_object,q056,video_07,4.500,135,1,1,a person wearing a red shirt,,a person wearing a red shirt,0.4357607960700989,"140.9,100.4,157.1,123.6","140.0,102.0,157.0,124.0",244,0.04358243942260742,0.04005511850118637,red,0.23360656201839447,0.46564254760742185,0.46675477027893064,0.0019526877450353841,outputs/frame_checks/test_new_architecture_object/q056/q056_t0004.50_det01_context.png,outputs/frame_checks/test_new_architecture_object/q056/q056_t0004.50_det01_bbox_crop.png,outputs/frame_checks/test_new_architecture_object/q056/q056_t0004.50_det01_sam_mask.png,outputs/frame_checks/test_new_architecture_object/q056/q056_t0004.50_det01_masked_crop.png,outputs/frame_checks/test_new_architecture_object/q056/q056_t0004.50_det01_debug.png
test_new_architecture_object,q055,video_07,5.000,150,1,1,a yellow dumpster filled with sand,,a yellow dumpster filled with sand,0.7198708057403564,"167.6,110.0,237.6,176.3","169.0,111.0,239.0,176.0",2823,0.14299537241458893,0.17895562946796417,yellow,0.06269925832748413,0.6331624269485474,0.5966355164845785,9.876013326205014e-05,outputs/frame_checks/test_new_architecture_object/q055/q055_t0005.00_det01_context.png,outputs/frame_checks/test_new_architecture_object/q055/q055_t0005.00_det01_bbox_crop.png,outputs/frame_checks/test_new_architecture_object/q055/q055_t0005.00_det01_sam_mask.png,outputs/frame_checks/test_new_architecture_object/q055/q055_t0005.00_det01_masked_crop.png,outputs/frame_checks/test_new_architecture_object/q055/q055_t0005.00_det01_debug.png
test_new_architecture_object,q055,video_07,5.500,165,1,1,a yellow dumpster filled with sand,,a yellow dumpster filled with sand,0.7207424640655518,"167.6,110.1,237.6,176.4","169.0,111.0,239.0,176.0",2809,0.14865410327911377,0.18174785375595093,yellow,0.07333570718765259,0.6330456018447876,0.5967677752176921,0.0003529332931492873,outputs/frame_checks/test_new_architecture_object/q055/q055_t0005.50_det01_context.png,outputs/frame_checks/test_new_architecture_object/q055/q055_t0005.50_det01_bbox_crop.png,outputs/frame_checks/test_new_architecture_object/q055/q055_t0005.50_det01_sam_mask.png,outputs/frame_checks/test_new_architecture_object/q055/q055_t0005.50_det01_masked_crop.png,outputs/frame_checks/test_new_architecture_object/q055/q055_t0005.50_det01_debug.png
test_new_architecture_object,q057,video_07,6.500,195,1,1,a yellow-and-white car,,a yellow-and-white car,0.7274454236030579,"130.9,77.6,181.0,104.5","132.0,80.0,182.0,105.0",774,0.13391990959644318,0.17055100202560425,"yellow,white",0.2416020631790161,0.4872574329376221,0.3794279098510742,0.006330146025957651,outputs/frame_checks/test_new_architecture_object/q057/q057_t0006.50_det01_context.png,outputs/frame_checks/test_new_architecture_object/q057/q057_t0006.50_det01_bbox_crop.png,outputs/frame_checks/test_new_architecture_object/q057/q057_t0006.50_det01_sam_mask.png,outputs/frame_checks/test_new_architecture_object/q057/q057_t0006.50_det01_masked_crop.png,outputs/frame_checks/test_new_architecture_object/q057/q057_t0006.50_det01_debug.png
test_new_architecture_object,q055,video_07,7.000,210,1,1,a yellow dumpster filled with sand,,a yellow dumpster filled with sand,0.7218475937843323,"167.7,110.1,237.6,176.5","169.0,111.0,239.0,176.0",2837,0.14770962297916412,0.1760181039571762,yellow,0.07225942611694336,0.6333014965057373,0.5971869786580404,0.00027449475129883355,outputs/frame_checks/test_new_architecture_object/q055/q055_t0007.00_det01_context.png,outputs/frame_checks/test_new_architecture_object/q055/q055_t0007.00_det01_bbox_crop.png,outputs/frame_checks/test_new_architecture_object/q055/q055_t0007.00_det01_sam_mask.png,outputs/frame_checks/test_new_architecture_object/q055/q055_t0007.00_det01_masked_crop.png,outputs/frame_checks/test_new_architecture_object/q055/q055_t0007.00_det01_debug.png
test_new_architecture_object,q055,video_07,8.500,255,1,1,a yellow dumpster filled with sand,,a yellow dumpster filled with sand,0.6373961567878723,"167.7,110.1,237.5,176.4","169.0,111.0,239.0,176.0",2835,0.14440016448497772,0.1843954473733902,yellow,0.08359788358211517,0.6331661224365235,0.5969529151916504,0.0008525692789940796,outputs/frame_checks/test_new_architecture_object/q055/q055_t0008.50_det01_context.png,outputs/frame_checks/test_new_architecture_object/q055/q055_t0008.50_det01_bbox_crop.png,outputs/frame_checks/test_new_architecture_object/q055/q055_t0008.50_det01_sam_mask.png,outputs/frame_checks/test_new_architecture_object/q055/q055_t0008.50_det01_masked_crop.png,outputs/frame_checks/test_new_architecture_object/q055/q055_t0008.50_det01_debug.png
test_new_architecture_object,q055,video_07,9.500,285,1,1,a yellow dumpster filled with sand,,a yellow dumpster filled with sand,0.6873766183853149,"167.7,110.1,237.6,176.4","169.0,111.0,239.0,176.0",2834,0.14266277849674225,0.18434499204158783,yellow,0.0836273804306984,0.6332840919494629,0.5969356854756673,0.001042067218432842,outputs/frame_checks/test_new_architecture_object/q055/q055_t0009.50_det01_context.png,outputs/frame_checks/test_new_architecture_object/q055/q055_t0009.50_det01_bbox_crop.png,outputs/frame_checks/test_new_architecture_object/q055/q055_t0009.50_det01_sam_mask.png,outputs/frame_checks/test_new_architecture_object/q055/q055_t0009.50_det01_masked_crop.png,outputs/frame_checks/test_new_architecture_object/q055/q055_t0009.50_det01_debug.png
test_new_architecture_object,q057,video_07,10.000,300,1,1,a yellow-and-white car,,a yellow-and-white car,0.7429778575897217,"131.3,76.1,182.5,105.7","132.0,76.0,182.0,105.0",839,0.13026082515716553,0.15874049067497253,"yellow,white",0.24076281487941742,0.4902575254440308,0.3787536938985189,0.002396608669113919,outputs/frame_checks/test_new_architecture_object/q057/q057_t0010.00_det01_context.png,outputs/frame_checks/test_new_architecture_object/q057/q057_t0010.00_det01_bbox_crop.png,outputs/frame_checks/test_new_architecture_object/q057/q057_t0010.00_det01_sam_mask.png,outputs/frame_checks/test_new_architecture_object/q057/q057_t0010.00_det01_masked_crop.png,outputs/frame_checks/test_new_architecture_object/q057/q057_t0010.00_det01_debug.png
test_new_architecture_object,q057,video_07,10.500,315,1,1,a yellow-and-white car,,a yellow-and-white car,0.7543022632598877,"131.3,77.5,182.0,104.8","132.0,76.0,182.0,105.0",774,0.13318216800689697,0.16161245107650757,"yellow,white",0.3010335862636566,0.4894577503204346,0.37977188428243003,0.0025894801842937113,outputs/frame_checks/test_new_architecture_object/q057/q057_t0010.50_det01_context.png,outputs/frame_checks/test_new_architecture_object/q057/q057_t0010.50_det01_bbox_crop.png,outputs/frame_checks/test_new_architecture_object/q057/q057_t0010.50_det01_sam_mask.png,outputs/frame_checks/test_new_architecture_object/q057/q057_t0010.50_det01_masked_crop.png,outputs/frame_checks/test_new_architecture_object/q057/q057_t0010.50_det01_debug.png
test_new_architecture_object,q055,video_07,11.000,330,1,1,a yellow dumpster filled with sand,,a yellow dumpster filled with sand,0.6414094567298889,"167.6,110.0,237.8,176.5","169.0,111.0,239.0,176.0",2858,0.14792944490909576,0.18667171895503998,yellow,0.09097270667552948,0.6334446430206299,0.5968198299407959,0.0005211977953191715,outputs/frame_checks/test_new_architecture_object/q055/q055_t0011.00_det01_context.png,outputs/frame_checks/test_new_architecture_object/q055/q055_t0011.00_det01_bbox_crop.png,outputs/frame_checks/test_new_architecture_object/q055/q055_t0011.00_det01_sam_mask.png,outputs/frame_checks/test_new_architecture_object/q055/q055_t0011.00_det01_masked_crop.png,outputs/frame_checks/test_new_architecture_object/q055/q055_t0011.00_det01_debug.png
test_new_architecture_object,q057,video_07,11.000,330,1,1,a yellow-and-white car,,a yellow-and-white car,0.7726899981498718,"131.5,76.7,182.5,104.9","132.0,76.0,182.0,103.0",820,0.14209751784801483,0.1504126340150833,"yellow,white",0.31829267740249634,0.49061501026153564,0.3783374309539795,0.00368613994459248,outputs/frame_checks/test_new_architecture_object/q057/q057_t0011.00_det01_context.png,outputs/frame_checks/test_new_architecture_object/q057/q057_t0011.00_det01_bbox_crop.png,outputs/frame_checks/test_new_architecture_object/q057/q057_t0011.00_det01_sam_mask.png,outputs/frame_checks/test_new_architecture_object/q057/q057_t0011.00_det01_masked_crop.png,outputs/frame_checks/test_new_architecture_object/q057/q057_t0011.00_det01_debug.png
test_new_architecture_object,q056,video_07,12.000,360,1,1,a person wearing a red shirt,,a person wearing a red shirt,0.36195942759513855,"145.1,106.9,162.0,131.2","146.0,108.0,163.0,131.0",254,0.0720217376947403,0.03661816567182541,red,0.11023622006177902,0.4798558473587036,0.49603179295857747,0.0050968355690828825,outputs/frame_checks/test_new_architecture_object/q056/q056_t0012.00_det01_context.png,outputs/frame_checks/test_new_architecture_object/q056/q056_t0012.00_det01_bbox_crop.png,outputs/frame_checks/test_new_architecture_object/q056/q056_t0012.00_det01_sam_mask.png,outputs/frame_checks/test_new_architecture_object/q056/q056_t0012.00_det01_masked_crop.png,outputs/frame_checks/test_new_architecture_object/q056/q056_t0012.00_det01_debug.png
test_new_architecture_object,q056,video_07,12.500,375,1,1,a person wearing a red shirt,,a person wearing a red shirt,0.3713285028934479,"169.7,87.4,180.8,100.6","170.0,88.0,181.0,100.0",115,0.039182838052511215,-0.00482935318723321,red,0.0260869562625885,0.5476571321487427,0.391705576578776,0.24884512165847358,outputs/frame_checks/test_new_architecture_object/q056/q056_t0012.50_det01_context.png,outputs/frame_checks/test_new_architecture_object/q056/q056_t0012.50_det01_bbox_crop.png,outputs/frame_checks/test_new_architecture_object/q056/q056_t0012.50_det01_sam_mask.png,outputs/frame_checks/test_new_architecture_object/q056/q056_t0012.50_det01_masked_crop.png,outputs/frame_checks/test_new_architecture_object/q056/q056_t0012.50_det01_debug.png
test_new_architecture_object,q057,video_07,12.500,375,1,1,a yellow-and-white car,,a yellow-and-white car,0.80536949634552,"131.7,77.9,182.0,106.1","132.0,80.0,182.0,105.0",779,0.14395247399806976,0.15581685304641724,"yellow,white",0.3555840849876404,0.4901566982269287,0.38331662813822426,0.00038045570418975374,outputs/frame_checks/test_new_architecture_object/q057/q057_t0012.50_det01_context.png,outputs/frame_checks/test_new_architecture_object/q057/q057_t0012.50_det01_bbox_crop.png,outputs/frame_checks/test_new_architecture_object/q057/q057_t0012.50_det01_sam_mask.png,outputs/frame_checks/test_new_architecture_object/q057/q057_t0012.50_det01_masked_crop.png,outputs/frame_checks/test_new_architecture_object/q057/q057_t0012.50_det01_debug.png
test_new_architecture_object,q056,video_07,13.000,390,1,1,a person wearing a red shirt,,a person wearing a red shirt,0.5024000406265259,"173.6,81.7,186.0,114.6","176.0,84.0,185.0,114.0",185,0.03670673817396164,0.024533923715353012,red,0.0054054055362939835,0.5617440462112426,0.40903088251749675,0.04465903598039396,outputs/frame_checks/test_new_architecture_object/q056/q056_t0013.00_det01_context.png,outputs/frame_checks/test_new_architecture_object/q056/q056_t0013.00_det01_bbox_crop.png,outputs/frame_checks/test_new_architecture_object/q056/q056_t0013.00_det01_sam_mask.png,outputs/frame_checks/test_new_architecture_object/q056/q056_t0013.00_det01_masked_crop.png,outputs/frame_checks/test_new_architecture_object/q056/q056_t0013.00_det01_debug.png
test_new_architecture_object,q057,video_07,13.000,390,1,1,a yellow-and-white car,,a yellow-and-white car,0.8175643086433411,"131.4,78.0,180.7,105.7","132.0,80.0,180.0,105.0",837,0.15771546959877014,0.17120689153671265,"yellow,white",0.3608124256134033,0.4876583099365234,0.38268394470214845,0.00515450574931055,outputs/frame_checks/test_new_architecture_object/q057/q057_t0013.00_det01_context.png,outputs/frame_checks/test_new_architecture_object/q057/q057_t0013.00_det01_bbox_crop.png,outputs/frame_checks/test_new_architecture_object/q057/q057_t0013.00_det01_sam_mask.png,outputs/frame_checks/test_new_architecture_object/q057/q057_t0013.00_det01_masked_crop.png,outputs/frame_checks/test_new_architecture_object/q057/q057_t0013.00_det01_debug.png
test_new_architecture_object,q057,video_07,13.500,405,1,1,a yellow-and-white car,,a yellow-and-white car,0.811561644077301,"131.4,77.5,181.5,105.7","132.0,80.0,180.0,105.0",893,0.16286809742450714,0.1806117296218872,"yellow,white",0.36058229207992554,0.48901565074920655,0.38172685305277504,0.0033216854198286788,outputs/frame_checks/test_new_architecture_object/q057/q057_t0013.50_det01_context.png,outputs/frame_checks/test_new_architecture_object/q057/q057_t0013.50_det01_bbox_crop.png,outputs/frame_checks/test_new_architecture_object/q057/q057_t0013.50_det01_sam_mask.png,outputs/frame_checks/test_new_architecture_object/q057/q057_t0013.50_det01_masked_crop.png,outputs/frame_checks/test_new_architecture_object/q057/q057_t0013.50_det01_debug.png
test_new_architecture_object,q055,video_07,18.000,540,1,1,a yellow dumpster filled with sand,,a yellow dumpster filled with sand,0.27171072363853455,"167.8,135.7,225.6,175.6","169.0,137.0,226.0,176.0",692,0.1850375384092331,0.12445772439241409,yellow,0.0,0.6146583557128906,0.648638375600179,0.10896862291499132,outputs/frame_checks/test_new_architecture_object/q055/q055_t0018.00_det01_context.png,outputs/frame_checks/test_new_architecture_object/q055/q055_t0018.00_det01_bbox_crop.png,outputs/frame_checks/test_new_architecture_object/q055/q055_t0018.00_det01_sam_mask.png,outputs/frame_checks/test_new_architecture_object/q055/q055_t0018.00_det01_masked_crop.png,outputs/frame_checks/test_new_architecture_object/q055/q055_t0018.00_det01_debug.png
test_new_architecture_object,q055,video_07,19.000,570,1,1,a yellow dumpster filled with sand,,a yellow dumpster filled with sand,0.25190281867980957,"167.8,136.2,225.0,175.4","169.0,138.0,225.0,176.0",686,0.19400319457054138,0.13016097247600555,yellow,0.0,0.6138683319091797,0.6492244084676106,0.11103865000990841,outputs/frame_checks/test_new_architecture_object/q055/q055_t0019.00_det01_context.png,outputs/frame_checks/test_new_architecture_object/q055/q055_t0019.00_det01_bbox_crop.png,outputs/frame_checks/test_new_architecture_object/q055/q055_t0019.00_det01_sam_mask.png,outputs/frame_checks/test_new_architecture_object/q055/q055_t0019.00_det01_masked_crop.png,outputs/frame_checks/test_new_architecture_object/q055/q055_t0019.00_det01_debug.png
test_new_architecture_object,q055,video_07,21.500,645,1,1,a yellow dumpster filled with sand,,a yellow dumpster filled with sand,0.6382147669792175,"167.6,110.0,237.7,176.7","169.0,111.0,237.0,176.0",2810,0.1429058313369751,0.18706846237182617,yellow,0.08256227523088455,0.6332639455795288,0.5972736358642579,0.0006423203261170805,outputs/frame_checks/test_new_architecture_object/q055/q055_t0021.50_det01_context.png,outputs/frame_checks/test_new_architecture_object/q055/q055_t0021.50_det01_bbox_crop.png,outputs/frame_checks/test_new_architecture_object/q055/q055_t0021.50_det01_sam_mask.png,outputs/frame_checks/test_new_architecture_object/q055/q055_t0021.50_det01_masked_crop.png,outputs/frame_checks/test_new_architecture_object/q055/q055_t0021.50_det01_debug.png
test_new_architecture_object,q055,video_07,22.500,675,1,1,a yellow dumpster filled with sand,,a yellow dumpster filled with sand,0.7222865223884583,"167.6,110.1,237.9,176.5","169.0,111.0,239.0,176.0",2850,0.14128775894641876,0.18466192483901978,yellow,0.07403508573770523,0.6335173845291138,0.596996545791626,0.001744053874250923,outputs/frame_checks/test_new_architecture_object/q055/q055_t0022.50_det01_context.png,outputs/frame_checks/test_new_architecture_object/q055/q055_t0022.50_det01_bbox_crop.png,outputs/frame_checks/test_new_architecture_object/q055/q055_t0022.50_det01_sam_mask.png,outputs/frame_checks/test_new_architecture_object/q055/q055_t0022.50_det01_masked_crop.png,outputs/frame_checks/test_new_architecture_object/q055/q055_t0022.50_det01_debug.png
test_new_architecture_object,q055,video_07,23.000,690,1,1,a yellow dumpster filled with sand,,a yellow dumpster filled with sand,0.6927626729011536,"167.5,110.1,237.8,176.5","169.0,111.0,239.0,176.0",2825,0.14513945579528809,0.18922199308872223,yellow,0.08460176736116409,0.6332531690597534,0.5970645109812419,0.0005456338744941141,outputs/frame_checks/test_new_architecture_object/q055/q055_t0023.00_det01_context.png,outputs/frame_checks/test_new_architecture_object/q055/q055_t0023.00_det01_bbox_crop.png,outputs/frame_checks/test_new_architecture_object/q055/q055_t0023.00_det01_sam_mask.png,outputs/frame_checks/test_new_architecture_object/q055/q055_t0023.00_det01_masked_crop.png,outputs/frame_checks/test_new_architecture_object/q055/q055_t0023.00_det01_debug.png
test_new_architecture_object,q055,video_07,23.500,705,1,1,a yellow dumpster filled with sand,,a yellow dumpster filled with sand,0.7650851607322693,"167.5,110.1,237.9,176.4","169.0,111.0,238.0,176.0",2779,0.14312686026096344,0.15499985218048096,yellow,0.08024469017982483,0.6334502696990967,0.5967756589253743,0.0006993830773145027,outputs/frame_checks/test_new_architecture_object/q055/q055_t0023.50_det01_context.png,outputs/frame_checks/test_new_architecture_object/q055/q055_t0023.50_det01_bbox_crop.png,outputs/frame_checks/test_new_architecture_object/q055/q055_t0023.50_det01_sam_mask.png,outputs/frame_checks/test_new_architecture_object/q055/q055_t0023.50_det01_masked_crop.png,outputs/frame_checks/test_new_architecture_object/q055/q055_t0023.50_det01_debug.png
test_new_architecture_object,q055,video_07,30.000,900,1,1,a yellow dumpster filled with sand,,a yellow dumpster filled with sand,0.7836176156997681,"167.6,110.1,238.3,176.6","169.0,111.0,238.0,176.0",2590,0.13825437426567078,0.16421204805374146,yellow,0.0714285746216774,0.634208869934082,0.5973652203877767,0.0019380479261849241,outputs/frame_checks/test_new_architecture_object/q055/q055_t0030.00_det01_context.png,outputs/frame_checks/test_new_architecture_object/q055/q055_t0030.00_det01_bbox_crop.png,outputs/frame_checks/test_new_architecture_object/q055/q055_t0030.00_det01_sam_mask.png,outputs/frame_checks/test_new_architecture_object/q055/q055_t0030.00_det01_masked_crop.png,outputs/frame_checks/test_new_architecture_object/q055/q055_t0030.00_det01_debug.png
test_new_architecture_object,q055,video_07,31.000,930,1,1,a yellow dumpster filled with sand,,a yellow dumpster filled with sand,0.8014765381813049,"168.1,110.2,237.9,176.5","169.0,111.0,239.0,176.0",2817,0.12900987267494202,0.1538764089345932,yellow,0.07738728821277618,0.6345030784606933,0.5972493330637614,0.0014218707148107533,outputs/frame_checks/test_new_architecture_object/q055/q055_t0031.00_det01_context.png,outputs/frame_checks/test_new_architecture_object/q055/q055_t0031.00_det01_bbox_crop.png,outputs/frame_checks/test_new_architecture_object/q055/q055_t0031.00_det01_sam_mask.png,outputs/frame_checks/test_new_architecture_object/q055/q055_t0031.00_det01_masked_crop.png,outputs/frame_checks/test_new_architecture_object/q055/q055_t0031.00_det01_debug.png
test_new_architecture_object,q056,video_07,50.000,1500,1,3,a person wearing a red shirt,,a person wearing a red shirt,0.2657988369464874,"149.2,112.9,168.2,134.1","150.0,114.0,168.0,132.0",242,0.051594167947769165,0.0026173731312155724,red,0.26859503984451294,0.49597735404968263,0.514595381418864,0.013563678166057034,outputs/frame_checks/test_new_architecture_object/q056/q056_t0050.00_det01_context.png,outputs/frame_checks/test_new_architecture_object/q056/q056_t0050.00_det01_bbox_crop.png,outputs/frame_checks/test_new_architecture_object/q056/q056_t0050.00_det01_sam_mask.png,outputs/frame_checks/test_new_architecture_object/q056/q056_t0050.00_det01_masked_crop.png,outputs/frame_checks/test_new_architecture_object/q056/q056_t0050.00_det01_debug.png
test_new_architecture_object,q056,video_07,51.000,1530,1,4,a person wearing a red shirt,,a person wearing a red shirt,0.528714656829834,"66.2,98.2,84.9,132.9","65.0,99.0,83.0,133.0",334,0.025060204789042473,0.03098617121577263,red,0.128742516040802,0.23607091903686522,0.48144847551981607,0.002137851745103916,outputs/frame_checks/test_new_architecture_object/q056/q056_t0051.00_det01_context.png,outputs/frame_checks/test_new_architecture_object/q056/q056_t0051.00_det01_bbox_crop.png,outputs/frame_checks/test_new_architecture_object/q056/q056_t0051.00_det01_sam_mask.png,outputs/frame_checks/test_new_architecture_object/q056/q056_t0051.00_det01_masked_crop.png,outputs/frame_checks/test_new_architecture_object/q056/q056_t0051.00_det01_debug.png
test_new_architecture_object,q056,video_07,55.500,1665,1,4,a person wearing a red shirt,,a person wearing a red shirt,0.6598461270332336,"75.4,115.2,92.4,147.2","76.0,115.0,92.0,149.0",331,0.023667898029088974,0.03531273081898689,red,0.19335347414016724,0.26219141483306885,0.5466596444447835,0.015831845738850436,outputs/frame_checks/test_new_architecture_object/q056/q056_t0055.50_det01_context.png,outputs/frame_checks/test_new_architecture_object/q056/q056_t0055.50_det01_bbox_crop.png,outputs/frame_checks/test_new_architecture_object/q056/q056_t0055.50_det01_sam_mask.png,outputs/frame_checks/test_new_architecture_object/q056/q056_t0055.50_det01_masked_crop.png,outputs/frame_checks/test_new_architecture_object/q056/q056_t0055.50_det01_debug.png
test_new_architecture_object,q057,video_07,66.000,1980,1,1,a yellow-and-white car,,a yellow-and-white car,0.45474642515182495,"55.1,57.1,76.7,71.1","56.0,58.0,76.0,71.0",197,0.13759776949882507,0.08755473792552948,"yellow,white",0.08121827244758606,0.2059160828590393,0.26720916430155434,0.0440561066516836,outputs/frame_checks/test_new_architecture_object/q057/q057_t0066.00_det01_context.png,outputs/frame_checks/test_new_architecture_object/q057/q057_t0066.00_det01_bbox_crop.png,outputs/frame_checks/test_new_architecture_object/q057/q057_t0066.00_det01_sam_mask.png,outputs/frame_checks/test_new_architecture_object/q057/q057_t0066.00_det01_masked_crop.png,outputs/frame_checks/test_new_architecture_object/q057/q057_t0066.00_det01_debug.png
test_new_architecture_object,q056,video_07,75.000,2250,1,4,a person wearing a red shirt,,a person wearing a red shirt,0.45279115438461304,"80.1,120.1,98.1,158.7","82.0,120.0,97.0,159.0",370,0.040400274097919464,0.0430881567299366,red,0.31081080436706543,0.2783837914466858,0.580847978591919,0.03160738112689598,outputs/frame_checks/test_new_architecture_object/q056/q056_t0075.00_det01_context.png,outputs/frame_checks/test_new_architecture_object/q056/q056_t0075.00_det01_bbox_crop.png,outputs/frame_checks/test_new_architecture_object/q056/q056_t0075.00_det01_sam_mask.png,outputs/frame_checks/test_new_architecture_object/q056/q056_t0075.00_det01_masked_crop.png,outputs/frame_checks/test_new_architecture_object/q056/q056_t0075.00_det01_debug.png
test_new_architecture_object,q057,video_07,75.000,2250,1,2,a yellow-and-white car,,a yellow-and-white car,0.359416663646698,"230.4,82.1,280.1,111.3","231.0,84.0,279.0,111.0",777,0.0995771735906601,0.10237622261047363,"yellow,white",0.001287001301534474,0.797612977027893,0.40287370681762696,0.000513194427963064,outputs/frame_checks/test_new_architecture_object/q057/q057_t0075.00_det01_context.png,outputs/frame_checks/test_new_architecture_object/q057/q057_t0075.00_det01_bbox_crop.png,outputs/frame_checks/test_new_architecture_object/q057/q057_t0075.00_det01_sam_mask.png,outputs/frame_checks/test_new_architecture_object/q057/q057_t0075.00_det01_masked_crop.png,outputs/frame_checks/test_new_architecture_object/q057/q057_t0075.00_det01_debug.png
test_new_architecture_object,q056,video_07,88.500,2655,1,4,a person wearing a red shirt,,a person wearing a red shirt,0.6645461320877075,"71.6,108.4,93.1,151.7","73.0,110.0,90.0,151.0",362,0.03147624433040619,0.05004590004682541,red,0.11049723625183105,0.25735247135162354,0.5418710072835287,0.04938504514335286,outputs/frame_checks/test_new_architecture_object/q056/q056_t0088.50_det01_context.png,outputs/frame_checks/test_new_architecture_object/q056/q056_t0088.50_det01_bbox_crop.png,outputs/frame_checks/test_new_architecture_object/q056/q056_t0088.50_det01_sam_mask.png,outputs/frame_checks/test_new_architecture_object/q056/q056_t0088.50_det01_masked_crop.png,outputs/frame_checks/test_new_architecture_object/q056/q056_t0088.50_det01_debug.png
test_new_architecture_object,q057,video_07,92.000,2760,1,3,a yellow-and-white car,,a yellow-and-white car,0.3369608521461487,"217.1,86.4,269.4,112.1","218.0,88.0,270.0,114.0",449,0.13706856966018677,0.0818106085062027,"yellow,white",0.25167039036750793,0.7601724624633789,0.41340885162353513,0.12699310339639425,outputs/frame_checks/test_new_architecture_object/q057/q057_t0092.00_det01_context.png,outputs/frame_checks/test_new_architecture_object/q057/q057_t0092.00_det01_bbox_crop.png,outputs/frame_checks/test_new_architecture_object/q057/q057_t0092.00_det01_sam_mask.png,outputs/frame_checks/test_new_architecture_object/q057/q057_t0092.00_det01_masked_crop.png,outputs/frame_checks/test_new_architecture_object/q057/q057_t0092.00_det01_debug.png
test_new_architecture_object,q057,video_07,93.000,2790,1,3,a yellow-and-white car,,a yellow-and-white car,0.2827879786491394,"222.4,90.1,276.9,122.4","224.0,91.0,276.0,122.0",455,0.1593826711177826,0.08397532254457474,"yellow,white",0.23736263811588287,0.7802656173706055,0.442760705947876,0.002904613459884092,outputs/frame_checks/test_new_architecture_object/q057/q057_t0093.00_det01_context.png,outputs/frame_checks/test_new_architecture_object/q057/q057_t0093.00_det01_bbox_crop.png,outputs/frame_checks/test_new_architecture_object/q057/q057_t0093.00_det01_sam_mask.png,outputs/frame_checks/test_new_architecture_object/q057/q057_t0093.00_det01_masked_crop.png,outputs/frame_checks/test_new_architecture_object/q057/q057_t0093.00_det01_debug.png
test_new_architecture_object,q056,video_07,103.000,3090,1,4,a person wearing a red shirt,,a person wearing a red shirt,0.7331298589706421,"74.3,115.1,96.4,153.7","76.0,115.0,95.0,153.0",409,0.03752338886260986,0.048116862773895264,red,0.21026894450187683,0.2666500210762024,0.5601069450378418,0.01679555599405015,outputs/frame_checks/test_new_architecture_object/q056/q056_t0103.00_det01_context.png,outputs/frame_checks/test_new_architecture_object/q056/q056_t0103.00_det01_bbox_crop.png,outputs/frame_checks/test_new_architecture_object/q056/q056_t0103.00_det01_sam_mask.png,outputs/frame_checks/test_new_architecture_object/q056/q056_t0103.00_det01_masked_crop.png,outputs/frame_checks/test_new_architecture_object/q056/q056_t0103.00_det01_debug.png
test_new_architecture_object,q056,video_07,150.000,4500,1,4,a person wearing a red shirt,,a person wearing a red shirt,0.3362598419189453,"83.1,119.1,99.5,155.9","84.0,120.0,99.0,156.0",305,0.043966688215732574,0.03348735719919205,red,0.32786884903907776,0.28527653217315674,0.5729407469431559,0.006159347393583529,outputs/frame_checks/test_new_architecture_object/q056/q056_t0150.00_det01_context.png,outputs/frame_checks/test_new_architecture_object/q056/q056_t0150.00_det01_bbox_crop.png,outputs/frame_checks/test_new_architecture_object/q056/q056_t0150.00_det01_sam_mask.png,outputs/frame_checks/test_new_architecture_object/q056/q056_t0150.00_det01_masked_crop.png,outputs/frame_checks/test_new_architecture_object/q056/q056_t0150.00_det01_debug.png
test_new_architecture_object,q057,video_07,150.000,4500,1,3,a yellow-and-white car,,a yellow-and-white car,0.6962010860443115,"133.2,72.9,179.3,103.1","135.0,74.0,179.0,102.0",820,0.1051396057009697,0.12489549070596695,"yellow,white",0.18292683362960815,0.4883838415145874,0.36662247975667317,0.00735842441541506,outputs/frame_checks/test_new_architecture_object/q057/q057_t0150.00_det01_context.png,outputs/frame_checks/test_new_architecture_object/q057/q057_t0150.00_det01_bbox_crop.png,outputs/frame_checks/test_new_architecture_object/q057/q057_t0150.00_det01_sam_mask.png,outputs/frame_checks/test_new_architecture_object/q057/q057_t0150.00_det01_masked_crop.png,outputs/frame_checks/test_new_architecture_object/q057/q057_t0150.00_det01_debug.png
test_new_architecture_object,q056,video_07,161.000,4830,1,6,a person wearing a red shirt,,a person wearing a red shirt,0.28933143615722656,"81.1,131.3,99.4,155.4","82.0,133.0,100.0,156.0",272,0.06304745376110077,0.005604632198810577,red,0.11764705926179886,0.2820320129394531,0.5972866376241048,0.00933635890863732,outputs/frame_checks/test_new_architecture_object/q056/q056_t0161.00_det01_context.png,outputs/frame_checks/test_new_architecture_object/q056/q056_t0161.00_det01_bbox_crop.png,outputs/frame_checks/test_new_architecture_object/q056/q056_t0161.00_det01_sam_mask.png,outputs/frame_checks/test_new_architecture_object/q056/q056_t0161.00_det01_masked_crop.png,outputs/frame_checks/test_new_architecture_object/q056/q056_t0161.00_det01_debug.png
test_new_architecture_object,q056,video_07,181.500,5445,1,6,a person wearing a red shirt,,a person wearing a red shirt,0.2859046161174774,"163.9,119.3,176.8,131.4","165.0,119.0,176.0,131.0",89,0.04782422259449959,-0.016952037811279297,red,0.0,0.5323779582977295,0.5221151192982991,0.17966079302691337,outputs/frame_checks/test_new_architecture_object/q056/q056_t0181.50_det01_context.png,outputs/frame_checks/test_new_architecture_object/q056/q056_t0181.50_det01_bbox_crop.png,outputs/frame_checks/test_new_architecture_object/q056/q056_t0181.50_det01_sam_mask.png,outputs/frame_checks/test_new_architecture_object/q056/q056_t0181.50_det01_masked_crop.png,outputs/frame_checks/test_new_architecture_object/q056/q056_t0181.50_det01_debug.png
test_new_architecture_object,q056,video_07,225.000,6750,1,10,a person wearing a red shirt,,a person wearing a red shirt,0.3445257842540741,"144.8,105.9,161.9,128.9","146.0,108.0,161.0,128.0",223,0.04362395405769348,0.03259625285863876,red,0.1704035848379135,0.4791761875152588,0.48914318084716796,0.040940187309001425,outputs/frame_checks/test_new_architecture_object/q056/q056_t0225.00_det01_context.png,outputs/frame_checks/test_new_architecture_object/q056/q056_t0225.00_det01_bbox_crop.png,outputs/frame_checks/test_new_architecture_object/q056/q056_t0225.00_det01_sam_mask.png,outputs/frame_checks/test_new_architecture_object/q056/q056_t0225.00_det01_masked_crop.png,outputs/frame_checks/test_new_architecture_object/q056/q056_t0225.00_det01_debug.png
test_new_architecture_object,q057,video_07,225.000,6750,1,3,a yellow-and-white car,,a yellow-and-white car,0.7687965035438538,"132.7,72.1,184.9,100.5","134.0,74.0,184.0,100.0",898,0.14533594250679016,0.16302527487277985,"yellow,white",0.23162584006786346,0.49614505767822265,0.3596867879231771,0.043087915627934216,outputs/frame_checks/test_new_architecture_object/q057/q057_t0225.00_det01_context.png,outputs/frame_checks/test_new_architecture_object/q057/q057_t0225.00_det01_bbox_crop.png,outputs/frame_checks/test_new_architecture_object/q057/q057_t0225.00_det01_sam_mask.png,outputs/frame_checks/test_new_architecture_object/q057/q057_t0225.00_det01_masked_crop.png,outputs/frame_checks/test_new_architecture_object/q057/q057_t0225.00_det01_debug.png
test_new_architecture_object,q064,video_08,0.000,0,1,1,a person wearing a red cap,,a person wearing a red cap,0.3260648548603058,"178.6,28.4,200.9,93.6","179.0,30.0,200.0,89.0",449,0.10654020309448242,0.09399128705263138,red,0.1269487738609314,0.592936635017395,0.25421368281046547,,outputs/frame_checks/test_new_architecture_object/q064/q064_t0000.00_det01_context.png,outputs/frame_checks/test_new_architecture_object/q064/q064_t0000.00_det01_bbox_crop.png,outputs/frame_checks/test_new_architecture_object/q064/q064_t0000.00_det01_sam_mask.png,outputs/frame_checks/test_new_architecture_object/q064/q064_t0000.00_det01_masked_crop.png,outputs/frame_checks/test_new_architecture_object/q064/q064_t0000.00_det01_debug.png
test_new_architecture_object,q065,video_08,0.000,0,1,1,a person wearing yellow shorts,,a person wearing yellow shorts,0.3102262616157532,"32.4,65.8,44.9,77.4","33.0,67.0,45.0,77.0",97,0.0933995246887207,0.0653868243098259,yellow,0.030927835032343864,0.12069552540779113,0.29832247098286946,,outputs/frame_checks/test_new_architecture_object/q065/q065_t0000.00_det01_context.png,outputs/frame_checks/test_new_architecture_object/q065/q065_t0000.00_det01_bbox_crop.png,outputs/frame_checks/test_new_architecture_object/q065/q065_t0000.00_det01_sam_mask.png,outputs/frame_checks/test_new_architecture_object/q065/q065_t0000.00_det01_masked_crop.png,outputs/frame_checks/test_new_architecture_object/q065/q065_t0000.00_det01_debug.png
test_new_architecture_object,q064,video_08,0.500,15,1,1,a person wearing a red cap,,a person wearing a red cap,0.4843103587627411,"176.8,28.4,200.1,69.7","178.0,30.0,199.0,69.0",437,0.10106076300144196,0.12313823401927948,red,0.15789473056793213,0.588838529586792,0.20422617197036744,0.10031043232105535,outputs/frame_checks/test_new_architecture_object/q064/q064_t0000.50_det01_context.png,outputs/frame_checks/test_new_architecture_object/q064/q064_t0000.50_det01_bbox_crop.png,outputs/frame_checks/test_new_architecture_object/q064/q064_t0000.50_det01_sam_mask.png,outputs/frame_checks/test_new_architecture_object/q064/q064_t0000.50_det01_masked_crop.png,outputs/frame_checks/test_new_architecture_object/q064/q064_t0000.50_det01_debug.png
test_new_architecture_object,q065,video_08,0.500,15,1,1,a person wearing yellow shorts,,a person wearing yellow shorts,0.3151453733444214,"32.4,65.8,44.9,77.3","33.0,67.0,45.0,77.0",96,0.09190993010997772,0.06682281941175461,yellow,0.03125,0.1207801878452301,0.29823395411173503,0.00024497318047930473,outputs/frame_checks/test_new_architecture_object/q065/q065_t0000.50_det01_context.png,outputs/frame_checks/test_new_architecture_object/q065/q065_t0000.50_det01_bbox_crop.png,outputs/frame_checks/test_new_architecture_object/q065/q065_t0000.50_det01_sam_mask.png,outputs/frame_checks/test_new_architecture_object/q065/q065_t0000.50_det01_masked_crop.png,outputs/frame_checks/test_new_architecture_object/q065/q065_t0000.50_det01_debug.png
test_new_architecture_object,q065,video_08,1.000,30,1,1,a person wearing yellow shorts,,a person wearing yellow shorts,0.308241069316864,"32.5,65.8,44.9,77.3","33.0,67.0,45.0,77.0",96,0.0912613719701767,0.0672084242105484,yellow,0.03125,0.12086539268493653,0.29819480578104657,0.00018753619922660613,outputs/frame_checks/test_new_architecture_object/q065/q065_t0001.00_det01_context.png,outputs/frame_checks/test_new_architecture_object/q065/q065_t0001.00_det01_bbox_crop.png,outputs/frame_checks/test_new_architecture_object/q065/q065_t0001.00_det01_sam_mask.png,outputs/frame_checks/test_new_architecture_object/q065/q065_t0001.00_det01_masked_crop.png,outputs/frame_checks/test_new_architecture_object/q065/q065_t0001.00_det01_debug.png
test_new_architecture_object,q064,video_08,1.500,45,1,1,a person wearing a red cap,,a person wearing a red cap,0.2972090244293213,"179.1,28.5,201.7,91.6","179.0,30.0,201.0,89.0",572,0.09853523969650269,0.13250461220741272,red,0.139860138297081,0.5949946165084838,0.25014313459396365,0.09994183321735921,outputs/frame_checks/test_new_architecture_object/q064/q064_t0001.50_det01_context.png,outputs/frame_checks/test_new_architecture_object/q064/q064_t0001.50_det01_bbox_crop.png,outputs/frame_checks/test_new_architecture_object/q064/q064_t0001.50_det01_sam_mask.png,outputs/frame_checks/test_new_architecture_object/q064/q064_t0001.50_det01_masked_crop.png,outputs/frame_checks/test_new_architecture_object/q064/q064_t0001.50_det01_debug.png
test_new_architecture_object,q065,video_08,1.500,45,1,1,a person wearing yellow shorts,,a person wearing yellow shorts,0.3069598376750946,"32.5,65.8,44.8,77.2","33.0,67.0,45.0,77.0",94,0.09098140895366669,0.0691356360912323,yellow,0.021276595070958138,0.12078348994255066,0.2979714393615723,0.00047581768171891717,outputs/frame_checks/test_new_architecture_object/q065/q065_t0001.50_det01_context.png,outputs/frame_checks/test_new_architecture_object/q065/q065_t0001.50_det01_bbox_crop.png,outputs/frame_checks/test_new_architecture_object/q065/q065_t0001.50_det01_sam_mask.png,outputs/frame_checks/test_new_architecture_object/q065/q065_t0001.50_det01_masked_crop.png,outputs/frame_checks/test_new_architecture_object/q065/q065_t0001.50_det01_debug.png
test_new_architecture_object,q066,video_08,1.500,45,1,1,a person wearing a red T-shirt,,a person wearing a red T-shirt,0.253664493560791,"309.8,99.5,320.1,121.2","311.0,102.0,320.0,122.0",114,0.08741697669029236,0.016231846064329147,red,0.9561403393745422,0.9841061115264893,0.4596502463022868,,outputs/frame_checks/test_new_architecture_object/q066/q066_t0001.50_det01_context.png,outputs/frame_checks/test_new_architecture_object/q066/q066_t0001.50_det01_bbox_crop.png,outputs/frame_checks/test_new_architecture_object/q066/q066_t0001.50_det01_sam_mask.png,outputs/frame_checks/test_new_architecture_object/q066/q066_t0001.50_det01_masked_crop.png,outputs/frame_checks/test_new_architecture_object/q066/q066_t0001.50_det01_debug.png
test_new_architecture_object,q064,video_08,2.000,60,1,1,a person wearing a red cap,,a person wearing a red cap,0.5843063592910767,"177.7,29.0,203.3,92.1","179.0,30.0,202.0,92.0",751,0.10020862519741058,0.13357850909233093,red,0.13581891357898712,0.5953336238861084,0.2523709535598755,0.0045069294855635015,outputs/frame_checks/test_new_architecture_object/q064/q064_t0002.00_det01_context.png,outputs/frame_checks/test_new_architecture_object/q064/q064_t0002.00_det01_bbox_crop.png,outputs/frame_checks/test_new_architecture_object/q064/q064_t0002.00_det01_sam_mask.png,outputs/frame_checks/test_new_architecture_object/q064/q064_t0002.00_det01_masked_crop.png,outputs/frame_checks/test_new_architecture_object/q064/q064_t0002.00_det01_debug.png
test_new_architecture_object,q065,video_08,2.000,60,1,1,a person wearing yellow shorts,,a person wearing yellow shorts,0.2963252365589142,"32.4,65.8,44.8,77.2","33.0,67.0,45.0,77.0",96,0.09365402162075043,0.06068117171525955,yellow,0.03125,0.12068750858306884,0.29792985916137693,0.0002092016674528413,outputs/frame_checks/test_new_architecture_object/q065/q065_t0002.00_det01_context.png,outputs/frame_checks/test_new_architecture_object/q065/q065_t0002.00_det01_bbox_crop.png,outputs/frame_checks/test_new_architecture_object/q065/q065_t0002.00_det01_sam_mask.png,outputs/frame_checks/test_new_architecture_object/q065/q065_t0002.00_det01_masked_crop.png,outputs/frame_checks/test_new_architecture_object/q065/q065_t0002.00_det01_debug.png
test_new_architecture_object,q065,video_08,3.500,105,1,1,a person wearing yellow shorts,,a person wearing yellow shorts,0.3078252077102661,"32.4,65.8,44.9,77.3","33.0,67.0,45.0,77.0",98,0.09844008088111877,0.06433136761188507,yellow,0.020408162847161293,0.12073449492454529,0.29823737144470214,0.0003345529585751618,outputs/frame_checks/test_new_architecture_object/q065/q065_t0003.50_det01_context.png,outputs/frame_checks/test_new_architecture_object/q065/q065_t0003.50_det01_bbox_crop.png,outputs/frame_checks/test_new_architecture_object/q065/q065_t0003.50_det01_sam_mask.png,outputs/frame_checks/test_new_architecture_object/q065/q065_t0003.50_det01_masked_crop.png,outputs/frame_checks/test_new_architecture_object/q065/q065_t0003.50_det01_debug.png
test_new_architecture_object,q065,video_08,4.000,120,1,1,a person wearing yellow shorts,,a person wearing yellow shorts,0.3152426481246948,"32.4,65.8,44.9,77.3","33.0,67.0,45.0,77.0",97,0.09836598485708237,0.07006458938121796,yellow,0.05154639109969139,0.12067794799804688,0.298059622446696,0.0003730536754334894,outputs/frame_checks/test_new_architecture_object/q065/q065_t0004.00_det01_context.png,outputs/frame_checks/test_new_architecture_object/q065/q065_t0004.00_det01_bbox_crop.png,outputs/frame_checks/test_new_architecture_object/q065/q065_t0004.00_det01_sam_mask.png,outputs/frame_checks/test_new_architecture_object/q065/q065_t0004.00_det01_masked_crop.png,outputs/frame_checks/test_new_architecture_object/q065/q065_t0004.00_det01_debug.png
test_new_architecture_object,q065,video_08,4.500,135,1,1,a person wearing yellow shorts,,a person wearing yellow shorts,0.2981964647769928,"32.4,65.8,44.9,77.3","33.0,67.0,45.0,77.0",96,0.09674887359142303,0.057529859244823456,yellow,0.0625,0.12079188823699952,0.29805177052815757,0.0002284209331678612,outputs/frame_checks/test_new_architecture_object/q065/q065_t0004.50_det01_context.png,outputs/frame_checks/test_new_architecture_object/q065/q065_t0004.50_det01_bbox_crop.png,outputs/frame_checks/test_new_architecture_object/q065/q065_t0004.50_det01_sam_mask.png,outputs/frame_checks/test_new_architecture_object/q065/q065_t0004.50_det01_masked_crop.png,outputs/frame_checks/test_new_architecture_object/q065/q065_t0004.50_det01_debug.png
test_new_architecture_object,q064,video_08,5.500,165,1,1,a person wearing a red cap,,a person wearing a red cap,0.3512280583381653,"180.5,47.3,193.8,57.2","181.0,48.0,193.0,57.0",82,0.1127740889787674,0.07207022607326508,red,0.9390243887901306,0.5848050594329834,0.21764523188273113,0.23407624004041727,outputs/frame_checks/test_new_architecture_object/q064/q064_t0005.50_det01_context.png,outputs/frame_checks/test_new_architecture_object/q064/q064_t0005.50_det01_bbox_crop.png,outputs/frame_checks/test_new_architecture_object/q064/q064_t0005.50_det01_sam_mask.png,outputs/frame_checks/test_new_architecture_object/q064/q064_t0005.50_det01_masked_crop.png,outputs/frame_checks/test_new_architecture_object/q064/q064_t0005.50_det01_debug.png
test_new_architecture_object,q064,video_08,6.000,180,1,1,a person wearing a red cap,,a person wearing a red cap,0.5443283319473267,"174.9,49.0,204.1,131.5","177.0,50.0,202.0,130.0",1203,0.12103219330310822,0.13560424745082855,red,0.17456358671188354,0.5922072649002075,0.3761169989903768,0.31728910234042956,outputs/frame_checks/test_new_architecture_object/q064/q064_t0006.00_det01_context.png,outputs/frame_checks/test_new_architecture_object/q064/q064_t0006.00_det01_bbox_crop.png,outputs/frame_checks/test_new_architecture_object/q064/q064_t0006.00_det01_sam_mask.png,outputs/frame_checks/test_new_architecture_object/q064/q064_t0006.00_det01_masked_crop.png,outputs/frame_checks/test_new_architecture_object/q064/q064_t0006.00_det01_debug.png
test_new_architecture_object,q065,video_08,6.000,180,1,1,a person wearing yellow shorts,,a person wearing yellow shorts,0.30455994606018066,"32.3,65.7,44.9,77.4","33.0,67.0,45.0,77.0",96,0.1011529415845871,0.059307001531124115,yellow,0.0833333358168602,0.12061874866485596,0.29808712005615234,6.600984833569183e-05,outputs/frame_checks/test_new_architecture_object/q065/q065_t0006.00_det01_context.png,outputs/frame_checks/test_new_architecture_object/q065/q065_t0006.00_det01_bbox_crop.png,outputs/frame_checks/test_new_architecture_object/q065/q065_t0006.00_det01_sam_mask.png,outputs/frame_checks/test_new_architecture_object/q065/q065_t0006.00_det01_masked_crop.png,outputs/frame_checks/test_new_architecture_object/q065/q065_t0006.00_det01_debug.png
test_new_architecture_object,q065,video_08,7.000,210,1,1,a person wearing yellow shorts,,a person wearing yellow shorts,0.3029945492744446,"32.3,65.8,44.8,77.3","33.0,67.0,45.0,77.0",97,0.10212710499763489,0.059276677668094635,yellow,0.07216494530439377,0.12053117752075196,0.2981245676676432,0.0002110814593346587,outputs/frame_checks/test_new_architecture_object/q065/q065_t0007.00_det01_context.png,outputs/frame_checks/test_new_architecture_object/q065/q065_t0007.00_det01_bbox_crop.png,outputs/frame_checks/test_new_architecture_object/q065/q065_t0007.00_det01_sam_mask.png,outputs/frame_checks/test_new_architecture_object/q065/q065_t0007.00_det01_masked_crop.png,outputs/frame_checks/test_new_architecture_object/q065/q065_t0007.00_det01_debug.png
test_new_architecture_object,q064,video_08,8.000,240,1,1,a person wearing a red cap,,a person wearing a red cap,0.520751953125,"174.7,48.8,203.0,131.7","177.0,50.0,201.0,130.0",1179,0.12056459486484528,0.13623809814453125,red,0.17217981815338135,0.5902242660522461,0.3760309378306071,0.020715442561437796,outputs/frame_checks/test_new_architecture_object/q064/q064_t0008.00_det01_context.png,outputs/frame_checks/test_new_architecture_object/q064/q064_t0008.00_det01_bbox_crop.png,outputs/frame_checks/test_new_architecture_object/q064/q064_t0008.00_det01_sam_mask.png,outputs/frame_checks/test_new_architecture_object/q064/q064_t0008.00_det01_masked_crop.png,outputs/frame_checks/test_new_architecture_object/q064/q064_t0008.00_det01_debug.png
test_new_architecture_object,q064,video_08,8.500,255,1,1,a person wearing a red cap,,a person wearing a red cap,0.4823332130908966,"173.0,47.0,202.7,130.4","176.0,48.0,201.0,129.0",1168,0.11539730429649353,0.1364893913269043,red,0.1789383590221405,0.5869902849197388,0.3694165627161662,0.01472529688935992,outputs/frame_checks/test_new_architecture_object/q064/q064_t0008.50_det01_context.png,outputs/frame_checks/test_new_architecture_object/q064/q064_t0008.50_det01_bbox_crop.png,outputs/frame_checks/test_new_architecture_object/q064/q064_t0008.50_det01_sam_mask.png,outputs/frame_checks/test_new_architecture_object/q064/q064_t0008.50_det01_masked_crop.png,outputs/frame_checks/test_new_architecture_object/q064/q064_t0008.50_det01_debug.png
test_new_architecture_object,q065,video_08,9.000,270,1,1,a person wearing yellow shorts,,a person wearing yellow shorts,0.28969982266426086,"32.5,65.8,44.9,77.3","33.0,67.0,45.0,77.0",96,0.10491500794887543,0.05902952700853348,yellow,0.0625,0.12085105776786804,0.29817867279052734,0.0004881820915890607,outputs/frame_checks/test_new_architecture_object/q065/q065_t0009.00_det01_context.png,outputs/frame_checks/test_new_architecture_object/q065/q065_t0009.00_det01_bbox_crop.png,outputs/frame_checks/test_new_architecture_object/q065/q065_t0009.00_det01_sam_mask.png,outputs/frame_checks/test_new_architecture_object/q065/q065_t0009.00_det01_masked_crop.png,outputs/frame_checks/test_new_architecture_object/q065/q065_t0009.00_det01_debug.png
test_new_architecture_object,q064,video_08,10.000,300,1,1,a person wearing a red cap,,a person wearing a red cap,0.5632971525192261,"173.5,50.1,206.6,130.1","177.0,51.0,205.0,129.0",1280,0.11753274500370026,0.13817453384399414,red,0.19296875596046448,0.5939446687698364,0.37543701330820717,0.31523062731070106,outputs/frame_checks/test_new_architecture_object/q064/q064_t0010.00_det01_context.png,outputs/frame_checks/test_new_architecture_object/q064/q064_t0010.00_det01_bbox_crop.png,outputs/frame_checks/test_new_architecture_object/q064/q064_t0010.00_det01_sam_mask.png,outputs/frame_checks/test_new_architecture_object/q064/q064_t0010.00_det01_masked_crop.png,outputs/frame_checks/test_new_architecture_object/q064/q064_t0010.00_det01_debug.png
test_new_architecture_object,q065,video_08,10.000,300,1,1,a person wearing yellow shorts,,a person wearing yellow shorts,0.30060943961143494,"32.4,65.8,44.8,77.2","33.0,67.0,45.0,77.0",97,0.10581418871879578,0.07152821123600006,yellow,0.06185567006468773,0.12066951990127564,0.2980228265126546,0.00013716210702302792,outputs/frame_checks/test_new_architecture_object/q065/q065_t0010.00_det01_context.png,outputs/frame_checks/test_new_architecture_object/q065/q065_t0010.00_det01_bbox_crop.png,outputs/frame_checks/test_new_architecture_object/q065/q065_t0010.00_det01_sam_mask.png,outputs/frame_checks/test_new_architecture_object/q065/q065_t0010.00_det01_masked_crop.png,outputs/frame_checks/test_new_architecture_object/q065/q065_t0010.00_det01_debug.png
test_new_architecture_object,q065,video_08,14.000,420,1,1,a person wearing yellow shorts,,a person wearing yellow shorts,0.2829173803329468,"32.3,65.8,44.9,77.4","33.0,67.0,45.0,77.0",96,0.09859965741634369,0.07293179631233215,yellow,0.0520833320915699,0.12067711353302002,0.2981769561767578,0.00025557306696789904,outputs/frame_checks/test_new_architecture_object/q065/q065_t0014.00_det01_context.png,outputs/frame_checks/test_new_architecture_object/q065/q065_t0014.00_det01_bbox_crop.png,outputs/frame_checks/test_new_architecture_object/q065/q065_t0014.00_det01_sam_mask.png,outputs/frame_checks/test_new_architecture_object/q065/q065_t0014.00_det01_masked_crop.png,outputs/frame_checks/test_new_architecture_object/q065/q065_t0014.00_det01_debug.png
test_new_architecture_object,q065,video_08,14.500,435,1,1,a person wearing yellow shorts,,a person wearing yellow shorts,0.26690852642059326,"32.4,65.8,44.9,77.4","33.0,67.0,45.0,77.0",97,0.09856043010950089,0.07524693757295609,yellow,0.05154639109969139,0.12077822685241699,0.29827609062194826,0.0002832069319963026,outputs/frame_checks/test_new_architecture_object/q065/q065_t0014.50_det01_context.png,outputs/frame_checks/test_new_architecture_object/q065/q065_t0014.50_det01_bbox_crop.png,outputs/frame_checks/test_new_architecture_object/q065/q065_t0014.50_det01_sam_mask.png,outputs/frame_checks/test_new_architecture_object/q065/q065_t0014.50_det01_masked_crop.png,outputs/frame_checks/test_new_architecture_object/q065/q065_t0014.50_det01_debug.png
test_new_architecture_object,q065,video_08,15.500,465,1,2,a person wearing yellow shorts,,a person wearing yellow shorts,0.25145167112350464,"184.0,95.6,199.3,112.4","186.0,96.0,199.0,112.0",157,0.06797508150339127,-0.03635232150554657,yellow,0.0,0.5989184856414795,0.4333261171976725,,outputs/frame_checks/test_new_architecture_object/q065/q065_t0015.50_det01_context.png,outputs/frame_checks/test_new_architecture_object/q065/q065_t0015.50_det01_bbox_crop.png,outputs/frame_checks/test_new_architecture_object/q065/q065_t0015.50_det01_sam_mask.png,outputs/frame_checks/test_new_architecture_object/q065/q065_t0015.50_det01_masked_crop.png,outputs/frame_checks/test_new_architecture_object/q065/q065_t0015.50_det01_debug.png
test_new_architecture_object,q065,video_08,17.000,510,1,3,a person wearing yellow shorts,,a person wearing yellow shorts,0.28257548809051514,"32.4,65.8,44.7,77.3","33.0,67.0,45.0,77.0",95,0.1031951829791069,0.07601822912693024,yellow,0.021052632480859756,0.12057486176490784,0.2980024973551432,0.0004110495357756184,outputs/frame_checks/test_new_architecture_object/q065/q065_t0017.00_det01_context.png,outputs/frame_checks/test_new_architecture_object/q065/q065_t0017.00_det01_bbox_crop.png,outputs/frame_checks/test_new_architecture_object/q065/q065_t0017.00_det01_sam_mask.png,outputs/frame_checks/test_new_architecture_object/q065/q065_t0017.00_det01_masked_crop.png,outputs/frame_checks/test_new_architecture_object/q065/q065_t0017.00_det01_debug.png
test_new_architecture_object,q064,video_08,17.500,525,1,1,a person wearing a red cap,,a person wearing a red cap,0.5255402326583862,"173.4,50.7,205.2,129.9","175.0,52.0,203.0,129.0",1311,0.11231457442045212,0.13895897567272186,red,0.18916857242584229,0.591560673713684,0.3761148770650228,0.005402355645619145,outputs/frame_checks/test_new_architecture_object/q064/q064_t0017.50_det01_context.png,outputs/frame_checks/test_new_architecture_object/q064/q064_t0017.50_det01_bbox_crop.png,outputs/frame_checks/test_new_architecture_object/q064/q064_t0017.50_det01_sam_mask.png,outputs/frame_checks/test_new_architecture_object/q064/q064_t0017.50_det01_masked_crop.png,outputs/frame_checks/test_new_architecture_object/q064/q064_t0017.50_det01_debug.png
test_new_architecture_object,q064,video_08,19.000,570,1,1,a person wearing a red cap,,a person wearing a red cap,0.5445097088813782,"172.8,51.3,203.5,130.2","174.0,52.0,202.0,129.0",1181,0.12263301014900208,0.14198143780231476,red,0.20321761071681976,0.5879889726638794,0.3781549533208211,0.006648401861912798,outputs/frame_checks/test_new_architecture_object/q064/q064_t0019.00_det01_context.png,outputs/frame_checks/test_new_architecture_object/q064/q064_t0019.00_det01_bbox_crop.png,outputs/frame_checks/test_new_architecture_object/q064/q064_t0019.00_det01_sam_mask.png,outputs/frame_checks/test_new_architecture_object/q064/q064_t0019.00_det01_masked_crop.png,outputs/frame_checks/test_new_architecture_object/q064/q064_t0019.00_det01_debug.png
test_new_architecture_object,q064,video_08,19.500,585,1,1,a person wearing a red cap,,a person wearing a red cap,0.531096339225769,"172.9,51.1,207.5,130.0","174.0,52.0,207.0,129.0",1252,0.11670902371406555,0.14252667129039764,red,0.20607028901576996,0.5943069934844971,0.37727742195129393,0.012757342731817351,outputs/frame_checks/test_new_architecture_object/q064/q064_t0019.50_det01_context.png,outputs/frame_checks/test_new_architecture_object/q064/q064_t0019.50_det01_bbox_crop.png,outputs/frame_checks/test_new_architecture_object/q064/q064_t0019.50_det01_sam_mask.png,outputs/frame_checks/test_new_architecture_object/q064/q064_t0019.50_det01_masked_crop.png,outputs/frame_checks/test_new_architecture_object/q064/q064_t0019.50_det01_debug.png
test_new_architecture_object,q065,video_08,21.000,630,1,3,a person wearing yellow shorts,,a person wearing yellow shorts,0.2780859172344208,"32.5,65.8,44.8,77.3","33.0,67.0,45.0,77.0",95,0.100426584482193,0.0770052820444107,yellow,0.05263157933950424,0.12074390053749084,0.298149045308431,0.00032106104489484417,outputs/frame_checks/test_new_architecture_object/q065/q065_t0021.00_det01_context.png,outputs/frame_checks/test_new_architecture_object/q065/q065_t0021.00_det01_bbox_crop.png,outputs/frame_checks/test_new_architecture_object/q065/q065_t0021.00_det01_sam_mask.png,outputs/frame_checks/test_new_architecture_object/q065/q065_t0021.00_det01_masked_crop.png,outputs/frame_checks/test_new_architecture_object/q065/q065_t0021.00_det01_debug.png
test_new_architecture_object,q065,video_08,23.000,690,1,4,a person wearing yellow shorts,,a person wearing yellow shorts,0.293211430311203,"227.2,187.3,264.9,204.2","228.0,189.0,264.0,205.0",215,0.06950655579566956,-0.06755705177783966,yellow,0.0,0.7688261270523071,0.8155632019042969,,outputs/frame_checks/test_new_architecture_object/q065/q065_t0023.00_det01_context.png,outputs/frame_checks/test_new_architecture_object/q065/q065_t0023.00_det01_bbox_crop.png,outputs/frame_checks/test_new_architecture_object/q065/q065_t0023.00_det01_sam_mask.png,outputs/frame_checks/test_new_architecture_object/q065/q065_t0023.00_det01_masked_crop.png,outputs/frame_checks/test_new_architecture_object/q065/q065_t0023.00_det01_debug.png
test_new_architecture_object,q064,video_08,23.500,705,1,1,a person wearing a red cap,,a person wearing a red cap,0.6486126184463501,"268.5,159.1,319.8,210.3","269.0,161.0,320.0,210.0",1454,0.14021694660186768,0.12737618386745453,red,0.0742778554558754,0.9191653251647949,0.7695314407348632,0.2889528371067252,outputs/frame_checks/test_new_architecture_object/q064/q064_t0023.50_det01_context.png,outputs/frame_checks/test_new_architecture_object/q064/q064_t0023.50_det01_bbox_crop.png,outputs/frame_checks/test_new_architecture_object/q064/q064_t0023.50_det01_sam_mask.png,outputs/frame_checks/test_new_architecture_object/q064/q064_t0023.50_det01_masked_crop.png,outputs/frame_checks/test_new_architecture_object/q064/q064_t0023.50_det01_debug.png
test_new_architecture_object,q064,video_08,25.000,750,1,4,a person wearing a red cap,,a person wearing a red cap,0.265138179063797,"308.6,98.0,320.0,133.7","310.0,102.0,320.0,131.0",155,0.07698861509561539,0.024015476927161217,red,0.9354838728904724,0.9821656227111817,0.4827127456665039,,outputs/frame_checks/test_new_architecture_object/q064/q064_t0025.00_det01_context.png,outputs/frame_checks/test_new_architecture_object/q064/q064_t0025.00_det01_bbox_crop.png,outputs/frame_checks/test_new_architecture_object/q064/q064_t0025.00_det01_sam_mask.png,outputs/frame_checks/test_new_architecture_object/q064/q064_t0025.00_det01_masked_crop.png,outputs/frame_checks/test_new_architecture_object/q064/q064_t0025.00_det01_debug.png
test_new_architecture_object,q064,video_08,25.500,765,1,4,a person wearing a red cap,,a person wearing a red cap,0.2878612279891968,"309.4,97.6,319.9,135.5","311.0,102.0,320.0,132.0",142,0.08384551107883453,0.009294244460761547,red,0.8802816867828369,0.9832611560821534,0.4855292797088623,0.006044189731858584,outputs/frame_checks/test_new_architecture_object/q064/q064_t0025.50_det01_context.png,outputs/frame_checks/test_new_architecture_object/q064/q064_t0025.50_det01_bbox_crop.png,outputs/frame_checks/test_new_architecture_object/q064/q064_t0025.50_det01_sam_mask.png,outputs/frame_checks/test_new_architecture_object/q064/q064_t0025.50_det01_masked_crop.png,outputs/frame_checks/test_new_architecture_object/q064/q064_t0025.50_det01_debug.png
test_new_architecture_object,q065,video_08,26.000,780,1,5,a person wearing yellow shorts,,a person wearing yellow shorts,0.3155348300933838,"32.4,65.8,44.8,77.3","33.0,67.0,45.0,77.0",98,0.09748758375644684,0.06441400200128555,yellow,0.040816325694322586,0.12072895169258117,0.2981941064198812,0.00017821008678637444,outputs/frame_checks/test_new_architecture_object/q065/q065_t0026.00_det01_context.png,outputs/frame_checks/test_new_architecture_object/q065/q065_t0026.00_det01_bbox_crop.png,outputs/frame_checks/test_new_architecture_object/q065/q065_t0026.00_det01_sam_mask.png,outputs/frame_checks/test_new_architecture_object/q065/q065_t0026.00_det01_masked_crop.png,outputs/frame_checks/test_new_architecture_object/q065/q065_t0026.00_det01_debug.png
test_new_architecture_object,q064,video_08,26.500,795,1,4,a person wearing a red cap,,a person wearing a red cap,0.2613205909729004,"309.3,97.8,319.9,134.7","311.0,102.0,320.0,133.0",145,0.09376351535320282,-0.00023840111680328846,red,0.8896551728248596,0.9830994606018066,0.4844759623209635,0.06052281131064104,outputs/frame_checks/test_new_architecture_object/q064/q064_t0026.50_det01_context.png,outputs/frame_checks/test_new_architecture_object/q064/q064_t0026.50_det01_bbox_crop.png,outputs/frame_checks/test_new_architecture_object/q064/q064_t0026.50_det01_sam_mask.png,outputs/frame_checks/test_new_architecture_object/q064/q064_t0026.50_det01_masked_crop.png,outputs/frame_checks/test_new_architecture_object/q064/q064_t0026.50_det01_debug.png
test_new_architecture_object,q065,video_08,27.500,825,1,5,a person wearing yellow shorts,,a person wearing yellow shorts,0.31884339451789856,"32.4,65.8,44.8,77.4","33.0,67.0,45.0,77.0",96,0.09868663549423218,0.06120653823018074,yellow,0.0625,0.12062389254570008,0.29829859733581543,0.0001053035004151233,outputs/frame_checks/test_new_architecture_object/q065/q065_t0027.50_det01_context.png,outputs/frame_checks/test_new_architecture_object/q065/q065_t0027.50_det01_bbox_crop.png,outputs/frame_checks/test_new_architecture_object/q065/q065_t0027.50_det01_sam_mask.png,outputs/frame_checks/test_new_architecture_object/q065/q065_t0027.50_det01_masked_crop.png,outputs/frame_checks/test_new_architecture_object/q065/q065_t0027.50_det01_debug.png
test_new_architecture_object,q066,video_08,65.000,1950,1,2,a person wearing a red T-shirt,,a person wearing a red T-shirt,0.2548297047615051,"309.7,98.5,320.0,123.5","311.0,102.0,320.0,124.0",121,0.0780726820230484,0.028956014662981033,red,0.9586777091026306,0.9840599536895752,0.46243470509847007,,outputs/frame_checks/test_new_architecture_object/q066/q066_t0065.00_det01_context.png,outputs/frame_checks/test_new_architecture_object/q066/q066_t0065.00_det01_bbox_crop.png,outputs/frame_checks/test_new_architecture_object/q066/q066_t0065.00_det01_sam_mask.png,outputs/frame_checks/test_new_architecture_object/q066/q066_t0065.00_det01_masked_crop.png,outputs/frame_checks/test_new_architecture_object/q066/q066_t0065.00_det01_debug.png
test_new_architecture_object,q066,video_08,66.000,1980,1,2,a person wearing a red T-shirt,,a person wearing a red T-shirt,0.2568996250629425,"309.7,98.5,320.1,123.0","311.0,102.0,320.0,123.0",121,0.08444277197122574,0.023511651903390884,red,0.9669421315193176,0.9841337203979492,0.4615071932474772,0.0009304406273355501,outputs/frame_checks/test_new_architecture_object/q066/q066_t0066.00_det01_context.png,outputs/frame_checks/test_new_architecture_object/q066/q066_t0066.00_det01_bbox_crop.png,outputs/frame_checks/test_new_architecture_object/q066/q066_t0066.00_det01_sam_mask.png,outputs/frame_checks/test_new_architecture_object/q066/q066_t0066.00_det01_masked_crop.png,outputs/frame_checks/test_new_architecture_object/q066/q066_t0066.00_det01_debug.png
test_new_architecture_object,q066,video_08,71.000,2130,1,3,a person wearing a red T-shirt,,a person wearing a red T-shirt,0.29483601450920105,"128.1,194.5,149.7,210.2","129.0,196.0,149.0,210.0",243,0.049298230558633804,0.0793955996632576,red,0.9958847761154175,0.4341305732727051,0.8431651433308919,,outputs/frame_checks/test_new_architecture_object/q066/q066_t0071.00_det01_context.png,outputs/frame_checks/test_new_architecture_object/q066/q066_t0071.00_det01_bbox_crop.png,outputs/frame_checks/test_new_architecture_object/q066/q066_t0071.00_det01_sam_mask.png,outputs/frame_checks/test_new_architecture_object/q066/q066_t0071.00_det01_masked_crop.png,outputs/frame_checks/test_new_architecture_object/q066/q066_t0071.00_det01_debug.png
test_new_architecture_object,q066,video_08,73.000,2190,1,4,a person wearing a red T-shirt,,a person wearing a red T-shirt,0.3268413245677948,"9.2,172.9,48.1,209.9","12.0,174.0,47.0,210.0",880,0.11239538341760635,0.02103375643491745,red,0.9863636493682861,0.08953936994075776,0.7975015640258789,,outputs/frame_checks/test_new_architecture_object/q066/q066_t0073.00_det01_context.png,outputs/frame_checks/test_new_architecture_object/q066/q066_t0073.00_det01_bbox_crop.png,outputs/frame_checks/test_new_architecture_object/q066/q066_t0073.00_det01_sam_mask.png,outputs/frame_checks/test_new_architecture_object/q066/q066_t0073.00_det01_masked_crop.png,outputs/frame_checks/test_new_architecture_object/q066/q066_t0073.00_det01_debug.png
test_new_architecture_object,q064,video_08,75.000,2250,1,30,a person wearing a red cap,,a person wearing a red cap,0.2951001226902008,"270.0,65.7,298.8,111.0","272.0,67.0,298.0,114.0",634,0.0845022052526474,0.08037249743938446,red,0.06940063089132309,0.8886908054351806,0.368189271291097,0.2895736946805233,outputs/frame_checks/test_new_architecture_object/q064/q064_t0075.00_det01_context.png,outputs/frame_checks/test_new_architecture_object/q064/q064_t0075.00_det01_bbox_crop.png,outputs/frame_checks/test_new_architecture_object/q064/q064_t0075.00_det01_sam_mask.png,outputs/frame_checks/test_new_architecture_object/q064/q064_t0075.00_det01_masked_crop.png,outputs/frame_checks/test_new_architecture_object/q064/q064_t0075.00_det01_debug.png
test_new_architecture_object,q066,video_08,80.500,2415,1,5,a person wearing a red T-shirt,,a person wearing a red T-shirt,0.2635939419269562,"309.8,98.5,320.1,123.6","311.0,102.0,320.0,124.0",123,0.08204448223114014,0.015041716396808624,red,0.9430894255638123,0.9842103958129883,0.4627967834472656,,outputs/frame_checks/test_new_architecture_object/q066/q066_t0080.50_det01_context.png,outputs/frame_checks/test_new_architecture_object/q066/q066_t0080.50_det01_bbox_crop.png,outputs/frame_checks/test_new_architecture_object/q066/q066_t0080.50_det01_sam_mask.png,outputs/frame_checks/test_new_architecture_object/q066/q066_t0080.50_det01_masked_crop.png,outputs/frame_checks/test_new_architecture_object/q066/q066_t0080.50_det01_debug.png
test_new_architecture_object,q064,video_08,85.000,2550,1,41,a person wearing a red cap,,a person wearing a red cap,0.6688092350959778,"166.9,39.1,203.5,106.4","169.0,40.0,203.0,106.0",917,0.09504137188196182,0.05668492615222931,red,0.1635768860578537,0.5786873817443847,0.3032673994700114,,outputs/frame_checks/test_new_architecture_object/q064/q064_t0085.00_det01_context.png,outputs/frame_checks/test_new_architecture_object/q064/q064_t0085.00_det01_bbox_crop.png,outputs/frame_checks/test_new_architecture_object/q064/q064_t0085.00_det01_sam_mask.png,outputs/frame_checks/test_new_architecture_object/q064/q064_t0085.00_det01_masked_crop.png,outputs/frame_checks/test_new_architecture_object/q064/q064_t0085.00_det01_debug.png
test_new_architecture_object,q064,video_08,87.500,2625,1,43,a person wearing a red cap,,a person wearing a red cap,0.747008204460144,"172.0,43.0,201.4,108.4","173.0,44.0,200.0,107.0",1039,0.09454736113548279,0.07615824043750763,red,0.1472569853067398,0.5833446502685546,0.3155617952346802,,outputs/frame_checks/test_new_architecture_object/q064/q064_t0087.50_det01_context.png,outputs/frame_checks/test_new_architecture_object/q064/q064_t0087.50_det01_bbox_crop.png,outputs/frame_checks/test_new_architecture_object/q064/q064_t0087.50_det01_sam_mask.png,outputs/frame_checks/test_new_architecture_object/q064/q064_t0087.50_det01_masked_crop.png,outputs/frame_checks/test_new_architecture_object/q064/q064_t0087.50_det01_debug.png
test_new_architecture_object,q064,video_08,91.500,2745,1,45,a person wearing a red cap,,a person wearing a red cap,0.7812476754188538,"171.2,42.6,201.2,108.3","172.0,44.0,200.0,107.0",1038,0.08685310930013657,0.06481967866420746,red,0.1512524038553238,0.5818161010742188,0.3143601655960083,0.0016449293115156122,outputs/frame_checks/test_new_architecture_object/q064/q064_t0091.50_det01_context.png,outputs/frame_checks/test_new_architecture_object/q064/q064_t0091.50_det01_bbox_crop.png,outputs/frame_checks/test_new_architecture_object/q064/q064_t0091.50_det01_sam_mask.png,outputs/frame_checks/test_new_architecture_object/q064/q064_t0091.50_det01_masked_crop.png,outputs/frame_checks/test_new_architecture_object/q064/q064_t0091.50_det01_debug.png
test_new_architecture_object,q066,video_08,132.000,3960,1,9,a person wearing a red T-shirt,,a person wearing a red T-shirt,0.264321893453598,"93.6,58.6,120.7,87.0","94.0,59.0,120.0,87.0",520,0.13792775571346283,0.1135776937007904,red,0.9980769157409668,0.33498969078063967,0.30334897836049396,0.09165691518397534,outputs/frame_checks/test_new_architecture_object/q066/q066_t0132.00_det01_context.png,outputs/frame_checks/test_new_architecture_object/q066/q066_t0132.00_det01_bbox_crop.png,outputs/frame_checks/test_new_architecture_object/q066/q066_t0132.00_det01_sam_mask.png,outputs/frame_checks/test_new_architecture_object/q066/q066_t0132.00_det01_masked_crop.png,outputs/frame_checks/test_new_architecture_object/q066/q066_t0132.00_det01_debug.png
test_new_architecture_object,q066,video_08,134.500,4035,1,9,a person wearing a red T-shirt,,a person wearing a red T-shirt,0.32286667823791504,"113.1,32.5,133.8,54.0","114.0,33.0,133.0,53.0",264,0.11519219726324081,0.02346040867269039,red,0.9848484992980957,0.38579616546630857,0.18012745380401612,0.05247252779428274,outputs/frame_checks/test_new_architecture_object/q066/q066_t0134.50_det01_context.png,outputs/frame_checks/test_new_architecture_object/q066/q066_t0134.50_det01_bbox_crop.png,outputs/frame_checks/test_new_architecture_object/q066/q066_t0134.50_det01_sam_mask.png,outputs/frame_checks/test_new_architecture_object/q066/q066_t0134.50_det01_masked_crop.png,outputs/frame_checks/test_new_architecture_object/q066/q066_t0134.50_det01_debug.png
test_new_architecture_object,q066,video_08,141.500,4245,1,10,a person wearing a red T-shirt,,a person wearing a red T-shirt,0.25921064615249634,"310.0,99.4,320.0,122.8","311.0,102.0,320.0,123.0",120,0.1092895120382309,0.014530295506119728,red,0.9583333134651184,0.9843502044677734,0.4628791650136312,6.936985576647387e-05,outputs/frame_checks/test_new_architecture_object/q066/q066_t0141.50_det01_context.png,outputs/frame_checks/test_new_architecture_object/q066/q066_t0141.50_det01_bbox_crop.png,outputs/frame_checks/test_new_architecture_object/q066/q066_t0141.50_det01_sam_mask.png,outputs/frame_checks/test_new_architecture_object/q066/q066_t0141.50_det01_masked_crop.png,outputs/frame_checks/test_new_architecture_object/q066/q066_t0141.50_det01_debug.png
test_new_architecture_object,q066,video_08,153.500,4605,1,11,a person wearing a red T-shirt,,a person wearing a red T-shirt,0.2776031196117401,"310.7,99.4,320.1,123.2","311.0,102.0,320.0,123.0",116,0.10320617258548737,0.034234412014484406,red,0.9741379022598267,0.9856321811676025,0.4636528174082438,,outputs/frame_checks/test_new_architecture_object/q066/q066_t0153.50_det01_context.png,outputs/frame_checks/test_new_architecture_object/q066/q066_t0153.50_det01_bbox_crop.png,outputs/frame_checks/test_new_architecture_object/q066/q066_t0153.50_det01_sam_mask.png,outputs/frame_checks/test_new_architecture_object/q066/q066_t0153.50_det01_masked_crop.png,outputs/frame_checks/test_new_architecture_object/q066/q066_t0153.50_det01_debug.png
test_new_architecture_object,q066,video_08,243.000,7290,1,13,a person wearing a red T-shirt,,a person wearing a red T-shirt,0.27026259899139404,"311.4,98.7,320.1,123.5","312.0,102.0,320.0,123.0",107,0.07241829484701157,0.04116804152727127,red,0.7850467562675476,0.9865955829620361,0.46302022933959963,,outputs/frame_checks/test_new_architecture_object/q066/q066_t0243.00_det01_context.png,outputs/frame_checks/test_new_architecture_object/q066/q066_t0243.00_det01_bbox_crop.png,outputs/frame_checks/test_new_architecture_object/q066/q066_t0243.00_det01_sam_mask.png,outputs/frame_checks/test_new_architecture_object/q066/q066_t0243.00_det01_masked_crop.png,outputs/frame_checks/test_new_architecture_object/q066/q066_t0243.00_det01_debug.png
test_new_architecture_object,q066,video_08,287.500,8625,1,16,a person wearing a red T-shirt,,a person wearing a red T-shirt,0.2506210505962372,"310.0,99.4,320.2,122.9","311.0,102.0,320.0,120.0",108,0.10627824068069458,0.005435919389128685,red,0.9166666865348816,0.9846523761749267,0.46298425992329917,0.012252424812809692,outputs/frame_checks/test_new_architecture_object/q066/q066_t0287.50_det01_context.png,outputs/frame_checks/test_new_architecture_object/q066/q066_t0287.50_det01_bbox_crop.png,outputs/frame_checks/test_new_architecture_object/q066/q066_t0287.50_det01_sam_mask.png,outputs/frame_checks/test_new_architecture_object/q066/q066_t0287.50_det01_masked_crop.png,outputs/frame_checks/test_new_architecture_object/q066/q066_t0287.50_det01_debug.png
test_new_architecture_state,q004,video_01,0.000,0,1,1,a white pickup truck is stationary,a white pickup truck,a white pickup truck,0.690759003162384,"752.3,403.0,822.7,451.5","754.0,405.0,820.0,450.0",2273,0.17438830435276031,0.16880804300308228,white,0.1636603607567092,0.6152130842208863,0.5933804406060113,,outputs/frame_checks/test_new_architecture_state/q004/q004_t0000.00_det01_context.png,outputs/frame_checks/test_new_architecture_state/q004/q004_t0000.00_det01_bbox_crop.png,outputs/frame_checks/test_new_architecture_state/q004/q004_t0000.00_det01_sam_mask.png,outputs/frame_checks/test_new_architecture_state/q004/q004_t0000.00_det01_masked_crop.png,outputs/frame_checks/test_new_architecture_state/q004/q004_t0000.00_det01_debug.png
test_new_architecture_state,q005,video_01,0.000,0,1,1,a train is stationary,a train,a train,0.25360000133514404,"750.1,399.7,825.6,453.1","754.0,404.0,821.0,450.0",2314,0.01594102382659912,0.012646974064409733,,,0.615511131286621,0.5922714445326064,,outputs/frame_checks/test_new_architecture_state/q005/q005_t0000.00_det01_context.png,outputs/frame_checks/test_new_architecture_state/q005/q005_t0000.00_det01_bbox_crop.png,outputs/frame_checks/test_new_architecture_state/q005/q005_t0000.00_det01_sam_mask.png,outputs/frame_checks/test_new_architecture_state/q005/q005_t0000.00_det01_masked_crop.png,outputs/frame_checks/test_new_architecture_state/q005/q005_t0000.00_det01_debug.png
test_new_architecture_state,q006,video_01,0.000,0,1,1,a gray car is stationary behind a lamppost,a gray car,a gray car,0.37712422013282776,"733.2,659.1,863.6,717.1","732.0,660.0,862.0,720.0",5939,0.12395476549863815,0.10807119309902191,gray,0.4706179491496885,0.6237192153930664,0.9556652069091797,,outputs/frame_checks/test_new_architecture_state/q006/q006_t0000.00_det01_context.png,outputs/frame_checks/test_new_architecture_state/q006/q006_t0000.00_det01_bbox_crop.png,outputs/frame_checks/test_new_architecture_state/q006/q006_t0000.00_det01_sam_mask.png,outputs/frame_checks/test_new_architecture_state/q006/q006_t0000.00_det01_masked_crop.png,outputs/frame_checks/test_new_architecture_state/q006/q006_t0000.00_det01_debug.png
test_new_architecture_state,q005,video_01,0.500,15,1,1,a train is stationary,a train,a train,0.2683219909667969,"761.4,396.0,830.5,449.3","764.0,402.0,827.0,447.0",2128,0.022109728306531906,0.013951759785413742,,,0.6218431711196899,0.5870191362169054,0.016453749857190912,outputs/frame_checks/test_new_architecture_state/q005/q005_t0000.50_det01_context.png,outputs/frame_checks/test_new_architecture_state/q005/q005_t0000.50_det01_bbox_crop.png,outputs/frame_checks/test_new_architecture_state/q005/q005_t0000.50_det01_sam_mask.png,outputs/frame_checks/test_new_architecture_state/q005/q005_t0000.50_det01_masked_crop.png,outputs/frame_checks/test_new_architecture_state/q005/q005_t0000.50_det01_debug.png
test_new_architecture_state,q006,video_01,0.500,15,1,2,a gray car is stationary behind a lamppost,a gray car,a gray car,0.3344269096851349,"650.1,443.9,764.7,490.4","651.0,446.0,762.0,490.0",3536,0.13486580550670624,0.1215752363204956,gray,0.7242647058823529,0.5526668310165406,0.6488122940063477,,outputs/frame_checks/test_new_architecture_state/q006/q006_t0000.50_det01_context.png,outputs/frame_checks/test_new_architecture_state/q006/q006_t0000.50_det01_bbox_crop.png,outputs/frame_checks/test_new_architecture_state/q006/q006_t0000.50_det01_sam_mask.png,outputs/frame_checks/test_new_architecture_state/q006/q006_t0000.50_det01_masked_crop.png,outputs/frame_checks/test_new_architecture_state/q006/q006_t0000.50_det01_debug.png
test_new_architecture_state,q004,video_01,1.000,30,1,1,a white pickup truck is stationary,a white pickup truck,a white pickup truck,0.7238839864730835,"769.7,396.7,835.6,442.9","772.0,399.0,833.0,443.0",2032,0.17346328496932983,0.16486263275146484,white,0.17519685039370078,0.6271076202392578,0.5830433315700955,0.014414581724864178,outputs/frame_checks/test_new_architecture_state/q004/q004_t0001.00_det01_context.png,outputs/frame_checks/test_new_architecture_state/q004/q004_t0001.00_det01_bbox_crop.png,outputs/frame_checks/test_new_architecture_state/q004/q004_t0001.00_det01_sam_mask.png,outputs/frame_checks/test_new_architecture_state/q004/q004_t0001.00_det01_masked_crop.png,outputs/frame_checks/test_new_architecture_state/q004/q004_t0001.00_det01_debug.png
test_new_architecture_state,q004,video_01,2.000,60,1,1,a white pickup truck is stationary,a white pickup truck,a white pickup truck,0.7416484951972961,"785.5,390.4,852.4,435.6","788.0,393.0,850.0,436.0",1981,0.17517678439617157,0.17376291751861572,white,0.16658253407370016,0.6397748708724975,0.5736138237847223,0.014625664497383593,outputs/frame_checks/test_new_architecture_state/q004/q004_t0002.00_det01_context.png,outputs/frame_checks/test_new_architecture_state/q004/q004_t0002.00_det01_bbox_crop.png,outputs/frame_checks/test_new_architecture_state/q004/q004_t0002.00_det01_sam_mask.png,outputs/frame_checks/test_new_architecture_state/q004/q004_t0002.00_det01_masked_crop.png,outputs/frame_checks/test_new_architecture_state/q004/q004_t0002.00_det01_debug.png
test_new_architecture_state,q004,video_01,2.500,75,1,1,a white pickup truck is stationary,a white pickup truck,a white pickup truck,0.7238965630531311,"796.6,386.9,863.8,431.3","799.0,390.0,862.0,431.0",1930,0.1808742731809616,0.17086127400398254,white,0.161139896373057,0.6486012220382691,0.5682081010606553,0.020700368409379645,outputs/frame_checks/test_new_architecture_state/q004/q004_t0002.50_det01_context.png,outputs/frame_checks/test_new_architecture_state/q004/q004_t0002.50_det01_bbox_crop.png,outputs/frame_checks/test_new_architecture_state/q004/q004_t0002.50_det01_sam_mask.png,outputs/frame_checks/test_new_architecture_state/q004/q004_t0002.50_det01_masked_crop.png,outputs/frame_checks/test_new_architecture_state/q004/q004_t0002.50_det01_debug.png
test_new_architecture_state,q004,video_01,3.000,90,1,1,a white pickup truck is stationary,a white pickup truck,a white pickup truck,0.7421534657478333,"808.2,384.0,876.2,427.7","811.0,387.0,874.0,427.0",1922,0.17635782063007355,0.1709935963153839,white,0.1586888657648283,0.6579840183258057,0.56370603773329,0.020813979953581026,outputs/frame_checks/test_new_architecture_state/q004/q004_t0003.00_det01_context.png,outputs/frame_checks/test_new_architecture_state/q004/q004_t0003.00_det01_bbox_crop.png,outputs/frame_checks/test_new_architecture_state/q004/q004_t0003.00_det01_sam_mask.png,outputs/frame_checks/test_new_architecture_state/q004/q004_t0003.00_det01_masked_crop.png,outputs/frame_checks/test_new_architecture_state/q004/q004_t0003.00_det01_debug.png
test_new_architecture_state,q006,video_01,3.000,90,1,2,a gray car is stationary behind a lamppost,a gray car,a gray car,0.35211077332496643,"654.2,443.3,766.6,489.7","656.0,446.0,765.0,489.0",3509,0.13503579795360565,0.11816347390413284,gray,0.713308634938729,0.554988694190979,0.6478845596313476,0.16449899570688695,outputs/frame_checks/test_new_architecture_state/q006/q006_t0003.00_det01_context.png,outputs/frame_checks/test_new_architecture_state/q006/q006_t0003.00_det01_bbox_crop.png,outputs/frame_checks/test_new_architecture_state/q006/q006_t0003.00_det01_sam_mask.png,outputs/frame_checks/test_new_architecture_state/q006/q006_t0003.00_det01_masked_crop.png,outputs/frame_checks/test_new_architecture_state/q006/q006_t0003.00_det01_debug.png
test_new_architecture_state,q004,video_01,4.000,120,1,1,a white pickup truck is stationary,a white pickup truck,a white pickup truck,0.59766685962677,"834.1,377.2,900.5,420.1","836.0,381.0,900.0,420.0",1844,0.17701075971126556,0.1739550530910492,white,0.17462039045553146,0.6775924444198609,0.5537132051255967,0.023870603362939592,outputs/frame_checks/test_new_architecture_state/q004/q004_t0004.00_det01_context.png,outputs/frame_checks/test_new_architecture_state/q004/q004_t0004.00_det01_bbox_crop.png,outputs/frame_checks/test_new_architecture_state/q004/q004_t0004.00_det01_sam_mask.png,outputs/frame_checks/test_new_architecture_state/q004/q004_t0004.00_det01_masked_crop.png,outputs/frame_checks/test_new_architecture_state/q004/q004_t0004.00_det01_debug.png
test_new_architecture_state,q006,video_01,4.000,120,1,2,a gray car is stationary behind a lamppost,a gray car,a gray car,0.3499884307384491,"670.6,441.1,774.5,488.6","672.0,443.0,774.0,488.0",3349,0.13276538252830505,0.12655510008335114,gray,0.7178262167811287,0.5644889354705811,0.6455930497911241,0.1697043808206817,outputs/frame_checks/test_new_architecture_state/q006/q006_t0004.00_det01_context.png,outputs/frame_checks/test_new_architecture_state/q006/q006_t0004.00_det01_bbox_crop.png,outputs/frame_checks/test_new_architecture_state/q006/q006_t0004.00_det01_sam_mask.png,outputs/frame_checks/test_new_architecture_state/q006/q006_t0004.00_det01_masked_crop.png,outputs/frame_checks/test_new_architecture_state/q006/q006_t0004.00_det01_debug.png
test_new_architecture_state,q004,video_01,5.500,165,1,1,a white pickup truck is stationary,a white pickup truck,a white pickup truck,0.8182199597358704,"884.2,370.8,962.8,408.6","886.0,373.0,960.0,407.0",1820,0.17881837487220764,0.16570815443992615,white,0.19285714285714287,0.7214884042739869,0.5412461810641819,0.034949581432971825,outputs/frame_checks/test_new_architecture_state/q004/q004_t0005.50_det01_context.png,outputs/frame_checks/test_new_architecture_state/q004/q004_t0005.50_det01_bbox_crop.png,outputs/frame_checks/test_new_architecture_state/q004/q004_t0005.50_det01_sam_mask.png,outputs/frame_checks/test_new_architecture_state/q004/q004_t0005.50_det01_masked_crop.png,outputs/frame_checks/test_new_architecture_state/q004/q004_t0005.50_det01_debug.png
test_new_architecture_state,q006,video_01,5.500,165,1,2,a gray car is stationary behind a lamppost,a gray car,a gray car,0.3921051323413849,"641.9,496.1,781.1,554.1","643.0,498.0,780.0,553.0",4602,0.09208966791629791,0.09191222488880157,gray,0.6481964363320295,0.5558421611785889,0.7292857064141167,0.0013088662211204775,outputs/frame_checks/test_new_architecture_state/q006/q006_t0005.50_det01_context.png,outputs/frame_checks/test_new_architecture_state/q006/q006_t0005.50_det01_bbox_crop.png,outputs/frame_checks/test_new_architecture_state/q006/q006_t0005.50_det01_sam_mask.png,outputs/frame_checks/test_new_architecture_state/q006/q006_t0005.50_det01_masked_crop.png,outputs/frame_checks/test_new_architecture_state/q006/q006_t0005.50_det01_debug.png
test_new_architecture_state,q004,video_01,6.000,180,1,1,a white pickup truck is stationary,a white pickup truck,a white pickup truck,0.8019254207611084,"906.3,368.5,985.9,406.4","908.0,371.0,983.0,406.0",1855,0.17894884943962097,0.17545951902866364,white,0.1876010781671159,0.7391331195831299,0.5381339814927842,0.03583416049039875,outputs/frame_checks/test_new_architecture_state/q004/q004_t0006.00_det01_context.png,outputs/frame_checks/test_new_architecture_state/q004/q004_t0006.00_det01_bbox_crop.png,outputs/frame_checks/test_new_architecture_state/q004/q004_t0006.00_det01_sam_mask.png,outputs/frame_checks/test_new_architecture_state/q004/q004_t0006.00_det01_masked_crop.png,outputs/frame_checks/test_new_architecture_state/q004/q004_t0006.00_det01_debug.png
test_new_architecture_state,q005,video_01,6.000,180,1,2,a train is stationary,a train,a train,0.33823999762535095,"587.2,460.1,686.7,511.3","589.0,462.0,687.0,511.0",3405,0.025415651500225067,0.01866980642080307,,,0.49761884212493895,0.6746187845865885,,outputs/frame_checks/test_new_architecture_state/q005/q005_t0006.00_det01_context.png,outputs/frame_checks/test_new_architecture_state/q005/q005_t0006.00_det01_bbox_crop.png,outputs/frame_checks/test_new_architecture_state/q005/q005_t0006.00_det01_sam_mask.png,outputs/frame_checks/test_new_architecture_state/q005/q005_t0006.00_det01_masked_crop.png,outputs/frame_checks/test_new_architecture_state/q005/q005_t0006.00_det01_debug.png
test_new_architecture_state,q006,video_01,6.000,180,1,2,a gray car is stationary behind a lamppost,a gray car,a gray car,0.41768714785575867,"641.1,495.6,780.7,554.3","643.0,498.0,780.0,553.0",4633,0.08915604650974274,0.09052683413028717,gray,0.6470969134470106,0.5553959608078003,0.7290792465209961,0.0009833014967124602,outputs/frame_checks/test_new_architecture_state/q006/q006_t0006.00_det01_context.png,outputs/frame_checks/test_new_architecture_state/q006/q006_t0006.00_det01_bbox_crop.png,outputs/frame_checks/test_new_architecture_state/q006/q006_t0006.00_det01_sam_mask.png,outputs/frame_checks/test_new_architecture_state/q006/q006_t0006.00_det01_masked_crop.png,outputs/frame_checks/test_new_architecture_state/q006/q006_t0006.00_det01_debug.png
test_new_architecture_state,q005,video_01,6.500,195,1,2,a train is stationary,a train,a train,0.30963292717933655,"592.7,458.4,686.9,509.7","594.0,461.0,687.0,509.0",3236,0.02186586521565914,0.024031862616539,,,0.4998338222503662,0.6722682740953233,0.006459423047172442,outputs/frame_checks/test_new_architecture_state/q005/q005_t0006.50_det01_context.png,outputs/frame_checks/test_new_architecture_state/q005/q005_t0006.50_det01_bbox_crop.png,outputs/frame_checks/test_new_architecture_state/q005/q005_t0006.50_det01_sam_mask.png,outputs/frame_checks/test_new_architecture_state/q005/q005_t0006.50_det01_masked_crop.png,outputs/frame_checks/test_new_architecture_state/q005/q005_t0006.50_det01_debug.png
test_new_architecture_state,q006,video_01,7.000,210,1,2,a gray car is stationary behind a lamppost,a gray car,a gray car,0.4177115857601166,"642.3,496.3,780.9,554.3","643.0,498.0,780.0,553.0",4616,0.08744832873344421,0.09053441882133484,gray,0.6657279029462738,0.5559494495391846,0.7295771492852106,0.0005642482870524472,outputs/frame_checks/test_new_architecture_state/q006/q006_t0007.00_det01_context.png,outputs/frame_checks/test_new_architecture_state/q006/q006_t0007.00_det01_bbox_crop.png,outputs/frame_checks/test_new_architecture_state/q006/q006_t0007.00_det01_sam_mask.png,outputs/frame_checks/test_new_architecture_state/q006/q006_t0007.00_det01_masked_crop.png,outputs/frame_checks/test_new_architecture_state/q006/q006_t0007.00_det01_debug.png
test_new_architecture_state,q005,video_01,7.500,225,1,2,a train is stationary,a train,a train,0.3040401339530945,"604.3,454.6,685.6,505.1","606.0,458.0,683.0,504.0",2796,0.031441580504179,0.027002647519111633,,,0.5038923263549805,0.6664714813232422,0.006789339523507114,outputs/frame_checks/test_new_architecture_state/q005/q005_t0007.50_det01_context.png,outputs/frame_checks/test_new_architecture_state/q005/q005_t0007.50_det01_bbox_crop.png,outputs/frame_checks/test_new_architecture_state/q005/q005_t0007.50_det01_sam_mask.png,outputs/frame_checks/test_new_architecture_state/q005/q005_t0007.50_det01_masked_crop.png,outputs/frame_checks/test_new_architecture_state/q005/q005_t0007.50_det01_debug.png
test_new_architecture_state,q006,video_01,7.500,225,1,2,a gray car is stationary behind a lamppost,a gray car,a gray car,0.46119359135627747,"642.5,495.6,780.1,552.8","643.0,498.0,780.0,553.0",4606,0.09073609113693237,0.09030138701200485,gray,0.6602257924446374,0.5557125568389892,0.7280395719740126,0.003111438342192634,outputs/frame_checks/test_new_architecture_state/q006/q006_t0007.50_det01_context.png,outputs/frame_checks/test_new_architecture_state/q006/q006_t0007.50_det01_bbox_crop.png,outputs/frame_checks/test_new_architecture_state/q006/q006_t0007.50_det01_sam_mask.png,outputs/frame_checks/test_new_architecture_state/q006/q006_t0007.50_det01_masked_crop.png,outputs/frame_checks/test_new_architecture_state/q006/q006_t0007.50_det01_debug.png
test_new_architecture_state,q005,video_01,8.000,240,1,2,a train is stationary,a train,a train,0.32822203636169434,"608.2,453.3,681.8,503.0","609.0,456.0,682.0,503.0",2661,0.0208100788295269,0.02764607034623623,,,0.5039071083068848,0.66407896677653,0.0047851204216117806,outputs/frame_checks/test_new_architecture_state/q005/q005_t0008.00_det01_context.png,outputs/frame_checks/test_new_architecture_state/q005/q005_t0008.00_det01_bbox_crop.png,outputs/frame_checks/test_new_architecture_state/q005/q005_t0008.00_det01_sam_mask.png,outputs/frame_checks/test_new_architecture_state/q005/q005_t0008.00_det01_masked_crop.png,outputs/frame_checks/test_new_architecture_state/q005/q005_t0008.00_det01_debug.png
test_new_architecture_state,q005,video_01,8.500,255,1,2,a train is stationary,a train,a train,0.42559272050857544,"608.6,451.8,681.9,503.1","610.0,456.0,681.0,502.0",2611,0.029662400484085083,0.02272634208202362,,,0.504104733467102,0.6631050533718533,0.001987524111813298,outputs/frame_checks/test_new_architecture_state/q005/q005_t0008.50_det01_context.png,outputs/frame_checks/test_new_architecture_state/q005/q005_t0008.50_det01_bbox_crop.png,outputs/frame_checks/test_new_architecture_state/q005/q005_t0008.50_det01_sam_mask.png,outputs/frame_checks/test_new_architecture_state/q005/q005_t0008.50_det01_masked_crop.png,outputs/frame_checks/test_new_architecture_state/q005/q005_t0008.50_det01_debug.png
test_new_architecture_state,q005,video_01,9.000,270,1,2,a train is stationary,a train,a train,0.4345456659793854,"609.1,451.9,681.4,503.0","611.0,456.0,680.0,502.0",2572,0.023191198706626892,0.022659851238131523,,,0.5040833950042725,0.6631470362345377,9.418897504716019e-05,outputs/frame_checks/test_new_architecture_state/q005/q005_t0009.00_det01_context.png,outputs/frame_checks/test_new_architecture_state/q005/q005_t0009.00_det01_bbox_crop.png,outputs/frame_checks/test_new_architecture_state/q005/q005_t0009.00_det01_sam_mask.png,outputs/frame_checks/test_new_architecture_state/q005/q005_t0009.00_det01_masked_crop.png,outputs/frame_checks/test_new_architecture_state/q005/q005_t0009.00_det01_debug.png
test_new_architecture_state,q005,video_01,9.500,285,1,2,a train is stationary,a train,a train,0.459509015083313,"609.5,451.8,681.4,502.7","611.0,455.0,680.0,502.0",2562,0.021978678181767464,0.02325238473713398,,,0.5042479515075684,0.662878523932563,0.0006298498204771721,outputs/frame_checks/test_new_architecture_state/q005/q005_t0009.50_det01_context.png,outputs/frame_checks/test_new_architecture_state/q005/q005_t0009.50_det01_bbox_crop.png,outputs/frame_checks/test_new_architecture_state/q005/q005_t0009.50_det01_sam_mask.png,outputs/frame_checks/test_new_architecture_state/q005/q005_t0009.50_det01_masked_crop.png,outputs/frame_checks/test_new_architecture_state/q005/q005_t0009.50_det01_debug.png
test_new_architecture_state,q005,video_01,10.000,300,1,2,a train is stationary,a train,a train,0.45398542284965515,"610.1,451.6,681.1,502.5","612.0,455.0,680.0,502.0",2540,0.019615966826677322,0.02807949110865593,,,0.5043593168258667,0.6625998814900717,0.0006001461317952408,outputs/frame_checks/test_new_architecture_state/q005/q005_t0010.00_det01_context.png,outputs/frame_checks/test_new_architecture_state/q005/q005_t0010.00_det01_bbox_crop.png,outputs/frame_checks/test_new_architecture_state/q005/q005_t0010.00_det01_sam_mask.png,outputs/frame_checks/test_new_architecture_state/q005/q005_t0010.00_det01_masked_crop.png,outputs/frame_checks/test_new_architecture_state/q005/q005_t0010.00_det01_debug.png
test_new_architecture_state,q005,video_01,10.500,315,1,2,a train is stationary,a train,a train,0.41784554719924927,"610.6,451.2,680.4,502.5","612.0,455.0,679.0,502.0",2500,0.02997296117246151,0.029901698231697083,,,0.5043041467666626,0.6623135672675239,0.0005831623083352157,outputs/frame_checks/test_new_architecture_state/q005/q005_t0010.50_det01_context.png,outputs/frame_checks/test_new_architecture_state/q005/q005_t0010.50_det01_bbox_crop.png,outputs/frame_checks/test_new_architecture_state/q005/q005_t0010.50_det01_sam_mask.png,outputs/frame_checks/test_new_architecture_state/q005/q005_t0010.50_det01_masked_crop.png,outputs/frame_checks/test_new_architecture_state/q005/q005_t0010.50_det01_debug.png
test_new_architecture_state,q004,video_01,11.000,330,1,1,a white pickup truck is stationary,a white pickup truck,a white pickup truck,0.5724010467529297,"994.5,357.7,1055.5,395.0","997.0,360.0,1053.0,394.0",1450,0.17110878229141235,0.13847385346889496,white,0.16482758620689655,0.8007625579833985,0.5226822959052192,0.00018195122593435927,outputs/frame_checks/test_new_architecture_state/q004/q004_t0011.00_det01_context.png,outputs/frame_checks/test_new_architecture_state/q004/q004_t0011.00_det01_bbox_crop.png,outputs/frame_checks/test_new_architecture_state/q004/q004_t0011.00_det01_sam_mask.png,outputs/frame_checks/test_new_architecture_state/q004/q004_t0011.00_det01_masked_crop.png,outputs/frame_checks/test_new_architecture_state/q004/q004_t0011.00_det01_debug.png
test_new_architecture_state,q005,video_01,11.500,345,1,2,a train is stationary,a train,a train,0.4677381217479706,"612.2,450.0,678.4,501.1","614.0,453.0,676.0,501.0",2385,0.028654608875513077,0.028483964502811432,,,0.5041244029998779,0.6604978985256619,0.002166769076460907,outputs/frame_checks/test_new_architecture_state/q005/q005_t0011.50_det01_context.png,outputs/frame_checks/test_new_architecture_state/q005/q005_t0011.50_det01_bbox_crop.png,outputs/frame_checks/test_new_architecture_state/q005/q005_t0011.50_det01_sam_mask.png,outputs/frame_checks/test_new_architecture_state/q005/q005_t0011.50_det01_masked_crop.png,outputs/frame_checks/test_new_architecture_state/q005/q005_t0011.50_det01_debug.png
test_new_architecture_state,q005,video_01,12.000,360,1,2,a train is stationary,a train,a train,0.4434071481227875,"613.3,449.1,677.3,500.4","615.0,452.0,675.0,500.0",2311,0.02719009295105934,0.0346435122191906,,,0.5041424989700317,0.6593362172444661,0.0023236444333989024,outputs/frame_checks/test_new_architecture_state/q005/q005_t0012.00_det01_context.png,outputs/frame_checks/test_new_architecture_state/q005/q005_t0012.00_det01_bbox_crop.png,outputs/frame_checks/test_new_architecture_state/q005/q005_t0012.00_det01_sam_mask.png,outputs/frame_checks/test_new_architecture_state/q005/q005_t0012.00_det01_masked_crop.png,outputs/frame_checks/test_new_architecture_state/q005/q005_t0012.00_det01_debug.png
test_new_architecture_state,q005,video_01,12.500,375,1,2,a train is stationary,a train,a train,0.4691237509250641,"614.3,447.6,676.1,500.2","616.0,451.0,673.0,499.0",2254,0.03544469177722931,0.022197745740413666,,,0.5040778636932373,0.658141369289822,0.0023931897991788693,outputs/frame_checks/test_new_architecture_state/q005/q005_t0012.50_det01_context.png,outputs/frame_checks/test_new_architecture_state/q005/q005_t0012.50_det01_bbox_crop.png,outputs/frame_checks/test_new_architecture_state/q005/q005_t0012.50_det01_sam_mask.png,outputs/frame_checks/test_new_architecture_state/q005/q005_t0012.50_det01_masked_crop.png,outputs/frame_checks/test_new_architecture_state/q005/q005_t0012.50_det01_debug.png
test_new_architecture_state,q005,video_01,13.000,390,1,2,a train is stationary,a train,a train,0.5480615496635437,"614.5,446.4,674.6,499.2","616.0,450.0,672.0,498.0",2198,0.03369710594415665,0.03500573709607124,,,0.5035576343536377,0.6566626442803277,0.0031351339489624286,outputs/frame_checks/test_new_architecture_state/q005/q005_t0013.00_det01_context.png,outputs/frame_checks/test_new_architecture_state/q005/q005_t0013.00_det01_bbox_crop.png,outputs/frame_checks/test_new_architecture_state/q005/q005_t0013.00_det01_sam_mask.png,outputs/frame_checks/test_new_architecture_state/q005/q005_t0013.00_det01_masked_crop.png,outputs/frame_checks/test_new_architecture_state/q005/q005_t0013.00_det01_debug.png
test_new_architecture_state,q006,video_01,13.000,390,1,2,a gray car is stationary behind a lamppost,a gray car,a gray car,0.49687492847442627,"920.5,567.7,1020.0,642.3","921.0,571.0,1017.0,640.0",5067,0.1112576276063919,0.10274527221918106,gray,0.5940398657983027,0.7580058574676514,0.8402581532796224,0.462746136799359,outputs/frame_checks/test_new_architecture_state/q006/q006_t0013.00_det01_context.png,outputs/frame_checks/test_new_architecture_state/q006/q006_t0013.00_det01_bbox_crop.png,outputs/frame_checks/test_new_architecture_state/q006/q006_t0013.00_det01_sam_mask.png,outputs/frame_checks/test_new_architecture_state/q006/q006_t0013.00_det01_masked_crop.png,outputs/frame_checks/test_new_architecture_state/q006/q006_t0013.00_det01_debug.png
test_new_architecture_state,q005,video_01,14.500,435,1,2,a train is stationary,a train,a train,0.4908684492111206,"614.7,446.8,673.3,498.3","617.0,450.0,671.0,497.0",2151,0.04461377114057541,0.04663066193461418,,,0.5031112909317017,0.6563333299424913,0.0004428480864608708,outputs/frame_checks/test_new_architecture_state/q005/q005_t0014.50_det01_context.png,outputs/frame_checks/test_new_architecture_state/q005/q005_t0014.50_det01_bbox_crop.png,outputs/frame_checks/test_new_architecture_state/q005/q005_t0014.50_det01_sam_mask.png,outputs/frame_checks/test_new_architecture_state/q005/q005_t0014.50_det01_masked_crop.png,outputs/frame_checks/test_new_architecture_state/q005/q005_t0014.50_det01_debug.png
test_new_architecture_state,q005,video_01,15.000,450,1,2,a train is stationary,a train,a train,0.5139572620391846,"614.5,446.1,672.1,498.2","617.0,449.0,669.0,497.0",2148,0.03645586222410202,0.047450996935367584,,,0.5025968551635742,0.6557840135362413,0.0015051812830411244,outputs/frame_checks/test_new_architecture_state/q005/q005_t0015.00_det01_context.png,outputs/frame_checks/test_new_architecture_state/q005/q005_t0015.00_det01_bbox_crop.png,outputs/frame_checks/test_new_architecture_state/q005/q005_t0015.00_det01_sam_mask.png,outputs/frame_checks/test_new_architecture_state/q005/q005_t0015.00_det01_masked_crop.png,outputs/frame_checks/test_new_architecture_state/q005/q005_t0015.00_det01_debug.png
test_new_architecture_state,q005,video_01,15.500,465,1,2,a train is stationary,a train,a train,0.46137598156929016,"613.0,445.0,670.3,497.3","616.0,448.0,668.0,496.0",2117,0.0398247130215168,0.051028668880462646,,,0.5013077259063721,0.6543845070732964,0.003805507893356129,outputs/frame_checks/test_new_architecture_state/q005/q005_t0015.50_det01_context.png,outputs/frame_checks/test_new_architecture_state/q005/q005_t0015.50_det01_bbox_crop.png,outputs/frame_checks/test_new_architecture_state/q005/q005_t0015.50_det01_sam_mask.png,outputs/frame_checks/test_new_architecture_state/q005/q005_t0015.50_det01_masked_crop.png,outputs/frame_checks/test_new_architecture_state/q005/q005_t0015.50_det01_debug.png
test_new_architecture_state,q006,video_01,16.000,480,1,2,a gray car is stationary behind a lamppost,a gray car,a gray car,0.5014848113059998,"869.3,596.1,977.4,676.6","869.0,599.0,974.0,675.0",5946,0.10475960373878479,0.10580727458000183,gray,0.6115035317860746,0.7213796377182007,0.8838350931803386,0.012828104921420842,outputs/frame_checks/test_new_architecture_state/q006/q006_t0016.00_det01_context.png,outputs/frame_checks/test_new_architecture_state/q006/q006_t0016.00_det01_bbox_crop.png,outputs/frame_checks/test_new_architecture_state/q006/q006_t0016.00_det01_sam_mask.png,outputs/frame_checks/test_new_architecture_state/q006/q006_t0016.00_det01_masked_crop.png,outputs/frame_checks/test_new_architecture_state/q006/q006_t0016.00_det01_debug.png
test_new_architecture_state,q006,video_01,17.500,525,1,2,a gray car is stationary behind a lamppost,a gray car,a gray car,0.5428158640861511,"831.7,614.0,946.9,700.4","832.0,618.0,945.0,699.0",6738,0.1121307760477066,0.1024298444390297,gray,0.6056693380825171,0.6947623491287231,0.912838363647461,0.46243970854072985,outputs/frame_checks/test_new_architecture_state/q006/q006_t0017.50_det01_context.png,outputs/frame_checks/test_new_architecture_state/q006/q006_t0017.50_det01_bbox_crop.png,outputs/frame_checks/test_new_architecture_state/q006/q006_t0017.50_det01_sam_mask.png,outputs/frame_checks/test_new_architecture_state/q006/q006_t0017.50_det01_masked_crop.png,outputs/frame_checks/test_new_architecture_state/q006/q006_t0017.50_det01_debug.png
test_new_architecture_state,q005,video_01,22.500,675,1,5,a train is stationary,a train,a train,0.3566058576107025,"932.5,551.2,1030.5,633.8","933.0,554.0,1029.0,634.0",5441,-5.907588638365269e-05,0.01604084111750126,,,0.7667922973632812,0.8229170481363932,0.21078779120789015,outputs/frame_checks/test_new_architecture_state/q005/q005_t0022.50_det01_context.png,outputs/frame_checks/test_new_architecture_state/q005/q005_t0022.50_det01_bbox_crop.png,outputs/frame_checks/test_new_architecture_state/q005/q005_t0022.50_det01_sam_mask.png,outputs/frame_checks/test_new_architecture_state/q005/q005_t0022.50_det01_masked_crop.png,outputs/frame_checks/test_new_architecture_state/q005/q005_t0022.50_det01_debug.png
test_new_architecture_state,q005,video_01,24.000,720,1,5,a train is stationary,a train,a train,0.313855916261673,"890.2,570.0,996.0,659.2","891.0,573.0,995.0,661.0",6328,-0.0013798018917441368,0.016277028247714043,,,0.7367847681045532,0.8535842895507812,0.02249841787645349,outputs/frame_checks/test_new_architecture_state/q005/q005_t0024.00_det01_context.png,outputs/frame_checks/test_new_architecture_state/q005/q005_t0024.00_det01_bbox_crop.png,outputs/frame_checks/test_new_architecture_state/q005/q005_t0024.00_det01_sam_mask.png,outputs/frame_checks/test_new_architecture_state/q005/q005_t0024.00_det01_masked_crop.png,outputs/frame_checks/test_new_architecture_state/q005/q005_t0024.00_det01_debug.png
test_new_architecture_state,q006,video_01,30.000,900,1,2,a gray car is stationary behind a lamppost,a gray car,a gray car,0.42892733216285706,"924.4,558.5,1027.9,631.0","926.0,561.0,1026.0,631.0",5242,0.12673264741897583,0.13155010342597961,gray,0.6901945822205265,0.7626143217086792,0.8260809580485026,0.4573471057126198,outputs/frame_checks/test_new_architecture_state/q006/q006_t0030.00_det01_context.png,outputs/frame_checks/test_new_architecture_state/q006/q006_t0030.00_det01_bbox_crop.png,outputs/frame_checks/test_new_architecture_state/q006/q006_t0030.00_det01_sam_mask.png,outputs/frame_checks/test_new_architecture_state/q006/q006_t0030.00_det01_masked_crop.png,outputs/frame_checks/test_new_architecture_state/q006/q006_t0030.00_det01_debug.png
test_new_architecture_state,q004,video_01,55.500,1665,1,12,a white pickup truck is stationary,a white pickup truck,a white pickup truck,0.5285484194755554,"994.0,357.5,1056.2,394.9","997.0,360.0,1053.0,394.0",1409,0.17561885714530945,0.1727161556482315,white,0.1760113555713272,0.8008626699447632,0.5225000805324979,,outputs/frame_checks/test_new_architecture_state/q004/q004_t0055.50_det01_context.png,outputs/frame_checks/test_new_architecture_state/q004/q004_t0055.50_det01_bbox_crop.png,outputs/frame_checks/test_new_architecture_state/q004/q004_t0055.50_det01_sam_mask.png,outputs/frame_checks/test_new_architecture_state/q004/q004_t0055.50_det01_masked_crop.png,outputs/frame_checks/test_new_architecture_state/q004/q004_t0055.50_det01_debug.png
test_new_architecture_state,q006,video_01,55.500,1665,1,2,a gray car is stationary behind a lamppost,a gray car,a gray car,0.44376224279403687,"642.2,494.6,780.7,553.1","643.0,498.0,780.0,553.0",4589,0.09082271158695221,0.08988790214061737,gray,0.631292220527348,0.5558512210845947,0.7275555080837673,0.00045015246755555503,outputs/frame_checks/test_new_architecture_state/q006/q006_t0055.50_det01_context.png,outputs/frame_checks/test_new_architecture_state/q006/q006_t0055.50_det01_bbox_crop.png,outputs/frame_checks/test_new_architecture_state/q006/q006_t0055.50_det01_sam_mask.png,outputs/frame_checks/test_new_architecture_state/q006/q006_t0055.50_det01_masked_crop.png,outputs/frame_checks/test_new_architecture_state/q006/q006_t0055.50_det01_debug.png
test_new_architecture_state,q006,video_01,58.500,1755,1,2,a gray car is stationary behind a lamppost,a gray car,a gray car,0.39126473665237427,"763.7,644.3,886.3,716.7","763.0,647.0,885.0,720.0",6745,0.12547044456005096,0.10336775332689285,gray,0.5796886582653817,0.6445158004760743,0.9451302422417535,0.46928579933531567,outputs/frame_checks/test_new_architecture_state/q006/q006_t0058.50_det01_context.png,outputs/frame_checks/test_new_architecture_state/q006/q006_t0058.50_det01_bbox_crop.png,outputs/frame_checks/test_new_architecture_state/q006/q006_t0058.50_det01_sam_mask.png,outputs/frame_checks/test_new_architecture_state/q006/q006_t0058.50_det01_masked_crop.png,outputs/frame_checks/test_new_architecture_state/q006/q006_t0058.50_det01_debug.png
test_new_architecture_state,q004,video_01,80.500,2415,1,12,a white pickup truck is stationary,a white pickup truck,a white pickup truck,0.5237892866134644,"994.2,357.6,1055.7,394.8","996.0,360.0,1053.0,394.0",1534,0.17247092723846436,0.1766766607761383,white,0.17014341590612778,0.8007456064224243,0.5225044038560656,0.0006658256441867904,outputs/frame_checks/test_new_architecture_state/q004/q004_t0080.50_det01_context.png,outputs/frame_checks/test_new_architecture_state/q004/q004_t0080.50_det01_bbox_crop.png,outputs/frame_checks/test_new_architecture_state/q004/q004_t0080.50_det01_sam_mask.png,outputs/frame_checks/test_new_architecture_state/q004/q004_t0080.50_det01_masked_crop.png,outputs/frame_checks/test_new_architecture_state/q004/q004_t0080.50_det01_debug.png
test_new_architecture_state,q004,video_01,102.000,3060,1,22,a white pickup truck is stationary,a white pickup truck,a white pickup truck,0.4464011490345001,"1074.4,304.7,1127.3,331.8","1075.0,307.0,1127.0,332.0",946,0.1632423847913742,0.11493915319442749,white,0.19027484143763213,0.8600300312042236,0.44200445810953776,,outputs/frame_checks/test_new_architecture_state/q004/q004_t0102.00_det01_context.png,outputs/frame_checks/test_new_architecture_state/q004/q004_t0102.00_det01_bbox_crop.png,outputs/frame_checks/test_new_architecture_state/q004/q004_t0102.00_det01_sam_mask.png,outputs/frame_checks/test_new_architecture_state/q004/q004_t0102.00_det01_masked_crop.png,outputs/frame_checks/test_new_architecture_state/q004/q004_t0102.00_det01_debug.png
test_new_architecture_state,q004,video_01,110.500,3315,1,28,a white pickup truck is stationary,a white pickup truck,a white pickup truck,0.8019348978996277,"675.3,328.1,737.6,364.6","677.0,330.0,734.0,363.0",1429,0.1737610548734665,0.16148588061332703,white,0.23932820153953813,0.5519320964813232,0.48102213541666666,0.03568126548949395,outputs/frame_checks/test_new_architecture_state/q004/q004_t0110.50_det01_context.png,outputs/frame_checks/test_new_architecture_state/q004/q004_t0110.50_det01_bbox_crop.png,outputs/frame_checks/test_new_architecture_state/q004/q004_t0110.50_det01_sam_mask.png,outputs/frame_checks/test_new_architecture_state/q004/q004_t0110.50_det01_masked_crop.png,outputs/frame_checks/test_new_architecture_state/q004/q004_t0110.50_det01_debug.png
test_new_architecture_state,q006,video_01,110.500,3315,1,8,a gray car is stationary behind a lamppost,a gray car,a gray car,0.3883865177631378,"912.5,564.2,1011.5,633.6","911.0,567.0,1008.0,633.0",4848,0.10424432903528214,0.09800805151462555,gray,0.5404290429042904,0.7515612125396729,0.8318032582600912,0.017348366132153178,outputs/frame_checks/test_new_architecture_state/q006/q006_t0110.50_det01_context.png,outputs/frame_checks/test_new_architecture_state/q006/q006_t0110.50_det01_bbox_crop.png,outputs/frame_checks/test_new_architecture_state/q006/q006_t0110.50_det01_sam_mask.png,outputs/frame_checks/test_new_architecture_state/q006/q006_t0110.50_det01_masked_crop.png,outputs/frame_checks/test_new_architecture_state/q006/q006_t0110.50_det01_debug.png
test_new_architecture_state,q004,video_01,118.000,3540,1,28,a white pickup truck is stationary,a white pickup truck,a white pickup truck,0.8348914980888367,"569.8,342.5,642.2,379.7","572.0,345.0,640.0,377.0",1613,0.18055188655853271,0.16669704020023346,white,0.27836329820210787,0.4734506368637085,0.5015645133124458,0.0009512090455148404,outputs/frame_checks/test_new_architecture_state/q004/q004_t0118.00_det01_context.png,outputs/frame_checks/test_new_architecture_state/q004/q004_t0118.00_det01_bbox_crop.png,outputs/frame_checks/test_new_architecture_state/q004/q004_t0118.00_det01_sam_mask.png,outputs/frame_checks/test_new_architecture_state/q004/q004_t0118.00_det01_masked_crop.png,outputs/frame_checks/test_new_architecture_state/q004/q004_t0118.00_det01_debug.png
test_new_architecture_state,q004,video_01,158.500,4755,1,30,a white pickup truck is stationary,a white pickup truck,a white pickup truck,0.850922703742981,"389.3,420.1,513.3,477.5","392.0,422.0,512.0,475.0",4215,0.18541333079338074,0.179841548204422,white,0.28944246737841045,0.35257763862609864,0.6232812881469727,0.07283087347662974,outputs/frame_checks/test_new_architecture_state/q004/q004_t0158.50_det01_context.png,outputs/frame_checks/test_new_architecture_state/q004/q004_t0158.50_det01_bbox_crop.png,outputs/frame_checks/test_new_architecture_state/q004/q004_t0158.50_det01_sam_mask.png,outputs/frame_checks/test_new_architecture_state/q004/q004_t0158.50_det01_masked_crop.png,outputs/frame_checks/test_new_architecture_state/q004/q004_t0158.50_det01_debug.png
test_new_architecture_state,q004,video_01,159.500,4785,1,30,a white pickup truck is stationary,a white pickup truck,a white pickup truck,0.8621214628219604,"490.1,427.3,617.0,482.5","492.0,429.0,615.0,480.0",4141,0.1888185739517212,0.17783868312835693,white,0.2926829268292683,0.4324378609657288,0.631764645046658,0.08732338321353778,outputs/frame_checks/test_new_architecture_state/q004/q004_t0159.50_det01_context.png,outputs/frame_checks/test_new_architecture_state/q004/q004_t0159.50_det01_bbox_crop.png,outputs/frame_checks/test_new_architecture_state/q004/q004_t0159.50_det01_sam_mask.png,outputs/frame_checks/test_new_architecture_state/q004/q004_t0159.50_det01_masked_crop.png,outputs/frame_checks/test_new_architecture_state/q004/q004_t0159.50_det01_debug.png
test_new_architecture_state,q004,video_01,160.000,4800,1,30,a white pickup truck is stationary,a white pickup truck,a white pickup truck,0.8629222512245178,"528.9,425.7,657.9,479.1","533.0,429.0,657.0,477.0",4073,0.18418335914611816,0.17662273347377777,white,0.2683525656764056,0.46362221240997314,0.6283256530761718,0.06274680679592273,outputs/frame_checks/test_new_architecture_state/q004/q004_t0160.00_det01_context.png,outputs/frame_checks/test_new_architecture_state/q004/q004_t0160.00_det01_bbox_crop.png,outputs/frame_checks/test_new_architecture_state/q004/q004_t0160.00_det01_sam_mask.png,outputs/frame_checks/test_new_architecture_state/q004/q004_t0160.00_det01_masked_crop.png,outputs/frame_checks/test_new_architecture_state/q004/q004_t0160.00_det01_debug.png
test_new_architecture_state,q004,video_01,165.500,4965,1,30,a white pickup truck is stationary,a white pickup truck,a white pickup truck,0.7015544772148132,"698.3,404.5,778.0,455.2","701.0,407.0,775.0,453.0",2440,0.1779291033744812,0.16958588361740112,white,0.19959016393442622,0.5766789436340332,0.5970560921563043,0.0007314066513549936,outputs/frame_checks/test_new_architecture_state/q004/q004_t0165.50_det01_context.png,outputs/frame_checks/test_new_architecture_state/q004/q004_t0165.50_det01_bbox_crop.png,outputs/frame_checks/test_new_architecture_state/q004/q004_t0165.50_det01_sam_mask.png,outputs/frame_checks/test_new_architecture_state/q004/q004_t0165.50_det01_masked_crop.png,outputs/frame_checks/test_new_architecture_state/q004/q004_t0165.50_det01_debug.png
test_new_architecture_state,q006,video_01,165.500,4965,1,8,a gray car is stationary behind a lamppost,a gray car,a gray car,0.4848805367946625,"641.7,494.5,781.1,552.8","643.0,497.0,780.0,553.0",4612,0.08660726249217987,0.08696012198925018,gray,0.6467909800520382,0.5557751178741455,0.7272731145222981,0.0003388708085979687,outputs/frame_checks/test_new_architecture_state/q006/q006_t0165.50_det01_context.png,outputs/frame_checks/test_new_architecture_state/q006/q006_t0165.50_det01_bbox_crop.png,outputs/frame_checks/test_new_architecture_state/q006/q006_t0165.50_det01_sam_mask.png,outputs/frame_checks/test_new_architecture_state/q006/q006_t0165.50_det01_masked_crop.png,outputs/frame_checks/test_new_architecture_state/q006/q006_t0165.50_det01_debug.png
test_new_architecture_state,q013,video_02,0.000,0,1,1,a car trunk is open,a car trunk,a car trunk,0.2884150445461273,"1313.5,467.7,1382.6,586.4","1309.0,465.0,1378.0,579.0",4613,0.06761668622493744,0.02132006362080574,,,0.7021096229553223,0.488035159640842,,outputs/frame_checks/test_new_architecture_state/q013/q013_t0000.00_det01_context.png,outputs/frame_checks/test_new_architecture_state/q013/q013_t0000.00_det01_bbox_crop.png,outputs/frame_checks/test_new_architecture_state/q013/q013_t0000.00_det01_sam_mask.png,outputs/frame_checks/test_new_architecture_state/q013/q013_t0000.00_det01_masked_crop.png,outputs/frame_checks/test_new_architecture_state/q013/q013_t0000.00_det01_debug.png
test_new_architecture_state,q015,video_02,0.000,0,1,1,two groups of people are standing on the sidewalk,two groups of people on the sidewalk,two groups of people on the sidewalk,0.49021458625793457,"1259.4,372.9,1346.5,523.8","1263.0,384.0,1358.0,542.0",8558,0.1123017817735672,0.10696105659008026,,,0.6786227862040202,0.41512718200683596,,outputs/frame_checks/test_new_architecture_state/q015/q015_t0000.00_det01_context.png,outputs/frame_checks/test_new_architecture_state/q015/q015_t0000.00_det01_bbox_crop.png,outputs/frame_checks/test_new_architecture_state/q015/q015_t0000.00_det01_sam_mask.png,outputs/frame_checks/test_new_architecture_state/q015/q015_t0000.00_det01_masked_crop.png,outputs/frame_checks/test_new_architecture_state/q015/q015_t0000.00_det01_debug.png
test_new_architecture_state,q015,video_02,0.501,15,1,1,two groups of people are standing on the sidewalk,two groups of people on the sidewalk,two groups of people on the sidewalk,0.6924460530281067,"1243.7,377.3,1340.9,548.0","1253.0,388.0,1339.0,548.0",6850,0.09417146444320679,0.09089189767837524,,,0.673058032989502,0.42838072600188076,0.028720047353498937,outputs/frame_checks/test_new_architecture_state/q015/q015_t0000.50_det01_context.png,outputs/frame_checks/test_new_architecture_state/q015/q015_t0000.50_det01_bbox_crop.png,outputs/frame_checks/test_new_architecture_state/q015/q015_t0000.50_det01_sam_mask.png,outputs/frame_checks/test_new_architecture_state/q015/q015_t0000.50_det01_masked_crop.png,outputs/frame_checks/test_new_architecture_state/q015/q015_t0000.50_det01_debug.png
test_new_architecture_state,q015,video_02,1.001,30,1,1,two groups of people are standing on the sidewalk,two groups of people on the sidewalk,two groups of people on the sidewalk,0.703761875629425,"1228.6,376.1,1330.8,545.5","1241.0,388.0,1321.0,541.0",6170,0.1183740645647049,0.10473781824111938,,,0.6665252367655436,0.4266638579191985,0.01349576957197743,outputs/frame_checks/test_new_architecture_state/q015/q015_t0001.00_det01_context.png,outputs/frame_checks/test_new_architecture_state/q015/q015_t0001.00_det01_bbox_crop.png,outputs/frame_checks/test_new_architecture_state/q015/q015_t0001.00_det01_sam_mask.png,outputs/frame_checks/test_new_architecture_state/q015/q015_t0001.00_det01_masked_crop.png,outputs/frame_checks/test_new_architecture_state/q015/q015_t0001.00_det01_debug.png
test_new_architecture_state,q015,video_02,1.502,45,1,1,two groups of people are standing on the sidewalk,two groups of people on the sidewalk,two groups of people on the sidewalk,0.7249447107315063,"1215.8,378.7,1313.4,544.6","1229.0,389.0,1303.0,540.0",5211,0.1108265146613121,0.09284234791994095,,,0.6586421648661296,0.42745351438169127,0.015829217945138762,outputs/frame_checks/test_new_architecture_state/q015/q015_t0001.50_det01_context.png,outputs/frame_checks/test_new_architecture_state/q015/q015_t0001.50_det01_bbox_crop.png,outputs/frame_checks/test_new_architecture_state/q015/q015_t0001.50_det01_sam_mask.png,outputs/frame_checks/test_new_architecture_state/q015/q015_t0001.50_det01_masked_crop.png,outputs/frame_checks/test_new_architecture_state/q015/q015_t0001.50_det01_debug.png
test_new_architecture_state,q015,video_02,3.504,105,1,1,two groups of people are standing on the sidewalk,two groups of people on the sidewalk,two groups of people on the sidewalk,0.7230285406112671,"1157.3,383.0,1263.7,556.1","1172.0,394.0,1257.0,563.0",6752,0.10828381776809692,0.11316584050655365,,,0.6304852803548177,0.4347989824083116,0.012773445714259191,outputs/frame_checks/test_new_architecture_state/q015/q015_t0003.50_det01_context.png,outputs/frame_checks/test_new_architecture_state/q015/q015_t0003.50_det01_bbox_crop.png,outputs/frame_checks/test_new_architecture_state/q015/q015_t0003.50_det01_sam_mask.png,outputs/frame_checks/test_new_architecture_state/q015/q015_t0003.50_det01_masked_crop.png,outputs/frame_checks/test_new_architecture_state/q015/q015_t0003.50_det01_debug.png
test_new_architecture_state,q015,video_02,4.505,135,1,1,two groups of people are standing on the sidewalk,two groups of people on the sidewalk,two groups of people on the sidewalk,0.6765062212944031,"1133.7,385.5,1252.0,540.2","1147.0,398.0,1238.0,526.0",4495,0.12622080743312836,0.08707533031702042,,,0.6212684313456217,0.42857465390805843,0.01995424125448918,outputs/frame_checks/test_new_architecture_state/q015/q015_t0004.50_det01_context.png,outputs/frame_checks/test_new_architecture_state/q015/q015_t0004.50_det01_bbox_crop.png,outputs/frame_checks/test_new_architecture_state/q015/q015_t0004.50_det01_sam_mask.png,outputs/frame_checks/test_new_architecture_state/q015/q015_t0004.50_det01_masked_crop.png,outputs/frame_checks/test_new_architecture_state/q015/q015_t0004.50_det01_debug.png
test_new_architecture_state,q015,video_02,6.006,180,1,1,two groups of people are standing on the sidewalk,two groups of people on the sidewalk,two groups of people on the sidewalk,0.6864156126976013,"1113.5,394.1,1209.9,565.1","1128.0,407.0,1200.0,574.0",4549,0.1000487431883812,0.05872494727373123,,,0.6050649960835774,0.44405305650499133,0.017146415304557263,outputs/frame_checks/test_new_architecture_state/q015/q015_t0006.01_det01_context.png,outputs/frame_checks/test_new_architecture_state/q015/q015_t0006.01_det01_bbox_crop.png,outputs/frame_checks/test_new_architecture_state/q015/q015_t0006.01_det01_sam_mask.png,outputs/frame_checks/test_new_architecture_state/q015/q015_t0006.01_det01_masked_crop.png,outputs/frame_checks/test_new_architecture_state/q015/q015_t0006.01_det01_debug.png
test_new_architecture_state,q015,video_02,6.506,195,1,1,two groups of people are standing on the sidewalk,two groups of people on the sidewalk,two groups of people on the sidewalk,0.6668317317962646,"1097.9,394.6,1192.4,572.7","1113.0,406.0,1185.0,567.0",5389,0.12303567677736282,0.07755840569734573,,,0.5964498519897461,0.4478614807128906,0.018819948875523868,outputs/frame_checks/test_new_architecture_state/q015/q015_t0006.51_det01_context.png,outputs/frame_checks/test_new_architecture_state/q015/q015_t0006.51_det01_bbox_crop.png,outputs/frame_checks/test_new_architecture_state/q015/q015_t0006.51_det01_sam_mask.png,outputs/frame_checks/test_new_architecture_state/q015/q015_t0006.51_det01_masked_crop.png,outputs/frame_checks/test_new_architecture_state/q015/q015_t0006.51_det01_debug.png
test_new_architecture_state,q013,video_02,12.012,360,1,2,a car trunk is open,a car trunk,a car trunk,0.3641924560070038,"1865.9,-0.5,1917.3,30.0","1874.0,0.0,1920.0,20.0",788,0.09736614674329758,0.05234538018703461,,,0.9852032661437988,0.013669123197043383,,outputs/frame_checks/test_new_architecture_state/q013/q013_t0012.01_det01_context.png,outputs/frame_checks/test_new_architecture_state/q013/q013_t0012.01_det01_bbox_crop.png,outputs/frame_checks/test_new_architecture_state/q013/q013_t0012.01_det01_sam_mask.png,outputs/frame_checks/test_new_architecture_state/q013/q013_t0012.01_det01_masked_crop.png,outputs/frame_checks/test_new_architecture_state/q013/q013_t0012.01_det01_debug.png
test_new_architecture_state,q015,video_02,38.005,1139,1,1,two groups of people are standing on the sidewalk,two groups of people on the sidewalk,two groups of people on the sidewalk,0.4242844581604004,"292.4,440.5,537.6,647.2","296.0,520.0,560.0,662.0",13579,0.12360814958810806,0.049795620143413544,,,0.21613353888193768,0.5035396152072482,0.004550602010956805,outputs/frame_checks/test_new_architecture_state/q015/q015_t0038.00_det01_context.png,outputs/frame_checks/test_new_architecture_state/q015/q015_t0038.00_det01_bbox_crop.png,outputs/frame_checks/test_new_architecture_state/q015/q015_t0038.00_det01_sam_mask.png,outputs/frame_checks/test_new_architecture_state/q015/q015_t0038.00_det01_masked_crop.png,outputs/frame_checks/test_new_architecture_state/q015/q015_t0038.00_det01_debug.png
test_new_architecture_state,q015,video_02,39.006,1169,1,1,two groups of people are standing on the sidewalk,two groups of people on the sidewalk,two groups of people on the sidewalk,0.4343429207801819,"292.3,439.0,537.3,647.3","289.0,520.0,559.0,662.0",13786,0.11838392168283463,0.041614286601543427,,,0.21605931917826335,0.5029439855504919,0.002842371179826405,outputs/frame_checks/test_new_architecture_state/q015/q015_t0039.01_det01_context.png,outputs/frame_checks/test_new_architecture_state/q015/q015_t0039.01_det01_bbox_crop.png,outputs/frame_checks/test_new_architecture_state/q015/q015_t0039.01_det01_sam_mask.png,outputs/frame_checks/test_new_architecture_state/q015/q015_t0039.01_det01_masked_crop.png,outputs/frame_checks/test_new_architecture_state/q015/q015_t0039.01_det01_debug.png
test_new_architecture_state,q015,video_02,39.506,1184,1,1,two groups of people are standing on the sidewalk,two groups of people on the sidewalk,two groups of people on the sidewalk,0.44122999906539917,"293.3,441.5,536.9,645.5","289.0,521.0,559.0,662.0",13153,0.12330161780118942,0.04051396995782852,,,0.21618103981018066,0.5032449934217665,0.0006487252834469166,outputs/frame_checks/test_new_architecture_state/q015/q015_t0039.51_det01_context.png,outputs/frame_checks/test_new_architecture_state/q015/q015_t0039.51_det01_bbox_crop.png,outputs/frame_checks/test_new_architecture_state/q015/q015_t0039.51_det01_sam_mask.png,outputs/frame_checks/test_new_architecture_state/q015/q015_t0039.51_det01_masked_crop.png,outputs/frame_checks/test_new_architecture_state/q015/q015_t0039.51_det01_debug.png
test_new_architecture_state,q015,video_02,40.007,1199,1,1,two groups of people are standing on the sidewalk,two groups of people on the sidewalk,two groups of people on the sidewalk,0.42799484729766846,"291.9,441.6,538.9,643.8","289.0,520.0,560.0,661.0",13793,0.12097126990556717,0.020420117303729057,,,0.21634450753529866,0.5025133627432364,0.001497842208509362,outputs/frame_checks/test_new_architecture_state/q015/q015_t0040.01_det01_context.png,outputs/frame_checks/test_new_architecture_state/q015/q015_t0040.01_det01_bbox_crop.png,outputs/frame_checks/test_new_architecture_state/q015/q015_t0040.01_det01_sam_mask.png,outputs/frame_checks/test_new_architecture_state/q015/q015_t0040.01_det01_masked_crop.png,outputs/frame_checks/test_new_architecture_state/q015/q015_t0040.01_det01_debug.png
test_new_architecture_state,q015,video_02,40.507,1214,1,1,two groups of people are standing on the sidewalk,two groups of people on the sidewalk,two groups of people on the sidewalk,0.42825669050216675,"295.7,443.4,535.4,641.8","291.0,524.0,559.0,653.0",13087,0.12202978134155273,0.006108461879193783,,,0.21641789277394613,0.5024370122838904,0.00021158818418303446,outputs/frame_checks/test_new_architecture_state/q015/q015_t0040.51_det01_context.png,outputs/frame_checks/test_new_architecture_state/q015/q015_t0040.51_det01_bbox_crop.png,outputs/frame_checks/test_new_architecture_state/q015/q015_t0040.51_det01_sam_mask.png,outputs/frame_checks/test_new_architecture_state/q015/q015_t0040.51_det01_masked_crop.png,outputs/frame_checks/test_new_architecture_state/q015/q015_t0040.51_det01_debug.png
test_new_architecture_state,q015,video_02,41.508,1244,1,1,two groups of people are standing on the sidewalk,two groups of people on the sidewalk,two groups of people on the sidewalk,0.41425445675849915,"292.4,438.4,537.7,643.6","292.0,493.0,556.0,661.0",12461,0.13077199459075928,0.01314610242843628,,,0.2161888043085734,0.5009147361472801,0.0015240429973218351,outputs/frame_checks/test_new_architecture_state/q015/q015_t0041.51_det01_context.png,outputs/frame_checks/test_new_architecture_state/q015/q015_t0041.51_det01_bbox_crop.png,outputs/frame_checks/test_new_architecture_state/q015/q015_t0041.51_det01_sam_mask.png,outputs/frame_checks/test_new_architecture_state/q015/q015_t0041.51_det01_masked_crop.png,outputs/frame_checks/test_new_architecture_state/q015/q015_t0041.51_det01_debug.png
test_new_architecture_state,q015,video_02,43.510,1304,1,1,two groups of people are standing on the sidewalk,two groups of people on the sidewalk,two groups of people on the sidewalk,0.4145451486110687,"293.3,438.2,539.0,643.2","292.0,516.0,559.0,652.0",11994,0.12876921892166138,0.004199560731649399,,,0.21675289471944173,0.5006459412751374,0.0031615639869125014,outputs/frame_checks/test_new_architecture_state/q015/q015_t0043.51_det01_context.png,outputs/frame_checks/test_new_architecture_state/q015/q015_t0043.51_det01_bbox_crop.png,outputs/frame_checks/test_new_architecture_state/q015/q015_t0043.51_det01_sam_mask.png,outputs/frame_checks/test_new_architecture_state/q015/q015_t0043.51_det01_masked_crop.png,outputs/frame_checks/test_new_architecture_state/q015/q015_t0043.51_det01_debug.png
test_new_architecture_state,q013,video_02,52.486,1573,1,3,a car trunk is open,a car trunk,a car trunk,0.32082122564315796,"1600.1,0.5,1768.1,30.2","1606.0,0.0,1748.0,21.0",2006,0.07537131011486053,0.05812595784664154,,,0.8771193504333497,0.014214552221474825,,outputs/frame_checks/test_new_architecture_state/q013/q013_t0052.49_det01_context.png,outputs/frame_checks/test_new_architecture_state/q013/q013_t0052.49_det01_bbox_crop.png,outputs/frame_checks/test_new_architecture_state/q013/q013_t0052.49_det01_sam_mask.png,outputs/frame_checks/test_new_architecture_state/q013/q013_t0052.49_det01_masked_crop.png,outputs/frame_checks/test_new_architecture_state/q013/q013_t0052.49_det01_debug.png
test_new_architecture_state,q013,video_02,52.986,1588,1,3,a car trunk is open,a car trunk,a car trunk,0.3710424602031708,"1753.0,0.5,1906.5,31.2","1755.0,0.0,1901.0,23.0",2796,0.07797609269618988,0.08231602609157562,,,0.9530057271321615,0.014634657044101645,0.1516234556125411,outputs/frame_checks/test_new_architecture_state/q013/q013_t0052.99_det01_context.png,outputs/frame_checks/test_new_architecture_state/q013/q013_t0052.99_det01_bbox_crop.png,outputs/frame_checks/test_new_architecture_state/q013/q013_t0052.99_det01_sam_mask.png,outputs/frame_checks/test_new_architecture_state/q013/q013_t0052.99_det01_masked_crop.png,outputs/frame_checks/test_new_architecture_state/q013/q013_t0052.99_det01_debug.png
test_new_architecture_state,q015,video_02,52.986,1588,1,1,two groups of people are standing on the sidewalk,two groups of people on the sidewalk,two groups of people on the sidewalk,0.7503541707992554,"303.2,463.5,506.7,625.5","322.0,481.0,495.0,623.0",8868,0.13701215386390686,0.10674019157886505,,,0.21091001828511555,0.5041688000714337,0.0012313808369626708,outputs/frame_checks/test_new_architecture_state/q015/q015_t0052.99_det01_context.png,outputs/frame_checks/test_new_architecture_state/q015/q015_t0052.99_det01_bbox_crop.png,outputs/frame_checks/test_new_architecture_state/q015/q015_t0052.99_det01_sam_mask.png,outputs/frame_checks/test_new_architecture_state/q015/q015_t0052.99_det01_masked_crop.png,outputs/frame_checks/test_new_architecture_state/q015/q015_t0052.99_det01_debug.png
test_new_architecture_state,q013,video_02,68.502,2053,1,4,a car trunk is open,a car trunk,a car trunk,0.3585238754749298,"1606.9,0.2,1674.3,27.8","1613.0,0.0,1668.0,23.0",1090,0.08653586357831955,0.03348172456026077,,,0.8544639587402344,0.012974653599990739,0.09070792266199161,outputs/frame_checks/test_new_architecture_state/q013/q013_t0068.50_det01_context.png,outputs/frame_checks/test_new_architecture_state/q013/q013_t0068.50_det01_bbox_crop.png,outputs/frame_checks/test_new_architecture_state/q013/q013_t0068.50_det01_sam_mask.png,outputs/frame_checks/test_new_architecture_state/q013/q013_t0068.50_det01_masked_crop.png,outputs/frame_checks/test_new_architecture_state/q013/q013_t0068.50_det01_debug.png
test_new_architecture_state,q015,video_02,68.502,2053,1,1,two groups of people are standing on the sidewalk,two groups of people on the sidewalk,two groups of people on the sidewalk,0.7710462212562561,"305.3,465.5,493.9,625.6","323.0,479.0,483.0,618.0",7462,0.12494698911905289,0.08646924048662186,,,0.2081093708674113,0.50514811763057,0.002637821539601757,outputs/frame_checks/test_new_architecture_state/q015/q015_t0068.50_det01_context.png,outputs/frame_checks/test_new_architecture_state/q015/q015_t0068.50_det01_bbox_crop.png,outputs/frame_checks/test_new_architecture_state/q015/q015_t0068.50_det01_sam_mask.png,outputs/frame_checks/test_new_architecture_state/q015/q015_t0068.50_det01_masked_crop.png,outputs/frame_checks/test_new_architecture_state/q015/q015_t0068.50_det01_debug.png
test_new_architecture_state,q013,video_02,69.503,2083,1,4,a car trunk is open,a car trunk,a car trunk,0.5179058909416199,"1566.3,-0.2,1668.0,50.5","1570.0,0.0,1664.0,46.0",3446,0.05555392801761627,0.06402550637722015,,,0.8422533353169759,0.02327471231282861,0.025376595119861584,outputs/frame_checks/test_new_architecture_state/q013/q013_t0069.50_det01_context.png,outputs/frame_checks/test_new_architecture_state/q013/q013_t0069.50_det01_bbox_crop.png,outputs/frame_checks/test_new_architecture_state/q013/q013_t0069.50_det01_sam_mask.png,outputs/frame_checks/test_new_architecture_state/q013/q013_t0069.50_det01_masked_crop.png,outputs/frame_checks/test_new_architecture_state/q013/q013_t0069.50_det01_debug.png
test_new_architecture_state,q015,video_02,69.503,2083,1,1,two groups of people are standing on the sidewalk,two groups of people on the sidewalk,two groups of people on the sidewalk,0.7958582639694214,"305.1,464.5,493.1,626.2","324.0,474.0,484.0,620.0",8457,0.10884982347488403,0.10427256673574448,,,0.20784293015797933,0.5049729241265191,0.001525212247201751,outputs/frame_checks/test_new_architecture_state/q015/q015_t0069.50_det01_context.png,outputs/frame_checks/test_new_architecture_state/q015/q015_t0069.50_det01_bbox_crop.png,outputs/frame_checks/test_new_architecture_state/q015/q015_t0069.50_det01_sam_mask.png,outputs/frame_checks/test_new_architecture_state/q015/q015_t0069.50_det01_masked_crop.png,outputs/frame_checks/test_new_architecture_state/q015/q015_t0069.50_det01_debug.png
test_new_architecture_state,q013,video_02,70.003,2098,1,4,a car trunk is open,a car trunk,a car trunk,0.6162722706794739,"1563.9,1.7,1648.1,66.6","1571.0,0.0,1644.0,62.0",3798,0.05268896371126175,0.054884545505046844,,,0.8364391326904297,0.031654189913361164,0.020377719940416872,outputs/frame_checks/test_new_architecture_state/q013/q013_t0070.00_det01_context.png,outputs/frame_checks/test_new_architecture_state/q013/q013_t0070.00_det01_bbox_crop.png,outputs/frame_checks/test_new_architecture_state/q013/q013_t0070.00_det01_sam_mask.png,outputs/frame_checks/test_new_architecture_state/q013/q013_t0070.00_det01_masked_crop.png,outputs/frame_checks/test_new_architecture_state/q013/q013_t0070.00_det01_debug.png
test_new_architecture_state,q015,video_02,70.003,2098,1,1,two groups of people are standing on the sidewalk,two groups of people on the sidewalk,two groups of people on the sidewalk,0.8104380369186401,"307.7,464.1,490.2,625.3","324.0,474.0,483.0,615.0",7195,0.11696083843708038,0.09395532310009003,,,0.20779817899068195,0.5043533466480397,0.0012411419210886963,outputs/frame_checks/test_new_architecture_state/q015/q015_t0070.00_det01_context.png,outputs/frame_checks/test_new_architecture_state/q015/q015_t0070.00_det01_bbox_crop.png,outputs/frame_checks/test_new_architecture_state/q015/q015_t0070.00_det01_sam_mask.png,outputs/frame_checks/test_new_architecture_state/q015/q015_t0070.00_det01_masked_crop.png,outputs/frame_checks/test_new_architecture_state/q015/q015_t0070.00_det01_debug.png
test_new_architecture_state,q013,video_02,70.504,2113,1,4,a car trunk is open,a car trunk,a car trunk,0.6353495717048645,"1561.8,8.3,1643.8,87.7","1569.0,13.0,1638.0,81.0",3918,0.059493549168109894,0.06708499044179916,,,0.8347991625467936,0.044454637280216924,0.025784365178259928,outputs/frame_checks/test_new_architecture_state/q013/q013_t0070.50_det01_context.png,outputs/frame_checks/test_new_architecture_state/q013/q013_t0070.50_det01_bbox_crop.png,outputs/frame_checks/test_new_architecture_state/q013/q013_t0070.50_det01_sam_mask.png,outputs/frame_checks/test_new_architecture_state/q013/q013_t0070.50_det01_masked_crop.png,outputs/frame_checks/test_new_architecture_state/q013/q013_t0070.50_det01_debug.png
test_new_architecture_state,q013,video_02,71.004,2128,1,4,a car trunk is open,a car trunk,a car trunk,0.647834062576294,"1556.7,28.1,1637.2,109.2","1560.0,33.0,1632.0,106.0",4350,0.05870494246482849,0.06249912455677986,,,0.831745974222819,0.06352433716809308,0.03858655617522786,outputs/frame_checks/test_new_architecture_state/q013/q013_t0071.00_det01_context.png,outputs/frame_checks/test_new_architecture_state/q013/q013_t0071.00_det01_bbox_crop.png,outputs/frame_checks/test_new_architecture_state/q013/q013_t0071.00_det01_sam_mask.png,outputs/frame_checks/test_new_architecture_state/q013/q013_t0071.00_det01_masked_crop.png,outputs/frame_checks/test_new_architecture_state/q013/q013_t0071.00_det01_debug.png
test_new_architecture_state,q015,video_02,71.004,2128,1,1,two groups of people are standing on the sidewalk,two groups of people on the sidewalk,two groups of people on the sidewalk,0.818763017654419,"304.9,465.9,495.5,626.6","322.0,479.0,484.0,622.0",7323,0.12360227853059769,0.09610775113105774,,,0.20843962828318277,0.5058193771927445,0.002073916657280866,outputs/frame_checks/test_new_architecture_state/q015/q015_t0071.00_det01_context.png,outputs/frame_checks/test_new_architecture_state/q015/q015_t0071.00_det01_bbox_crop.png,outputs/frame_checks/test_new_architecture_state/q015/q015_t0071.00_det01_sam_mask.png,outputs/frame_checks/test_new_architecture_state/q015/q015_t0071.00_det01_masked_crop.png,outputs/frame_checks/test_new_architecture_state/q015/q015_t0071.00_det01_debug.png
test_new_architecture_state,q013,video_02,71.505,2143,1,4,a car trunk is open,a car trunk,a car trunk,0.6615509390830994,"1544.6,51.8,1628.7,136.8","1546.0,58.0,1624.0,135.0",5058,0.04988989606499672,0.05647560954093933,,,0.8263863563537598,0.0873023686585603,0.04870046507707283,outputs/frame_checks/test_new_architecture_state/q013/q013_t0071.50_det01_context.png,outputs/frame_checks/test_new_architecture_state/q013/q013_t0071.50_det01_bbox_crop.png,outputs/frame_checks/test_new_architecture_state/q013/q013_t0071.50_det01_sam_mask.png,outputs/frame_checks/test_new_architecture_state/q013/q013_t0071.50_det01_masked_crop.png,outputs/frame_checks/test_new_architecture_state/q013/q013_t0071.50_det01_debug.png
test_new_architecture_state,q013,video_02,76.009,2278,1,4,a car trunk is open,a car trunk,a car trunk,0.57118159532547,"1058.4,327.5,1286.6,476.8","1064.0,336.0,1283.0,470.0",18262,0.05555669963359833,0.06395256519317627,,,0.6106892267862956,0.3723798398618345,0.1044406098822519,outputs/frame_checks/test_new_architecture_state/q013/q013_t0076.01_det01_context.png,outputs/frame_checks/test_new_architecture_state/q013/q013_t0076.01_det01_bbox_crop.png,outputs/frame_checks/test_new_architecture_state/q013/q013_t0076.01_det01_sam_mask.png,outputs/frame_checks/test_new_architecture_state/q013/q013_t0076.01_det01_masked_crop.png,outputs/frame_checks/test_new_architecture_state/q013/q013_t0076.01_det01_debug.png
test_new_architecture_state,q013,video_02,83.483,2502,1,4,a car trunk is open,a car trunk,a car trunk,0.4871561527252197,"710.8,508.3,977.4,718.4","718.0,518.0,973.0,710.0",29241,0.09848111867904663,0.10203742980957031,,,0.4396467844645182,0.5679441098813658,0.0009849040985298841,outputs/frame_checks/test_new_architecture_state/q013/q013_t0083.48_det01_context.png,outputs/frame_checks/test_new_architecture_state/q013/q013_t0083.48_det01_bbox_crop.png,outputs/frame_checks/test_new_architecture_state/q013/q013_t0083.48_det01_sam_mask.png,outputs/frame_checks/test_new_architecture_state/q013/q013_t0083.48_det01_masked_crop.png,outputs/frame_checks/test_new_architecture_state/q013/q013_t0083.48_det01_debug.png
test_new_architecture_state,q013,video_02,83.984,2517,1,4,a car trunk is open,a car trunk,a car trunk,0.4031918942928314,"710.5,509.4,976.5,719.5","718.0,518.0,973.0,711.0",30061,0.10409940779209137,0.11389496177434921,,,0.4393172740936279,0.5689611505579065,0.0021360396521586797,outputs/frame_checks/test_new_architecture_state/q013/q013_t0083.98_det01_context.png,outputs/frame_checks/test_new_architecture_state/q013/q013_t0083.98_det01_bbox_crop.png,outputs/frame_checks/test_new_architecture_state/q013/q013_t0083.98_det01_sam_mask.png,outputs/frame_checks/test_new_architecture_state/q013/q013_t0083.98_det01_masked_crop.png,outputs/frame_checks/test_new_architecture_state/q013/q013_t0083.98_det01_debug.png
test_new_architecture_state,q013,video_02,85.986,2577,1,4,a car trunk is open,a car trunk,a car trunk,0.47153958678245544,"710.0,511.0,977.5,718.2","718.0,518.0,972.0,710.0",28355,0.09639538079500198,0.12424832582473755,,,0.4394602616628011,0.5690775412100333,0.0020766635083686825,outputs/frame_checks/test_new_architecture_state/q013/q013_t0085.99_det01_context.png,outputs/frame_checks/test_new_architecture_state/q013/q013_t0085.99_det01_bbox_crop.png,outputs/frame_checks/test_new_architecture_state/q013/q013_t0085.99_det01_sam_mask.png,outputs/frame_checks/test_new_architecture_state/q013/q013_t0085.99_det01_masked_crop.png,outputs/frame_checks/test_new_architecture_state/q013/q013_t0085.99_det01_debug.png
test_new_architecture_state,q013,video_02,133.000,3986,1,4,a car trunk is open,a car trunk,a car trunk,0.41960883140563965,"709.8,510.1,980.8,718.2","718.0,494.0,976.0,710.0",30745,0.13694801926612854,0.14772599935531616,,,0.44027965863545737,0.5686507754855685,0.004018821786652897,outputs/frame_checks/test_new_architecture_state/q013/q013_t0133.00_det01_context.png,outputs/frame_checks/test_new_architecture_state/q013/q013_t0133.00_det01_bbox_crop.png,outputs/frame_checks/test_new_architecture_state/q013/q013_t0133.00_det01_sam_mask.png,outputs/frame_checks/test_new_architecture_state/q013/q013_t0133.00_det01_masked_crop.png,outputs/frame_checks/test_new_architecture_state/q013/q013_t0133.00_det01_debug.png
test_new_architecture_state,q013,video_02,134.001,4016,1,4,a car trunk is open,a car trunk,a car trunk,0.4213389754295349,"709.6,495.5,979.6,717.6","718.0,486.0,975.0,710.0",30854,0.1467563807964325,0.15011188387870789,,,0.4398933410644531,0.5616088584617333,0.00046710919199439174,outputs/frame_checks/test_new_architecture_state/q013/q013_t0134.00_det01_context.png,outputs/frame_checks/test_new_architecture_state/q013/q013_t0134.00_det01_bbox_crop.png,outputs/frame_checks/test_new_architecture_state/q013/q013_t0134.00_det01_sam_mask.png,outputs/frame_checks/test_new_architecture_state/q013/q013_t0134.00_det01_masked_crop.png,outputs/frame_checks/test_new_architecture_state/q013/q013_t0134.00_det01_debug.png
test_new_architecture_state,q013,video_02,134.501,4031,1,4,a car trunk is open,a car trunk,a car trunk,0.3700741231441498,"867.6,477.6,969.0,549.3","874.0,486.0,963.0,545.0",3738,0.13742753863334656,0.07542601972818375,,,0.4782604694366455,0.4754219761601201,0.18849341054846738,outputs/frame_checks/test_new_architecture_state/q013/q013_t0134.50_det01_context.png,outputs/frame_checks/test_new_architecture_state/q013/q013_t0134.50_det01_bbox_crop.png,outputs/frame_checks/test_new_architecture_state/q013/q013_t0134.50_det01_sam_mask.png,outputs/frame_checks/test_new_architecture_state/q013/q013_t0134.50_det01_masked_crop.png,outputs/frame_checks/test_new_architecture_state/q013/q013_t0134.50_det01_debug.png
test_new_architecture_state,q013,video_02,136.503,4091,1,4,a car trunk is open,a car trunk,a car trunk,0.44267088174819946,"709.5,507.6,980.7,717.8","718.0,527.0,975.0,710.0",27778,0.13030682504177094,0.06767889857292175,,,0.44014678001403806,0.5673189940275969,0.0005993591011458555,outputs/frame_checks/test_new_architecture_state/q013/q013_t0136.50_det01_context.png,outputs/frame_checks/test_new_architecture_state/q013/q013_t0136.50_det01_bbox_crop.png,outputs/frame_checks/test_new_architecture_state/q013/q013_t0136.50_det01_sam_mask.png,outputs/frame_checks/test_new_architecture_state/q013/q013_t0136.50_det01_masked_crop.png,outputs/frame_checks/test_new_architecture_state/q013/q013_t0136.50_det01_debug.png
test_new_architecture_state,q013,video_02,138.505,4151,1,4,a car trunk is open,a car trunk,a car trunk,0.661913275718689,"708.5,502.1,980.6,717.8","718.0,505.0,976.0,711.0",29952,0.12103680521249771,0.09287696331739426,,,0.4398765563964844,0.56477375736943,0.010872927905409358,outputs/frame_checks/test_new_architecture_state/q013/q013_t0138.51_det01_context.png,outputs/frame_checks/test_new_architecture_state/q013/q013_t0138.51_det01_bbox_crop.png,outputs/frame_checks/test_new_architecture_state/q013/q013_t0138.51_det01_sam_mask.png,outputs/frame_checks/test_new_architecture_state/q013/q013_t0138.51_det01_masked_crop.png,outputs/frame_checks/test_new_architecture_state/q013/q013_t0138.51_det01_debug.png
test_new_architecture_state,q013,video_02,139.006,4166,1,4,a car trunk is open,a car trunk,a car trunk,0.6971597075462341,"708.3,504.9,975.9,718.4","718.0,511.0,977.0,710.0",29310,0.0940355509519577,0.07785405218601227,,,0.4385793685913086,0.5663291648582176,0.004046626728689141,outputs/frame_checks/test_new_architecture_state/q013/q013_t0139.01_det01_context.png,outputs/frame_checks/test_new_architecture_state/q013/q013_t0139.01_det01_bbox_crop.png,outputs/frame_checks/test_new_architecture_state/q013/q013_t0139.01_det01_sam_mask.png,outputs/frame_checks/test_new_architecture_state/q013/q013_t0139.01_det01_masked_crop.png,outputs/frame_checks/test_new_architecture_state/q013/q013_t0139.01_det01_debug.png
test_new_architecture_state,q024,video_03,0.000,0,1,1,no one is on the stairs,person on the stairs,person on the stairs,0.37274399399757385,"315.9,288.8,346.6,351.2","322.0,291.0,344.0,351.0",1004,0.12749210000038147,0.08350783586502075,,,0.2588088154792786,0.4444926579793294,,outputs/frame_checks/test_new_architecture_state/q024/q024_t0000.00_det01_context.png,outputs/frame_checks/test_new_architecture_state/q024/q024_t0000.00_det01_bbox_crop.png,outputs/frame_checks/test_new_architecture_state/q024/q024_t0000.00_det01_sam_mask.png,outputs/frame_checks/test_new_architecture_state/q024/q024_t0000.00_det01_masked_crop.png,outputs/frame_checks/test_new_architecture_state/q024/q024_t0000.00_det01_debug.png
test_new_architecture_state,q023,video_03,0.500,12,1,1,a red bicycle is parked near the stairs,a red bicycle near the stairs,a red bicycle near the stairs,0.28465190529823303,"464.8,243.1,546.7,275.0","461.0,249.0,549.0,272.0",1302,0.04993484541773796,0.02525566890835762,red,0.5184331797235023,0.39512320756912234,0.35975443522135414,,outputs/frame_checks/test_new_architecture_state/q023/q023_t0000.50_det01_context.png,outputs/frame_checks/test_new_architecture_state/q023/q023_t0000.50_det01_bbox_crop.png,outputs/frame_checks/test_new_architecture_state/q023/q023_t0000.50_det01_sam_mask.png,outputs/frame_checks/test_new_architecture_state/q023/q023_t0000.50_det01_masked_crop.png,outputs/frame_checks/test_new_architecture_state/q023/q023_t0000.50_det01_debug.png
test_new_architecture_state,q024,video_03,0.500,12,1,1,no one is on the stairs,person on the stairs,person on the stairs,0.3663896322250366,"355.6,247.2,382.6,309.1","361.0,253.0,382.0,311.0",847,0.13170653581619263,0.08490965515375137,,,0.28836315870285034,0.3863139046563043,0.13040141800553948,outputs/frame_checks/test_new_architecture_state/q024/q024_t0000.50_det01_context.png,outputs/frame_checks/test_new_architecture_state/q024/q024_t0000.50_det01_bbox_crop.png,outputs/frame_checks/test_new_architecture_state/q024/q024_t0000.50_det01_sam_mask.png,outputs/frame_checks/test_new_architecture_state/q024/q024_t0000.50_det01_masked_crop.png,outputs/frame_checks/test_new_architecture_state/q024/q024_t0000.50_det01_debug.png
test_new_architecture_state,q023,video_03,1.001,24,1,1,a red bicycle is parked near the stairs,a red bicycle near the stairs,a red bicycle near the stairs,0.46265414357185364,"444.6,248.3,481.3,303.9","447.0,251.0,479.0,302.0",1095,0.03929068520665169,-0.0624435618519783,red,0.32146118721461187,0.36167564392089846,0.38349688847859703,0.08196683954795798,outputs/frame_checks/test_new_architecture_state/q023/q023_t0001.00_det01_context.png,outputs/frame_checks/test_new_architecture_state/q023/q023_t0001.00_det01_bbox_crop.png,outputs/frame_checks/test_new_architecture_state/q023/q023_t0001.00_det01_sam_mask.png,outputs/frame_checks/test_new_architecture_state/q023/q023_t0001.00_det01_masked_crop.png,outputs/frame_checks/test_new_architecture_state/q023/q023_t0001.00_det01_debug.png
test_new_architecture_state,q024,video_03,1.501,36,1,1,no one is on the stairs,person on the stairs,person on the stairs,0.3935278356075287,"391.1,248.1,420.9,310.6","396.0,252.0,420.0,310.0",969,0.11372748017311096,0.09156620502471924,,,0.31717894077301023,0.38800388971964517,0.0461689870079063,outputs/frame_checks/test_new_architecture_state/q024/q024_t0001.50_det01_context.png,outputs/frame_checks/test_new_architecture_state/q024/q024_t0001.50_det01_bbox_crop.png,outputs/frame_checks/test_new_architecture_state/q024/q024_t0001.50_det01_sam_mask.png,outputs/frame_checks/test_new_architecture_state/q024/q024_t0001.50_det01_masked_crop.png,outputs/frame_checks/test_new_architecture_state/q024/q024_t0001.50_det01_debug.png
test_new_architecture_state,q024,video_03,4.003,96,1,1,no one is on the stairs,person on the stairs,person on the stairs,0.4213648736476898,"397.4,272.1,424.7,334.2","402.0,275.0,422.0,335.0",897,0.10961423814296722,0.08388396352529526,,,0.32110748291015623,0.4210886425442166,0.12790426837545002,outputs/frame_checks/test_new_architecture_state/q024/q024_t0004.00_det01_context.png,outputs/frame_checks/test_new_architecture_state/q024/q024_t0004.00_det01_bbox_crop.png,outputs/frame_checks/test_new_architecture_state/q024/q024_t0004.00_det01_sam_mask.png,outputs/frame_checks/test_new_architecture_state/q024/q024_t0004.00_det01_masked_crop.png,outputs/frame_checks/test_new_architecture_state/q024/q024_t0004.00_det01_debug.png
test_new_architecture_state,q024,video_03,5.004,120,1,1,no one is on the stairs,person on the stairs,person on the stairs,0.39980050921440125,"388.8,274.9,416.8,338.6","392.0,277.0,420.0,343.0",1275,0.12905797362327576,0.06757915019989014,,,0.31469547748565674,0.4260294172498915,0.005279014967651727,outputs/frame_checks/test_new_architecture_state/q024/q024_t0005.00_det01_context.png,outputs/frame_checks/test_new_architecture_state/q024/q024_t0005.00_det01_bbox_crop.png,outputs/frame_checks/test_new_architecture_state/q024/q024_t0005.00_det01_sam_mask.png,outputs/frame_checks/test_new_architecture_state/q024/q024_t0005.00_det01_masked_crop.png,outputs/frame_checks/test_new_architecture_state/q024/q024_t0005.00_det01_debug.png
test_new_architecture_state,q024,video_03,5.505,132,1,1,no one is on the stairs,person on the stairs,person on the stairs,0.4377419352531433,"383.7,281.9,409.5,343.9","387.0,286.0,409.0,345.0",896,0.13050128519535065,0.09509753435850143,,,0.3098427653312683,0.4345330132378472,0.019565301934718594,outputs/frame_checks/test_new_architecture_state/q024/q024_t0005.50_det01_context.png,outputs/frame_checks/test_new_architecture_state/q024/q024_t0005.50_det01_bbox_crop.png,outputs/frame_checks/test_new_architecture_state/q024/q024_t0005.50_det01_sam_mask.png,outputs/frame_checks/test_new_architecture_state/q024/q024_t0005.50_det01_masked_crop.png,outputs/frame_checks/test_new_architecture_state/q024/q024_t0005.50_det01_debug.png
test_new_architecture_state,q024,video_03,9.008,216,1,1,no one is on the stairs,person on the stairs,person on the stairs,0.41221603751182556,"336.3,305.4,365.9,372.1","341.0,313.0,364.0,371.0",975,0.11875055730342865,0.1013234332203865,,,0.27429449558258057,0.47049973805745443,0.06173053917633497,outputs/frame_checks/test_new_architecture_state/q024/q024_t0009.01_det01_context.png,outputs/frame_checks/test_new_architecture_state/q024/q024_t0009.01_det01_bbox_crop.png,outputs/frame_checks/test_new_architecture_state/q024/q024_t0009.01_det01_sam_mask.png,outputs/frame_checks/test_new_architecture_state/q024/q024_t0009.01_det01_masked_crop.png,outputs/frame_checks/test_new_architecture_state/q024/q024_t0009.01_det01_debug.png
test_new_architecture_state,q023,video_03,9.508,228,1,3,a red bicycle is parked near the stairs,a red bicycle near the stairs,a red bicycle near the stairs,0.5050375461578369,"707.8,222.2,747.3,264.1","708.0,226.0,747.0,263.0",898,0.0003708750009536743,-0.036629509180784225,red,0.1870824053452116,0.5684042692184448,0.3377130402459039,0.029881558649683598,outputs/frame_checks/test_new_architecture_state/q023/q023_t0009.51_det01_context.png,outputs/frame_checks/test_new_architecture_state/q023/q023_t0009.51_det01_bbox_crop.png,outputs/frame_checks/test_new_architecture_state/q023/q023_t0009.51_det01_sam_mask.png,outputs/frame_checks/test_new_architecture_state/q023/q023_t0009.51_det01_masked_crop.png,outputs/frame_checks/test_new_architecture_state/q023/q023_t0009.51_det01_debug.png
test_new_architecture_state,q024,video_03,9.508,228,1,1,no one is on the stairs,person on the stairs,person on the stairs,0.4422423243522644,"364.3,310.1,393.0,379.5","369.0,313.0,390.0,378.0",981,0.12565048038959503,0.07161387801170349,,,0.2958248257637024,0.47892430623372395,0.04620121024766716,outputs/frame_checks/test_new_architecture_state/q024/q024_t0009.51_det01_context.png,outputs/frame_checks/test_new_architecture_state/q024/q024_t0009.51_det01_bbox_crop.png,outputs/frame_checks/test_new_architecture_state/q024/q024_t0009.51_det01_sam_mask.png,outputs/frame_checks/test_new_architecture_state/q024/q024_t0009.51_det01_masked_crop.png,outputs/frame_checks/test_new_architecture_state/q024/q024_t0009.51_det01_debug.png
test_new_architecture_state,q024,video_03,10.509,252,1,1,no one is on the stairs,person on the stairs,person on the stairs,0.4564861059188843,"319.3,319.5,352.9,387.6","325.0,321.0,348.0,386.0",1063,0.12473621964454651,0.0818670466542244,,,0.2625616788864136,0.49106229146321617,0.01641059443944246,outputs/frame_checks/test_new_architecture_state/q024/q024_t0010.51_det01_context.png,outputs/frame_checks/test_new_architecture_state/q024/q024_t0010.51_det01_bbox_crop.png,outputs/frame_checks/test_new_architecture_state/q024/q024_t0010.51_det01_sam_mask.png,outputs/frame_checks/test_new_architecture_state/q024/q024_t0010.51_det01_masked_crop.png,outputs/frame_checks/test_new_architecture_state/q024/q024_t0010.51_det01_debug.png
test_new_architecture_state,q024,video_03,11.009,264,1,1,no one is on the stairs,person on the stairs,person on the stairs,0.414023756980896,"316.9,326.3,346.4,390.1","321.0,329.0,344.0,393.0",998,0.13218946754932404,0.10617876797914505,,,0.25909736156463625,0.4974848853217231,0.014582522600246206,outputs/frame_checks/test_new_architecture_state/q024/q024_t0011.01_det01_context.png,outputs/frame_checks/test_new_architecture_state/q024/q024_t0011.01_det01_bbox_crop.png,outputs/frame_checks/test_new_architecture_state/q024/q024_t0011.01_det01_sam_mask.png,outputs/frame_checks/test_new_architecture_state/q024/q024_t0011.01_det01_masked_crop.png,outputs/frame_checks/test_new_architecture_state/q024/q024_t0011.01_det01_debug.png
test_new_architecture_state,q023,video_03,11.510,276,1,4,a red bicycle is parked near the stairs,a red bicycle near the stairs,a red bicycle near the stairs,0.32138633728027344,"466.9,245.9,528.0,275.2","466.0,251.0,528.0,275.0",1016,0.052773065865039825,0.02768365480005741,red,0.5196850393700787,0.38862013816833496,0.36184843911064996,0.3433374538838116,outputs/frame_checks/test_new_architecture_state/q023/q023_t0011.51_det01_context.png,outputs/frame_checks/test_new_architecture_state/q023/q023_t0011.51_det01_bbox_crop.png,outputs/frame_checks/test_new_architecture_state/q023/q023_t0011.51_det01_sam_mask.png,outputs/frame_checks/test_new_architecture_state/q023/q023_t0011.51_det01_masked_crop.png,outputs/frame_checks/test_new_architecture_state/q023/q023_t0011.51_det01_debug.png
test_new_architecture_state,q023,video_03,14.512,348,1,7,a red bicycle is parked near the stairs,a red bicycle near the stairs,a red bicycle near the stairs,0.6157083511352539,"871.4,234.3,902.3,277.3","872.0,233.0,903.0,276.0",1032,-0.02692129835486412,-0.04483270272612572,red,0.5106589147286822,0.6928423643112183,0.35529358122083876,0.4933317220275755,outputs/frame_checks/test_new_architecture_state/q023/q023_t0014.51_det01_context.png,outputs/frame_checks/test_new_architecture_state/q023/q023_t0014.51_det01_bbox_crop.png,outputs/frame_checks/test_new_architecture_state/q023/q023_t0014.51_det01_sam_mask.png,outputs/frame_checks/test_new_architecture_state/q023/q023_t0014.51_det01_masked_crop.png,outputs/frame_checks/test_new_architecture_state/q023/q023_t0014.51_det01_debug.png
test_new_architecture_state,q024,video_03,16.514,396,1,1,no one is on the stairs,person on the stairs,person on the stairs,0.3708048462867737,"294.9,377.4,329.0,433.1","299.0,381.0,323.0,435.0",996,0.12143351137638092,0.058976106345653534,,,0.24373873472213745,0.5628367106119792,0.0680307102136182,outputs/frame_checks/test_new_architecture_state/q024/q024_t0016.51_det01_context.png,outputs/frame_checks/test_new_architecture_state/q024/q024_t0016.51_det01_bbox_crop.png,outputs/frame_checks/test_new_architecture_state/q024/q024_t0016.51_det01_sam_mask.png,outputs/frame_checks/test_new_architecture_state/q024/q024_t0016.51_det01_masked_crop.png,outputs/frame_checks/test_new_architecture_state/q024/q024_t0016.51_det01_debug.png
test_new_architecture_state,q024,video_03,51.501,1235,1,14,no one is on the stairs,person on the stairs,person on the stairs,0.3173888027667999,"240.7,367.5,267.6,399.6","237.0,371.0,264.0,400.0",402,0.13647961616516113,0.06939367949962616,,,0.19856191873550416,0.5327085706922743,,outputs/frame_checks/test_new_architecture_state/q024/q024_t0051.50_det01_context.png,outputs/frame_checks/test_new_architecture_state/q024/q024_t0051.50_det01_bbox_crop.png,outputs/frame_checks/test_new_architecture_state/q024/q024_t0051.50_det01_sam_mask.png,outputs/frame_checks/test_new_architecture_state/q024/q024_t0051.50_det01_masked_crop.png,outputs/frame_checks/test_new_architecture_state/q024/q024_t0051.50_det01_debug.png
test_new_architecture_state,q024,video_03,68.015,1631,1,20,no one is on the stairs,person on the stairs,person on the stairs,0.46282055974006653,"361.1,398.8,399.9,488.0","367.0,404.0,398.0,489.0",1600,0.09246465563774109,0.07196933031082153,,,0.29727777242660525,0.6158829794989692,0.03229344156292882,outputs/frame_checks/test_new_architecture_state/q024/q024_t0068.02_det01_context.png,outputs/frame_checks/test_new_architecture_state/q024/q024_t0068.02_det01_bbox_crop.png,outputs/frame_checks/test_new_architecture_state/q024/q024_t0068.02_det01_sam_mask.png,outputs/frame_checks/test_new_architecture_state/q024/q024_t0068.02_det01_masked_crop.png,outputs/frame_checks/test_new_architecture_state/q024/q024_t0068.02_det01_debug.png
test_new_architecture_state,q024,video_03,73.520,1763,1,20,no one is on the stairs,person on the stairs,person on the stairs,0.42445802688598633,"344.9,337.1,376.3,417.1","347.0,341.0,374.0,418.0",1300,0.16087843477725983,0.0923033058643341,,,0.28169524669647217,0.5237270143296984,0.013837077580665866,outputs/frame_checks/test_new_architecture_state/q024/q024_t0073.52_det01_context.png,outputs/frame_checks/test_new_architecture_state/q024/q024_t0073.52_det01_bbox_crop.png,outputs/frame_checks/test_new_architecture_state/q024/q024_t0073.52_det01_sam_mask.png,outputs/frame_checks/test_new_architecture_state/q024/q024_t0073.52_det01_masked_crop.png,outputs/frame_checks/test_new_architecture_state/q024/q024_t0073.52_det01_debug.png
test_new_architecture_state,q024,video_03,75.480,1810,1,20,no one is on the stairs,person on the stairs,person on the stairs,0.41785475611686707,"360.4,325.0,391.5,402.7","364.0,329.0,386.0,402.0",973,0.14076657593250275,0.09645439684391022,,,0.29369922876358034,0.50531554751926,0.00961027219076405,outputs/frame_checks/test_new_architecture_state/q024/q024_t0075.48_det01_context.png,outputs/frame_checks/test_new_architecture_state/q024/q024_t0075.48_det01_bbox_crop.png,outputs/frame_checks/test_new_architecture_state/q024/q024_t0075.48_det01_sam_mask.png,outputs/frame_checks/test_new_architecture_state/q024/q024_t0075.48_det01_masked_crop.png,outputs/frame_checks/test_new_architecture_state/q024/q024_t0075.48_det01_debug.png
test_new_architecture_state,q023,video_03,78.482,1882,1,17,a red bicycle is parked near the stairs,a red bicycle near the stairs,a red bicycle near the stairs,0.27299508452415466,"364.2,602.5,427.1,673.8","372.0,602.0,419.0,672.0",1356,-0.003061823546886444,-0.031753357499837875,red,0.5353982300884956,0.3091114521026611,0.8863487667507596,,outputs/frame_checks/test_new_architecture_state/q023/q023_t0078.48_det01_context.png,outputs/frame_checks/test_new_architecture_state/q023/q023_t0078.48_det01_bbox_crop.png,outputs/frame_checks/test_new_architecture_state/q023/q023_t0078.48_det01_sam_mask.png,outputs/frame_checks/test_new_architecture_state/q023/q023_t0078.48_det01_masked_crop.png,outputs/frame_checks/test_new_architecture_state/q023/q023_t0078.48_det01_debug.png
test_new_architecture_state,q024,video_03,78.482,1882,1,21,no one is on the stairs,person on the stairs,person on the stairs,0.4723048210144043,"313.2,544.7,398.4,691.7","318.0,550.0,393.0,691.0",5102,0.05754224210977554,0.04183249548077583,,,0.27797895669937134,0.8586378309461805,,outputs/frame_checks/test_new_architecture_state/q024/q024_t0078.48_det01_context.png,outputs/frame_checks/test_new_architecture_state/q024/q024_t0078.48_det01_bbox_crop.png,outputs/frame_checks/test_new_architecture_state/q024/q024_t0078.48_det01_sam_mask.png,outputs/frame_checks/test_new_architecture_state/q024/q024_t0078.48_det01_masked_crop.png,outputs/frame_checks/test_new_architecture_state/q024/q024_t0078.48_det01_debug.png
test_new_architecture_state,q024,video_03,105.004,2518,1,36,no one is on the stairs,person on the stairs,person on the stairs,0.30961450934410095,"298.7,256.9,346.2,332.4","310.0,266.0,339.0,326.0",1317,0.11406660079956055,0.03676513209939003,,,0.2518940806388855,0.40918172200520836,0.02114003575205553,outputs/frame_checks/test_new_architecture_state/q024/q024_t0105.00_det01_context.png,outputs/frame_checks/test_new_architecture_state/q024/q024_t0105.00_det01_bbox_crop.png,outputs/frame_checks/test_new_architecture_state/q024/q024_t0105.00_det01_sam_mask.png,outputs/frame_checks/test_new_architecture_state/q024/q024_t0105.00_det01_masked_crop.png,outputs/frame_checks/test_new_architecture_state/q024/q024_t0105.00_det01_debug.png
test_new_architecture_state,q024,video_03,105.505,2530,1,36,no one is on the stairs,person on the stairs,person on the stairs,0.36965951323509216,"299.1,269.3,332.2,329.5","302.0,273.0,329.0,329.0",1160,0.11053180694580078,0.016774293035268784,,,0.24660156965255736,0.415817748175727,0.01696201482325524,outputs/frame_checks/test_new_architecture_state/q024/q024_t0105.50_det01_context.png,outputs/frame_checks/test_new_architecture_state/q024/q024_t0105.50_det01_bbox_crop.png,outputs/frame_checks/test_new_architecture_state/q024/q024_t0105.50_det01_sam_mask.png,outputs/frame_checks/test_new_architecture_state/q024/q024_t0105.50_det01_masked_crop.png,outputs/frame_checks/test_new_architecture_state/q024/q024_t0105.50_det01_debug.png
test_new_architecture_state,q024,video_03,107.506,2578,1,36,no one is on the stairs,person on the stairs,person on the stairs,0.4009242057800293,"253.8,293.2,287.8,353.8","257.0,297.0,284.0,353.0",1102,0.1275322437286377,0.11611315608024597,,,0.21156280040740966,0.44931208292643227,0.02658220878868098,outputs/frame_checks/test_new_architecture_state/q024/q024_t0107.51_det01_context.png,outputs/frame_checks/test_new_architecture_state/q024/q024_t0107.51_det01_bbox_crop.png,outputs/frame_checks/test_new_architecture_state/q024/q024_t0107.51_det01_sam_mask.png,outputs/frame_checks/test_new_architecture_state/q024/q024_t0107.51_det01_masked_crop.png,outputs/frame_checks/test_new_architecture_state/q024/q024_t0107.51_det01_debug.png
test_new_architecture_state,q023,video_03,133.486,3201,1,30,a red bicycle is parked near the stairs,a red bicycle near the stairs,a red bicycle near the stairs,0.33418911695480347,"0.5,334.1,33.6,386.4","0.0,337.0,30.0,383.0",1148,0.05352535471320152,0.049099113792181015,red,0.6106271777003485,0.013314587995409966,0.5003401650322808,,outputs/frame_checks/test_new_architecture_state/q023/q023_t0133.49_det01_context.png,outputs/frame_checks/test_new_architecture_state/q023/q023_t0133.49_det01_bbox_crop.png,outputs/frame_checks/test_new_architecture_state/q023/q023_t0133.49_det01_sam_mask.png,outputs/frame_checks/test_new_architecture_state/q023/q023_t0133.49_det01_masked_crop.png,outputs/frame_checks/test_new_architecture_state/q023/q023_t0133.49_det01_debug.png
test_new_architecture_state,q024,video_03,143.495,3441,1,52,no one is on the stairs,person on the stairs,person on the stairs,0.3731991946697235,"343.3,254.0,371.5,303.2","349.0,258.0,370.0,305.0",686,0.11424541473388672,0.1273656189441681,,,0.2792131543159485,0.38693933486938475,0.026878955071435093,outputs/frame_checks/test_new_architecture_state/q024/q024_t0143.49_det01_context.png,outputs/frame_checks/test_new_architecture_state/q024/q024_t0143.49_det01_bbox_crop.png,outputs/frame_checks/test_new_architecture_state/q024/q024_t0143.49_det01_sam_mask.png,outputs/frame_checks/test_new_architecture_state/q024/q024_t0143.49_det01_masked_crop.png,outputs/frame_checks/test_new_architecture_state/q024/q024_t0143.49_det01_debug.png
test_new_architecture_state,q023,video_03,152.002,3645,1,32,a red bicycle is parked near the stairs,a red bicycle near the stairs,a red bicycle near the stairs,0.3865843415260315,"102.3,406.2,131.9,430.3","106.0,408.0,132.0,429.0",406,0.006209779530763626,-0.025177698582410812,red,0.5738916256157636,0.09150027632713317,0.5808538860744901,,outputs/frame_checks/test_new_architecture_state/q023/q023_t0152.00_det01_context.png,outputs/frame_checks/test_new_architecture_state/q023/q023_t0152.00_det01_bbox_crop.png,outputs/frame_checks/test_new_architecture_state/q023/q023_t0152.00_det01_sam_mask.png,outputs/frame_checks/test_new_architecture_state/q023/q023_t0152.00_det01_masked_crop.png,outputs/frame_checks/test_new_architecture_state/q023/q023_t0152.00_det01_debug.png
test_new_architecture_state,q023,video_03,201.501,4832,1,41,a red bicycle is parked near the stairs,a red bicycle near the stairs,a red bicycle near the stairs,0.2505827844142914,"263.2,372.0,325.0,438.0","260.0,370.0,333.0,437.0",767,0.08580846339464188,-0.022176943719387054,red,0.18122555410691005,0.2297818183898926,0.5625034756130642,0.23444638420145392,outputs/frame_checks/test_new_architecture_state/q023/q023_t0201.50_det01_context.png,outputs/frame_checks/test_new_architecture_state/q023/q023_t0201.50_det01_bbox_crop.png,outputs/frame_checks/test_new_architecture_state/q023/q023_t0201.50_det01_sam_mask.png,outputs/frame_checks/test_new_architecture_state/q023/q023_t0201.50_det01_masked_crop.png,outputs/frame_checks/test_new_architecture_state/q023/q023_t0201.50_det01_debug.png
test_new_architecture_state,q023,video_03,234.487,5623,1,42,a red bicycle is parked near the stairs,a red bicycle near the stairs,a red bicycle near the stairs,0.2543564438819885,"85.6,418.7,109.0,445.4","86.0,422.0,108.0,446.0",333,-0.015339057892560959,-0.021692581474781036,red,0.6576576576576577,0.07599561512470246,0.6001239564683702,,outputs/frame_checks/test_new_architecture_state/q023/q023_t0234.49_det01_context.png,outputs/frame_checks/test_new_architecture_state/q023/q023_t0234.49_det01_bbox_crop.png,outputs/frame_checks/test_new_architecture_state/q023/q023_t0234.49_det01_sam_mask.png,outputs/frame_checks/test_new_architecture_state/q023/q023_t0234.49_det01_masked_crop.png,outputs/frame_checks/test_new_architecture_state/q023/q023_t0234.49_det01_debug.png
test_new_architecture_state,q031,video_04,0.000,0,1,1,bags are lying on the ground,bags on the ground,bags on the ground,0.31511953473091125,"471.2,248.9,522.7,328.6","473.0,249.0,519.0,328.0",2720,0.04052955284714699,0.021884603425860405,,,0.7764963388442994,0.8021444108751085,,outputs/frame_checks/test_new_architecture_state/q031/q031_t0000.00_det01_context.png,outputs/frame_checks/test_new_architecture_state/q031/q031_t0000.00_det01_bbox_crop.png,outputs/frame_checks/test_new_architecture_state/q031/q031_t0000.00_det01_sam_mask.png,outputs/frame_checks/test_new_architecture_state/q031/q031_t0000.00_det01_masked_crop.png,outputs/frame_checks/test_new_architecture_state/q031/q031_t0000.00_det01_debug.png
test_new_architecture_state,q032,video_04,0.000,0,1,1,there are no people in the frame,people in the frame,people in the frame,0.4729064702987671,"178.2,58.7,239.9,218.2","182.0,60.0,237.0,218.0",3528,0.09399797022342682,0.07842284440994263,,,0.32659828662872314,0.38450171682569717,,outputs/frame_checks/test_new_architecture_state/q032/q032_t0000.00_det01_context.png,outputs/frame_checks/test_new_architecture_state/q032/q032_t0000.00_det01_bbox_crop.png,outputs/frame_checks/test_new_architecture_state/q032/q032_t0000.00_det01_sam_mask.png,outputs/frame_checks/test_new_architecture_state/q032/q032_t0000.00_det01_masked_crop.png,outputs/frame_checks/test_new_architecture_state/q032/q032_t0000.00_det01_debug.png
test_new_architecture_state,q033,video_04,0.000,0,1,1,a green hand truck is standing upright,a green hand truck,a green hand truck,0.4899936616420746,"184.9,12.3,282.6,114.5","185.0,14.0,280.0,112.0",5890,0.08246803283691406,0.07918358594179153,green,0.3409168081494058,0.3652229905128479,0.17618078390757244,,outputs/frame_checks/test_new_architecture_state/q033/q033_t0000.00_det01_context.png,outputs/frame_checks/test_new_architecture_state/q033/q033_t0000.00_det01_bbox_crop.png,outputs/frame_checks/test_new_architecture_state/q033/q033_t0000.00_det01_sam_mask.png,outputs/frame_checks/test_new_architecture_state/q033/q033_t0000.00_det01_masked_crop.png,outputs/frame_checks/test_new_architecture_state/q033/q033_t0000.00_det01_debug.png
test_new_architecture_state,q031,video_04,0.533,8,1,1,bags are lying on the ground,bags on the ground,bags on the ground,0.31904304027557373,"471.3,248.6,522.5,328.5","473.0,249.0,519.0,328.0",2714,0.04469596594572067,0.023913297802209854,,,0.7764731168746948,0.8015853034125434,0.0010492351802194415,outputs/frame_checks/test_new_architecture_state/q031/q031_t0000.53_det01_context.png,outputs/frame_checks/test_new_architecture_state/q031/q031_t0000.53_det01_bbox_crop.png,outputs/frame_checks/test_new_architecture_state/q031/q031_t0000.53_det01_sam_mask.png,outputs/frame_checks/test_new_architecture_state/q031/q031_t0000.53_det01_masked_crop.png,outputs/frame_checks/test_new_architecture_state/q031/q031_t0000.53_det01_debug.png
test_new_architecture_state,q032,video_04,0.533,8,1,1,there are no people in the frame,people in the frame,people in the frame,0.29131019115448,"30.0,32.6,246.6,357.7","40.0,30.0,254.0,360.0",38373,0.08881492912769318,0.09385932981967926,,,0.21609745174646378,0.5421108563741048,0.3609139689412063,outputs/frame_checks/test_new_architecture_state/q032/q032_t0000.53_det01_context.png,outputs/frame_checks/test_new_architecture_state/q032/q032_t0000.53_det01_bbox_crop.png,outputs/frame_checks/test_new_architecture_state/q032/q032_t0000.53_det01_sam_mask.png,outputs/frame_checks/test_new_architecture_state/q032/q032_t0000.53_det01_masked_crop.png,outputs/frame_checks/test_new_architecture_state/q032/q032_t0000.53_det01_debug.png
test_new_architecture_state,q033,video_04,0.533,8,1,1,a green hand truck is standing upright,a green hand truck,a green hand truck,0.6232117414474487,"183.6,13.4,281.9,120.3","185.0,14.0,280.0,119.0",6349,0.08818838000297546,0.08222494274377823,green,0.5257520869428256,0.3636831998825073,0.18573906951480443,0.018152929143892518,outputs/frame_checks/test_new_architecture_state/q033/q033_t0000.53_det01_context.png,outputs/frame_checks/test_new_architecture_state/q033/q033_t0000.53_det01_bbox_crop.png,outputs/frame_checks/test_new_architecture_state/q033/q033_t0000.53_det01_sam_mask.png,outputs/frame_checks/test_new_architecture_state/q033/q033_t0000.53_det01_masked_crop.png,outputs/frame_checks/test_new_architecture_state/q033/q033_t0000.53_det01_debug.png
test_new_architecture_state,q031,video_04,1.000,15,1,1,bags are lying on the ground,bags on the ground,bags on the ground,0.3043014705181122,"471.2,248.2,522.9,328.6","474.0,249.0,519.0,328.0",2722,0.03783624991774559,0.02465076558291912,,,0.7765920639038086,0.8010920418633355,0.0010872919974009379,outputs/frame_checks/test_new_architecture_state/q031/q031_t0001.00_det01_context.png,outputs/frame_checks/test_new_architecture_state/q031/q031_t0001.00_det01_bbox_crop.png,outputs/frame_checks/test_new_architecture_state/q031/q031_t0001.00_det01_sam_mask.png,outputs/frame_checks/test_new_architecture_state/q031/q031_t0001.00_det01_masked_crop.png,outputs/frame_checks/test_new_architecture_state/q031/q031_t0001.00_det01_debug.png
test_new_architecture_state,q032,video_04,1.000,15,1,1,there are no people in the frame,people in the frame,people in the frame,0.27453333139419556,"92.5,119.1,237.1,355.4","89.0,121.0,242.0,360.0",16406,0.09803524613380432,0.08050107210874557,,,0.25749233961105344,0.6591047922770182,0.2659324598251722,outputs/frame_checks/test_new_architecture_state/q032/q032_t0001.00_det01_context.png,outputs/frame_checks/test_new_architecture_state/q032/q032_t0001.00_det01_bbox_crop.png,outputs/frame_checks/test_new_architecture_state/q032/q032_t0001.00_det01_sam_mask.png,outputs/frame_checks/test_new_architecture_state/q032/q032_t0001.00_det01_masked_crop.png,outputs/frame_checks/test_new_architecture_state/q032/q032_t0001.00_det01_debug.png
test_new_architecture_state,q033,video_04,1.000,15,1,1,a green hand truck is standing upright,a green hand truck,a green hand truck,0.5615642666816711,"183.7,13.1,282.9,119.2","185.0,14.0,280.0,119.0",6357,0.09375379234552383,0.08269625902175903,green,0.5362592417807142,0.36454507112503054,0.18377911647160847,0.004588057020316205,outputs/frame_checks/test_new_architecture_state/q033/q033_t0001.00_det01_context.png,outputs/frame_checks/test_new_architecture_state/q033/q033_t0001.00_det01_bbox_crop.png,outputs/frame_checks/test_new_architecture_state/q033/q033_t0001.00_det01_sam_mask.png,outputs/frame_checks/test_new_architecture_state/q033/q033_t0001.00_det01_masked_crop.png,outputs/frame_checks/test_new_architecture_state/q033/q033_t0001.00_det01_debug.png
test_new_architecture_state,q031,video_04,1.533,23,1,2,bags are lying on the ground,bags on the ground,bags on the ground,0.30183491110801697,"193.5,79.7,504.4,356.1","196.0,88.0,483.0,360.0",49994,0.10478690266609192,0.06390418857336044,,,0.5452473640441895,0.6052309883965387,,outputs/frame_checks/test_new_architecture_state/q031/q031_t0001.53_det01_context.png,outputs/frame_checks/test_new_architecture_state/q031/q031_t0001.53_det01_bbox_crop.png,outputs/frame_checks/test_new_architecture_state/q031/q031_t0001.53_det01_sam_mask.png,outputs/frame_checks/test_new_architecture_state/q031/q031_t0001.53_det01_masked_crop.png,outputs/frame_checks/test_new_architecture_state/q031/q031_t0001.53_det01_debug.png
test_new_architecture_state,q031,video_04,2.000,30,1,2,bags are lying on the ground,bags on the ground,bags on the ground,0.3035860061645508,"194.2,80.3,502.1,356.2","196.0,88.0,484.0,360.0",49963,0.10217137634754181,0.06950123608112335,,,0.5439515829086303,0.6063556883070204,0.0036767494166043387,outputs/frame_checks/test_new_architecture_state/q031/q031_t0002.00_det01_context.png,outputs/frame_checks/test_new_architecture_state/q031/q031_t0002.00_det01_bbox_crop.png,outputs/frame_checks/test_new_architecture_state/q031/q031_t0002.00_det01_sam_mask.png,outputs/frame_checks/test_new_architecture_state/q031/q031_t0002.00_det01_masked_crop.png,outputs/frame_checks/test_new_architecture_state/q031/q031_t0002.00_det01_debug.png
test_new_architecture_state,q032,video_04,2.000,30,1,1,there are no people in the frame,people in the frame,people in the frame,0.28815561532974243,"34.9,31.5,249.1,357.0","40.0,31.0,254.0,360.0",36732,0.09565415978431702,0.0978994071483612,,,0.22192203998565674,0.5396190007527669,0.007568721766304292,outputs/frame_checks/test_new_architecture_state/q032/q032_t0002.00_det01_context.png,outputs/frame_checks/test_new_architecture_state/q032/q032_t0002.00_det01_bbox_crop.png,outputs/frame_checks/test_new_architecture_state/q032/q032_t0002.00_det01_sam_mask.png,outputs/frame_checks/test_new_architecture_state/q032/q032_t0002.00_det01_masked_crop.png,outputs/frame_checks/test_new_architecture_state/q032/q032_t0002.00_det01_debug.png
test_new_architecture_state,q033,video_04,2.533,38,1,1,a green hand truck is standing upright,a green hand truck,a green hand truck,0.49518486857414246,"183.3,12.9,283.1,119.4","185.0,14.0,280.0,118.0",6336,0.07892505824565887,0.0856018140912056,green,0.6084280303030303,0.36434862613677976,0.18374169402652316,0.0015398556915452142,outputs/frame_checks/test_new_architecture_state/q033/q033_t0002.53_det01_context.png,outputs/frame_checks/test_new_architecture_state/q033/q033_t0002.53_det01_bbox_crop.png,outputs/frame_checks/test_new_architecture_state/q033/q033_t0002.53_det01_sam_mask.png,outputs/frame_checks/test_new_architecture_state/q033/q033_t0002.53_det01_masked_crop.png,outputs/frame_checks/test_new_architecture_state/q033/q033_t0002.53_det01_debug.png
test_new_architecture_state,q032,video_04,3.000,45,1,1,there are no people in the frame,people in the frame,people in the frame,0.2959030270576477,"30.5,32.2,251.1,357.0","39.0,31.0,254.0,360.0",38335,0.09006280452013016,0.09999717772006989,,,0.21998737007379532,0.5406498803032769,0.0025347707142983978,outputs/frame_checks/test_new_architecture_state/q032/q032_t0003.00_det01_context.png,outputs/frame_checks/test_new_architecture_state/q032/q032_t0003.00_det01_bbox_crop.png,outputs/frame_checks/test_new_architecture_state/q032/q032_t0003.00_det01_sam_mask.png,outputs/frame_checks/test_new_architecture_state/q032/q032_t0003.00_det01_masked_crop.png,outputs/frame_checks/test_new_architecture_state/q032/q032_t0003.00_det01_debug.png
test_new_architecture_state,q031,video_04,3.533,53,1,4,bags are lying on the ground,bags on the ground,bags on the ground,0.30697235465049744,"196.3,80.7,502.4,355.9","196.0,88.0,483.0,360.0",49965,0.1060890406370163,0.0698096975684166,,,0.5458997011184692,0.60641082127889,0.0025196707288181546,outputs/frame_checks/test_new_architecture_state/q031/q031_t0003.53_det01_context.png,outputs/frame_checks/test_new_architecture_state/q031/q031_t0003.53_det01_bbox_crop.png,outputs/frame_checks/test_new_architecture_state/q031/q031_t0003.53_det01_sam_mask.png,outputs/frame_checks/test_new_architecture_state/q031/q031_t0003.53_det01_masked_crop.png,outputs/frame_checks/test_new_architecture_state/q031/q031_t0003.53_det01_debug.png
test_new_architecture_state,q033,video_04,3.533,53,1,1,a green hand truck is standing upright,a green hand truck,a green hand truck,0.512637197971344,"183.3,13.2,282.8,119.0","185.0,14.0,280.0,118.0",6335,0.09151744842529297,0.08629746735095978,green,0.6078926598263615,0.3641424536705017,0.183516788482666,0.00040297497815567355,outputs/frame_checks/test_new_architecture_state/q033/q033_t0003.53_det01_context.png,outputs/frame_checks/test_new_architecture_state/q033/q033_t0003.53_det01_bbox_crop.png,outputs/frame_checks/test_new_architecture_state/q033/q033_t0003.53_det01_sam_mask.png,outputs/frame_checks/test_new_architecture_state/q033/q033_t0003.53_det01_masked_crop.png,outputs/frame_checks/test_new_architecture_state/q033/q033_t0003.53_det01_debug.png
test_new_architecture_state,q031,video_04,4.000,60,1,4,bags are lying on the ground,bags on the ground,bags on the ground,0.30266183614730835,"195.3,80.8,502.5,356.0","196.0,88.0,483.0,360.0",49945,0.10815250873565674,0.05914474278688431,,,0.5451560497283936,0.6066216150919597,0.0016563287073747537,outputs/frame_checks/test_new_architecture_state/q031/q031_t0004.00_det01_context.png,outputs/frame_checks/test_new_architecture_state/q031/q031_t0004.00_det01_bbox_crop.png,outputs/frame_checks/test_new_architecture_state/q031/q031_t0004.00_det01_sam_mask.png,outputs/frame_checks/test_new_architecture_state/q031/q031_t0004.00_det01_masked_crop.png,outputs/frame_checks/test_new_architecture_state/q031/q031_t0004.00_det01_debug.png
test_new_architecture_state,q031,video_04,4.533,68,1,4,bags are lying on the ground,bags on the ground,bags on the ground,0.30371177196502686,"196.6,81.0,501.5,355.9","196.0,88.0,483.0,360.0",49998,0.10445010662078857,0.07177072018384933,,,0.5453768014907837,0.6067550341288249,0.0004836358733018271,outputs/frame_checks/test_new_architecture_state/q031/q031_t0004.53_det01_context.png,outputs/frame_checks/test_new_architecture_state/q031/q031_t0004.53_det01_bbox_crop.png,outputs/frame_checks/test_new_architecture_state/q031/q031_t0004.53_det01_sam_mask.png,outputs/frame_checks/test_new_architecture_state/q031/q031_t0004.53_det01_masked_crop.png,outputs/frame_checks/test_new_architecture_state/q031/q031_t0004.53_det01_debug.png
test_new_architecture_state,q033,video_04,6.000,90,1,1,a green hand truck is standing upright,a green hand truck,a green hand truck,0.5095481872558594,"182.7,12.9,284.0,116.2","185.0,14.0,280.0,112.0",6262,0.09794729948043823,0.08178886026144028,green,0.5851165761737465,0.36462401151657103,0.17936261097590128,0.009867226064618534,outputs/frame_checks/test_new_architecture_state/q033/q033_t0006.00_det01_context.png,outputs/frame_checks/test_new_architecture_state/q033/q033_t0006.00_det01_bbox_crop.png,outputs/frame_checks/test_new_architecture_state/q033/q033_t0006.00_det01_sam_mask.png,outputs/frame_checks/test_new_architecture_state/q033/q033_t0006.00_det01_masked_crop.png,outputs/frame_checks/test_new_architecture_state/q033/q033_t0006.00_det01_debug.png
test_new_architecture_state,q032,video_04,6.533,98,1,1,there are no people in the frame,people in the frame,people in the frame,0.28239932656288147,"109.1,141.0,156.9,262.6","115.0,142.0,151.0,262.0",2831,0.07677331566810608,0.050115495920181274,,,0.20787320733070375,0.560571183098687,0.04443636893248627,outputs/frame_checks/test_new_architecture_state/q032/q032_t0006.53_det01_context.png,outputs/frame_checks/test_new_architecture_state/q032/q032_t0006.53_det01_bbox_crop.png,outputs/frame_checks/test_new_architecture_state/q032/q032_t0006.53_det01_sam_mask.png,outputs/frame_checks/test_new_architecture_state/q032/q032_t0006.53_det01_masked_crop.png,outputs/frame_checks/test_new_architecture_state/q032/q032_t0006.53_det01_debug.png
test_new_architecture_state,q033,video_04,7.000,105,1,1,a green hand truck is standing upright,a green hand truck,a green hand truck,0.45084452629089355,"183.1,13.5,282.5,104.7","185.0,14.0,279.0,102.0",5681,0.09096483886241913,0.07270199060440063,green,0.5680337968667488,0.3636895060539246,0.16416853268941242,0.31755483894527964,outputs/frame_checks/test_new_architecture_state/q033/q033_t0007.00_det01_context.png,outputs/frame_checks/test_new_architecture_state/q033/q033_t0007.00_det01_bbox_crop.png,outputs/frame_checks/test_new_architecture_state/q033/q033_t0007.00_det01_sam_mask.png,outputs/frame_checks/test_new_architecture_state/q033/q033_t0007.00_det01_masked_crop.png,outputs/frame_checks/test_new_architecture_state/q033/q033_t0007.00_det01_debug.png
test_new_architecture_state,q031,video_04,7.533,113,1,5,bags are lying on the ground,bags on the ground,bags on the ground,0.33143460750579834,"470.6,247.1,524.6,329.0","474.0,249.0,520.0,328.0",2760,0.020153071731328964,0.02390272170305252,,,0.7774632692337036,0.800162845187717,0.0003769034473347491,outputs/frame_checks/test_new_architecture_state/q031/q031_t0007.53_det01_context.png,outputs/frame_checks/test_new_architecture_state/q031/q031_t0007.53_det01_bbox_crop.png,outputs/frame_checks/test_new_architecture_state/q031/q031_t0007.53_det01_sam_mask.png,outputs/frame_checks/test_new_architecture_state/q031/q031_t0007.53_det01_masked_crop.png,outputs/frame_checks/test_new_architecture_state/q031/q031_t0007.53_det01_debug.png
test_new_architecture_state,q031,video_04,8.000,120,1,5,bags are lying on the ground,bags on the ground,bags on the ground,0.35471269488334656,"471.0,247.1,523.9,329.4","474.0,249.0,520.0,328.0",2756,0.018151763826608658,0.027779217809438705,,,0.77725830078125,0.8006077024671766,0.0010495894685662195,outputs/frame_checks/test_new_architecture_state/q031/q031_t0008.00_det01_context.png,outputs/frame_checks/test_new_architecture_state/q031/q031_t0008.00_det01_bbox_crop.png,outputs/frame_checks/test_new_architecture_state/q031/q031_t0008.00_det01_sam_mask.png,outputs/frame_checks/test_new_architecture_state/q031/q031_t0008.00_det01_masked_crop.png,outputs/frame_checks/test_new_architecture_state/q031/q031_t0008.00_det01_debug.png
test_new_architecture_state,q032,video_04,8.000,120,1,1,there are no people in the frame,people in the frame,people in the frame,0.49005061388015747,"236.6,75.3,337.8,308.1","239.0,77.0,336.0,309.0",7934,0.07922425866127014,0.10229964554309845,,,0.44877344369888306,0.5325286441379123,0.1702489085137823,outputs/frame_checks/test_new_architecture_state/q032/q032_t0008.00_det01_context.png,outputs/frame_checks/test_new_architecture_state/q032/q032_t0008.00_det01_bbox_crop.png,outputs/frame_checks/test_new_architecture_state/q032/q032_t0008.00_det01_sam_mask.png,outputs/frame_checks/test_new_architecture_state/q032/q032_t0008.00_det01_masked_crop.png,outputs/frame_checks/test_new_architecture_state/q032/q032_t0008.00_det01_debug.png
test_new_architecture_state,q033,video_04,8.000,120,1,2,a green hand truck is standing upright,a green hand truck,a green hand truck,0.6356557607650757,"229.5,107.1,431.1,314.0","233.0,112.0,429.0,313.0",17339,0.017070112749934196,0.02487175166606903,green,0.33404463925255207,0.516122579574585,0.5848503324720594,0.1228482100648752,outputs/frame_checks/test_new_architecture_state/q033/q033_t0008.00_det01_context.png,outputs/frame_checks/test_new_architecture_state/q033/q033_t0008.00_det01_bbox_crop.png,outputs/frame_checks/test_new_architecture_state/q033/q033_t0008.00_det01_sam_mask.png,outputs/frame_checks/test_new_architecture_state/q033/q033_t0008.00_det01_masked_crop.png,outputs/frame_checks/test_new_architecture_state/q033/q033_t0008.00_det01_debug.png
test_new_architecture_state,q032,video_04,8.533,128,1,1,there are no people in the frame,people in the frame,people in the frame,0.4933592975139618,"268.0,77.2,366.6,356.0","271.0,81.0,362.0,357.0",9940,0.08282646536827087,0.09684833139181137,,,0.4957813501358032,0.6017848226759169,0.15694350801209,outputs/frame_checks/test_new_architecture_state/q032/q032_t0008.53_det01_context.png,outputs/frame_checks/test_new_architecture_state/q032/q032_t0008.53_det01_bbox_crop.png,outputs/frame_checks/test_new_architecture_state/q032/q032_t0008.53_det01_sam_mask.png,outputs/frame_checks/test_new_architecture_state/q032/q032_t0008.53_det01_masked_crop.png,outputs/frame_checks/test_new_architecture_state/q032/q032_t0008.53_det01_debug.png
test_new_architecture_state,q033,video_04,8.533,128,1,2,a green hand truck is standing upright,a green hand truck,a green hand truck,0.6591247320175171,"242.3,122.5,481.1,357.4","246.0,128.0,481.0,360.0",23410,0.038152530789375305,0.03051382675766945,green,0.3915420760358821,0.5651853203773498,0.6665943463643392,0.17875861487361616,outputs/frame_checks/test_new_architecture_state/q033/q033_t0008.53_det01_context.png,outputs/frame_checks/test_new_architecture_state/q033/q033_t0008.53_det01_bbox_crop.png,outputs/frame_checks/test_new_architecture_state/q033/q033_t0008.53_det01_sam_mask.png,outputs/frame_checks/test_new_architecture_state/q033/q033_t0008.53_det01_masked_crop.png,outputs/frame_checks/test_new_architecture_state/q033/q033_t0008.53_det01_debug.png
test_new_architecture_state,q031,video_04,9.533,143,1,6,bags are lying on the ground,bags on the ground,bags on the ground,0.27360400557518005,"188.6,83.8,588.3,357.3","195.0,88.0,362.0,360.0",26938,-0.005326000042259693,0.06454232335090637,,,0.6069657921791076,0.6126676029629178,0.08500712431318312,outputs/frame_checks/test_new_architecture_state/q031/q031_t0009.53_det01_context.png,outputs/frame_checks/test_new_architecture_state/q031/q031_t0009.53_det01_bbox_crop.png,outputs/frame_checks/test_new_architecture_state/q031/q031_t0009.53_det01_sam_mask.png,outputs/frame_checks/test_new_architecture_state/q031/q031_t0009.53_det01_masked_crop.png,outputs/frame_checks/test_new_architecture_state/q031/q031_t0009.53_det01_debug.png
test_new_architecture_state,q033,video_04,9.533,143,1,2,a green hand truck is standing upright,a green hand truck,a green hand truck,0.5587631464004517,"235.8,168.9,588.4,356.1","239.0,173.0,584.0,360.0",32882,0.032598115503787994,0.05409357696771622,green,0.19287147983699288,0.6439105987548828,0.729167577955458,0.0809337044325484,outputs/frame_checks/test_new_architecture_state/q033/q033_t0009.53_det01_context.png,outputs/frame_checks/test_new_architecture_state/q033/q033_t0009.53_det01_bbox_crop.png,outputs/frame_checks/test_new_architecture_state/q033/q033_t0009.53_det01_sam_mask.png,outputs/frame_checks/test_new_architecture_state/q033/q033_t0009.53_det01_masked_crop.png,outputs/frame_checks/test_new_architecture_state/q033/q033_t0009.53_det01_debug.png
test_new_architecture_state,q031,video_04,10.000,150,1,6,bags are lying on the ground,bags on the ground,bags on the ground,0.3202122747898102,"192.7,82.2,632.2,357.2","196.0,88.0,632.0,351.0",31347,-2.4045351892709732e-05,0.08214949816465378,,,0.6444453954696655,0.6103164884779189,0.0804716743826255,outputs/frame_checks/test_new_architecture_state/q031/q031_t0010.00_det01_context.png,outputs/frame_checks/test_new_architecture_state/q031/q031_t0010.00_det01_bbox_crop.png,outputs/frame_checks/test_new_architecture_state/q031/q031_t0010.00_det01_sam_mask.png,outputs/frame_checks/test_new_architecture_state/q031/q031_t0010.00_det01_masked_crop.png,outputs/frame_checks/test_new_architecture_state/q031/q031_t0010.00_det01_debug.png
test_new_architecture_state,q032,video_04,10.000,150,1,1,there are no people in the frame,people in the frame,people in the frame,0.5021374821662903,"340.6,121.4,471.1,356.3","343.0,125.0,469.0,360.0",16612,0.07603584229946136,0.08660488575696945,,,0.6341997861862183,0.6633997493320041,0.12197987663656858,outputs/frame_checks/test_new_architecture_state/q032/q032_t0010.00_det01_context.png,outputs/frame_checks/test_new_architecture_state/q032/q032_t0010.00_det01_bbox_crop.png,outputs/frame_checks/test_new_architecture_state/q032/q032_t0010.00_det01_sam_mask.png,outputs/frame_checks/test_new_architecture_state/q032/q032_t0010.00_det01_masked_crop.png,outputs/frame_checks/test_new_architecture_state/q032/q032_t0010.00_det01_debug.png
test_new_architecture_state,q033,video_04,10.000,150,1,2,a green hand truck is standing upright,a green hand truck,a green hand truck,0.4318615794181824,"225.1,210.8,637.4,358.9","238.0,220.0,636.0,360.0",24338,0.04577228054404259,0.07778635621070862,green,0.32993672446380146,0.6738158941268921,0.791206423441569,0.14758031474708252,outputs/frame_checks/test_new_architecture_state/q033/q033_t0010.00_det01_context.png,outputs/frame_checks/test_new_architecture_state/q033/q033_t0010.00_det01_bbox_crop.png,outputs/frame_checks/test_new_architecture_state/q033/q033_t0010.00_det01_sam_mask.png,outputs/frame_checks/test_new_architecture_state/q033/q033_t0010.00_det01_masked_crop.png,outputs/frame_checks/test_new_architecture_state/q033/q033_t0010.00_det01_debug.png
test_new_architecture_state,q031,video_04,11.000,165,1,8,bags are lying on the ground,bags on the ground,bags on the ground,0.2757609486579895,"195.1,81.3,541.4,357.1","196.0,88.0,527.0,360.0",41703,0.026840224862098694,0.08230467885732651,,,0.575395941734314,0.6089882744683159,,outputs/frame_checks/test_new_architecture_state/q031/q031_t0011.00_det01_context.png,outputs/frame_checks/test_new_architecture_state/q031/q031_t0011.00_det01_bbox_crop.png,outputs/frame_checks/test_new_architecture_state/q031/q031_t0011.00_det01_sam_mask.png,outputs/frame_checks/test_new_architecture_state/q031/q031_t0011.00_det01_masked_crop.png,outputs/frame_checks/test_new_architecture_state/q031/q031_t0011.00_det01_debug.png
test_new_architecture_state,q031,video_04,12.000,180,1,9,bags are lying on the ground,bags on the ground,bags on the ground,0.3574635684490204,"471.2,247.7,524.5,328.5","473.0,249.0,520.0,328.0",2763,0.05473344027996063,0.026959944516420364,,,0.7778615474700927,0.8001840591430665,,outputs/frame_checks/test_new_architecture_state/q031/q031_t0012.00_det01_context.png,outputs/frame_checks/test_new_architecture_state/q031/q031_t0012.00_det01_bbox_crop.png,outputs/frame_checks/test_new_architecture_state/q031/q031_t0012.00_det01_sam_mask.png,outputs/frame_checks/test_new_architecture_state/q031/q031_t0012.00_det01_masked_crop.png,outputs/frame_checks/test_new_architecture_state/q031/q031_t0012.00_det01_debug.png
test_new_architecture_state,q031,video_04,12.533,188,1,9,bags are lying on the ground,bags on the ground,bags on the ground,0.35902053117752075,"471.3,247.6,523.8,328.7","473.0,249.0,520.0,328.0",2748,0.06153242662549019,0.024458937346935272,,,0.777422022819519,0.8004512151082357,0.0009644076266406527,outputs/frame_checks/test_new_architecture_state/q031/q031_t0012.53_det01_context.png,outputs/frame_checks/test_new_architecture_state/q031/q031_t0012.53_det01_bbox_crop.png,outputs/frame_checks/test_new_architecture_state/q031/q031_t0012.53_det01_sam_mask.png,outputs/frame_checks/test_new_architecture_state/q031/q031_t0012.53_det01_masked_crop.png,outputs/frame_checks/test_new_architecture_state/q031/q031_t0012.53_det01_debug.png
test_new_architecture_state,q033,video_04,12.533,188,1,3,a green hand truck is standing upright,a green hand truck,a green hand truck,0.5137888193130493,"254.8,0.9,335.0,32.6","257.0,0.0,329.0,29.0",1436,0.06852665543556213,0.09043781459331512,green,0.01532033426183844,0.46077287197113037,0.04655718190802468,0.009452570472306597,outputs/frame_checks/test_new_architecture_state/q033/q033_t0012.53_det01_context.png,outputs/frame_checks/test_new_architecture_state/q033/q033_t0012.53_det01_bbox_crop.png,outputs/frame_checks/test_new_architecture_state/q033/q033_t0012.53_det01_sam_mask.png,outputs/frame_checks/test_new_architecture_state/q033/q033_t0012.53_det01_masked_crop.png,outputs/frame_checks/test_new_architecture_state/q033/q033_t0012.53_det01_debug.png
test_new_architecture_state,q031,video_04,13.000,195,1,9,bags are lying on the ground,bags on the ground,bags on the ground,0.35966286063194275,"471.3,247.5,523.8,328.7","473.0,249.0,520.0,328.0",2748,0.06199672445654869,0.024458937346935272,,,0.7774034261703491,0.800319947136773,0.0002840985618712168,outputs/frame_checks/test_new_architecture_state/q031/q031_t0013.00_det01_context.png,outputs/frame_checks/test_new_architecture_state/q031/q031_t0013.00_det01_bbox_crop.png,outputs/frame_checks/test_new_architecture_state/q031/q031_t0013.00_det01_sam_mask.png,outputs/frame_checks/test_new_architecture_state/q031/q031_t0013.00_det01_masked_crop.png,outputs/frame_checks/test_new_architecture_state/q031/q031_t0013.00_det01_debug.png
test_new_architecture_state,q033,video_04,13.000,195,1,3,a green hand truck is standing upright,a green hand truck,a green hand truck,0.5111941695213318,"255.0,1.0,334.9,32.8","257.0,0.0,329.0,30.0",1445,0.06725290417671204,0.09060943126678467,green,0.009688581314878892,0.46084616184234617,0.04688071807225545,0.0007108605964774226,outputs/frame_checks/test_new_architecture_state/q033/q033_t0013.00_det01_context.png,outputs/frame_checks/test_new_architecture_state/q033/q033_t0013.00_det01_bbox_crop.png,outputs/frame_checks/test_new_architecture_state/q033/q033_t0013.00_det01_sam_mask.png,outputs/frame_checks/test_new_architecture_state/q033/q033_t0013.00_det01_masked_crop.png,outputs/frame_checks/test_new_architecture_state/q033/q033_t0013.00_det01_debug.png
test_new_architecture_state,q033,video_04,14.533,218,1,3,a green hand truck is standing upright,a green hand truck,a green hand truck,0.49741172790527344,"256.9,1.0,334.4,32.7","257.0,0.0,329.0,29.0",1341,0.07253149896860123,0.09494738280773163,green,0.0,0.461965274810791,0.046774034781588446,0.0007707886820506686,outputs/frame_checks/test_new_architecture_state/q033/q033_t0014.53_det01_context.png,outputs/frame_checks/test_new_architecture_state/q033/q033_t0014.53_det01_bbox_crop.png,outputs/frame_checks/test_new_architecture_state/q033/q033_t0014.53_det01_sam_mask.png,outputs/frame_checks/test_new_architecture_state/q033/q033_t0014.53_det01_masked_crop.png,outputs/frame_checks/test_new_architecture_state/q033/q033_t0014.53_det01_debug.png
test_new_architecture_state,q033,video_04,16.533,248,1,5,a green hand truck is standing upright,a green hand truck,a green hand truck,0.43362918496131897,"185.4,12.9,276.8,115.1","186.0,14.0,280.0,114.0",4427,0.0066548846662044525,0.07462531328201294,green,0.22904901739326858,0.3611199378967285,0.17782694233788385,,outputs/frame_checks/test_new_architecture_state/q033/q033_t0016.53_det01_context.png,outputs/frame_checks/test_new_architecture_state/q033/q033_t0016.53_det01_bbox_crop.png,outputs/frame_checks/test_new_architecture_state/q033/q033_t0016.53_det01_sam_mask.png,outputs/frame_checks/test_new_architecture_state/q033/q033_t0016.53_det01_masked_crop.png,outputs/frame_checks/test_new_architecture_state/q033/q033_t0016.53_det01_debug.png
test_new_architecture_state,q032,video_04,19.533,293,1,5,there are no people in the frame,people in the frame,people in the frame,0.5170029401779175,"373.9,90.5,518.7,357.9","377.0,95.0,517.0,360.0",26817,0.07999798655509949,0.07662960141897202,,,0.6973644733428955,0.622688717312283,0.09296807318626332,outputs/frame_checks/test_new_architecture_state/q032/q032_t0019.53_det01_context.png,outputs/frame_checks/test_new_architecture_state/q032/q032_t0019.53_det01_bbox_crop.png,outputs/frame_checks/test_new_architecture_state/q032/q032_t0019.53_det01_sam_mask.png,outputs/frame_checks/test_new_architecture_state/q032/q032_t0019.53_det01_masked_crop.png,outputs/frame_checks/test_new_architecture_state/q032/q032_t0019.53_det01_debug.png
test_new_architecture_state,q031,video_04,20.000,300,1,11,bags are lying on the ground,bags on the ground,bags on the ground,0.3231225311756134,"192.8,80.1,559.5,355.1","196.0,88.0,545.0,360.0",36857,0.0313538983464241,0.0888727679848671,,,0.5877016305923461,0.6045599831475152,,outputs/frame_checks/test_new_architecture_state/q031/q031_t0020.00_det01_context.png,outputs/frame_checks/test_new_architecture_state/q031/q031_t0020.00_det01_bbox_crop.png,outputs/frame_checks/test_new_architecture_state/q031/q031_t0020.00_det01_sam_mask.png,outputs/frame_checks/test_new_architecture_state/q031/q031_t0020.00_det01_masked_crop.png,outputs/frame_checks/test_new_architecture_state/q031/q031_t0020.00_det01_debug.png
test_new_architecture_state,q032,video_04,20.000,300,1,5,there are no people in the frame,people in the frame,people in the frame,0.5706181526184082,"335.7,79.1,490.9,358.5","345.0,83.0,491.0,360.0",23713,0.0519501268863678,0.07138626277446747,,,0.6457229852676392,0.6077847904629178,0.11517726728967469,outputs/frame_checks/test_new_architecture_state/q032/q032_t0020.00_det01_context.png,outputs/frame_checks/test_new_architecture_state/q032/q032_t0020.00_det01_bbox_crop.png,outputs/frame_checks/test_new_architecture_state/q032/q032_t0020.00_det01_sam_mask.png,outputs/frame_checks/test_new_architecture_state/q032/q032_t0020.00_det01_masked_crop.png,outputs/frame_checks/test_new_architecture_state/q032/q032_t0020.00_det01_debug.png
test_new_architecture_state,q033,video_04,20.533,308,1,5,a green hand truck is standing upright,a green hand truck,a green hand truck,0.42936548590660095,"255.5,0.9,331.2,32.8","257.0,0.0,328.0,29.0",1352,0.06583248823881149,0.10015766322612762,green,0.07322485207100592,0.4583500027656555,0.046914480792151554,0.0008169455039068051,outputs/frame_checks/test_new_architecture_state/q033/q033_t0020.53_det01_context.png,outputs/frame_checks/test_new_architecture_state/q033/q033_t0020.53_det01_bbox_crop.png,outputs/frame_checks/test_new_architecture_state/q033/q033_t0020.53_det01_sam_mask.png,outputs/frame_checks/test_new_architecture_state/q033/q033_t0020.53_det01_masked_crop.png,outputs/frame_checks/test_new_architecture_state/q033/q033_t0020.53_det01_debug.png
test_new_architecture_state,q032,video_04,22.533,338,1,5,there are no people in the frame,people in the frame,people in the frame,0.6066709756851196,"195.6,73.3,314.9,336.7","197.0,72.0,312.0,336.0",16278,0.08536145836114883,0.08814001083374023,,,0.3988030195236206,0.5694451544019911,0.10181584108762554,outputs/frame_checks/test_new_architecture_state/q032/q032_t0022.53_det01_context.png,outputs/frame_checks/test_new_architecture_state/q032/q032_t0022.53_det01_bbox_crop.png,outputs/frame_checks/test_new_architecture_state/q032/q032_t0022.53_det01_sam_mask.png,outputs/frame_checks/test_new_architecture_state/q032/q032_t0022.53_det01_masked_crop.png,outputs/frame_checks/test_new_architecture_state/q032/q032_t0022.53_det01_debug.png
test_new_architecture_state,q033,video_04,23.000,345,1,5,a green hand truck is standing upright,a green hand truck,a green hand truck,0.5352213978767395,"182.3,14.0,283.2,112.9","186.0,14.0,280.0,114.0",6145,0.09445923566818237,0.10140527784824371,green,0.5557363710333605,0.36366950273513793,0.17625620497597588,0.03253916477707168,outputs/frame_checks/test_new_architecture_state/q033/q033_t0023.00_det01_context.png,outputs/frame_checks/test_new_architecture_state/q033/q033_t0023.00_det01_bbox_crop.png,outputs/frame_checks/test_new_architecture_state/q033/q033_t0023.00_det01_sam_mask.png,outputs/frame_checks/test_new_architecture_state/q033/q033_t0023.00_det01_masked_crop.png,outputs/frame_checks/test_new_architecture_state/q033/q033_t0023.00_det01_debug.png
test_new_architecture_state,q031,video_04,25.533,383,1,14,bags are lying on the ground,bags on the ground,bags on the ground,0.36459988355636597,"471.5,248.2,522.4,328.8","473.0,249.0,520.0,329.0",2753,0.03997517749667168,0.025081930682063103,,,0.7764766454696655,0.801425043741862,,outputs/frame_checks/test_new_architecture_state/q031/q031_t0025.53_det01_context.png,outputs/frame_checks/test_new_architecture_state/q031/q031_t0025.53_det01_bbox_crop.png,outputs/frame_checks/test_new_architecture_state/q031/q031_t0025.53_det01_sam_mask.png,outputs/frame_checks/test_new_architecture_state/q031/q031_t0025.53_det01_masked_crop.png,outputs/frame_checks/test_new_architecture_state/q031/q031_t0025.53_det01_debug.png
test_new_architecture_state,q031,video_04,26.000,390,1,14,bags are lying on the ground,bags on the ground,bags on the ground,0.37337470054626465,"471.4,248.0,522.6,328.8","473.0,249.0,520.0,329.0",2745,0.04207786172628403,0.026505520567297935,,,0.7766133785247803,0.8011102888319227,0.0007353706025192018,outputs/frame_checks/test_new_architecture_state/q031/q031_t0026.00_det01_context.png,outputs/frame_checks/test_new_architecture_state/q031/q031_t0026.00_det01_bbox_crop.png,outputs/frame_checks/test_new_architecture_state/q031/q031_t0026.00_det01_sam_mask.png,outputs/frame_checks/test_new_architecture_state/q031/q031_t0026.00_det01_masked_crop.png,outputs/frame_checks/test_new_architecture_state/q031/q031_t0026.00_det01_debug.png
test_new_architecture_state,q032,video_04,35.000,525,1,7,there are no people in the frame,people in the frame,people in the frame,0.34647586941719055,"184.6,18.9,384.5,332.8","208.0,19.0,376.0,339.0",14105,0.0615164078772068,0.08982029557228088,,,0.44467910528182986,0.48838841120402016,0.11797962941562548,outputs/frame_checks/test_new_architecture_state/q032/q032_t0035.00_det01_context.png,outputs/frame_checks/test_new_architecture_state/q032/q032_t0035.00_det01_bbox_crop.png,outputs/frame_checks/test_new_architecture_state/q032/q032_t0035.00_det01_sam_mask.png,outputs/frame_checks/test_new_architecture_state/q032/q032_t0035.00_det01_masked_crop.png,outputs/frame_checks/test_new_architecture_state/q032/q032_t0035.00_det01_debug.png
test_new_architecture_state,q033,video_04,35.000,525,1,9,a green hand truck is standing upright,a green hand truck,a green hand truck,0.3001288175582886,"181.6,3.0,334.9,121.8","183.0,0.0,337.0,116.0",9174,0.07470627874135971,0.10748347640037537,green,0.24002616088947024,0.4035195350646973,0.17329871555169424,0.0879504285767624,outputs/frame_checks/test_new_architecture_state/q033/q033_t0035.00_det01_context.png,outputs/frame_checks/test_new_architecture_state/q033/q033_t0035.00_det01_bbox_crop.png,outputs/frame_checks/test_new_architecture_state/q033/q033_t0035.00_det01_sam_mask.png,outputs/frame_checks/test_new_architecture_state/q033/q033_t0035.00_det01_masked_crop.png,outputs/frame_checks/test_new_architecture_state/q033/q033_t0035.00_det01_debug.png
test_new_architecture_state,q033,video_04,35.533,533,1,9,a green hand truck is standing upright,a green hand truck,a green hand truck,0.30699655413627625,"181.7,3.0,334.7,117.3","180.0,0.0,337.0,117.0",10090,0.08802016079425812,0.11628192663192749,green,0.23121902874132805,0.4034357309341431,0.16706288125779895,0.01169329925199964,outputs/frame_checks/test_new_architecture_state/q033/q033_t0035.53_det01_context.png,outputs/frame_checks/test_new_architecture_state/q033/q033_t0035.53_det01_bbox_crop.png,outputs/frame_checks/test_new_architecture_state/q033/q033_t0035.53_det01_sam_mask.png,outputs/frame_checks/test_new_architecture_state/q033/q033_t0035.53_det01_masked_crop.png,outputs/frame_checks/test_new_architecture_state/q033/q033_t0035.53_det01_debug.png
test_new_architecture_state,q031,video_04,38.000,570,1,20,bags are lying on the ground,bags on the ground,bags on the ground,0.3906499743461609,"470.7,247.9,524.3,329.7","473.0,249.0,520.0,329.0",2781,0.033296652138233185,0.018570832908153534,,,0.7773539543151855,0.8021765391031901,,outputs/frame_checks/test_new_architecture_state/q031/q031_t0038.00_det01_context.png,outputs/frame_checks/test_new_architecture_state/q031/q031_t0038.00_det01_bbox_crop.png,outputs/frame_checks/test_new_architecture_state/q031/q031_t0038.00_det01_sam_mask.png,outputs/frame_checks/test_new_architecture_state/q031/q031_t0038.00_det01_masked_crop.png,outputs/frame_checks/test_new_architecture_state/q031/q031_t0038.00_det01_debug.png
test_new_architecture_state,q032,video_04,47.000,705,1,8,there are no people in the frame,people in the frame,people in the frame,0.2587984502315521,"36.3,24.3,248.3,358.9","41.0,30.0,254.0,360.0",38537,0.07921566814184189,0.1030193567276001,,,0.22231841683387757,0.5321075492435031,0.01535581649743313,outputs/frame_checks/test_new_architecture_state/q032/q032_t0047.00_det01_context.png,outputs/frame_checks/test_new_architecture_state/q032/q032_t0047.00_det01_bbox_crop.png,outputs/frame_checks/test_new_architecture_state/q032/q032_t0047.00_det01_sam_mask.png,outputs/frame_checks/test_new_architecture_state/q032/q032_t0047.00_det01_masked_crop.png,outputs/frame_checks/test_new_architecture_state/q032/q032_t0047.00_det01_debug.png
test_new_architecture_state,q032,video_04,48.533,728,1,8,there are no people in the frame,people in the frame,people in the frame,0.27478891611099243,"34.9,30.5,251.0,357.7","41.0,31.0,254.0,360.0",37801,0.08924303203821182,0.10361021012067795,,,0.22333306074142456,0.5392687347200181,0.23565338333345076,outputs/frame_checks/test_new_architecture_state/q032/q032_t0048.53_det01_context.png,outputs/frame_checks/test_new_architecture_state/q032/q032_t0048.53_det01_bbox_crop.png,outputs/frame_checks/test_new_architecture_state/q032/q032_t0048.53_det01_sam_mask.png,outputs/frame_checks/test_new_architecture_state/q032/q032_t0048.53_det01_masked_crop.png,outputs/frame_checks/test_new_architecture_state/q032/q032_t0048.53_det01_debug.png
test_new_architecture_state,q032,video_04,54.000,810,1,9,there are no people in the frame,people in the frame,people in the frame,0.4777120351791382,"277.4,51.7,370.1,256.0","281.0,54.0,367.0,254.0",8760,0.08050910383462906,0.07430049031972885,,,0.5058834552764893,0.4273850970798069,0.14544882422227995,outputs/frame_checks/test_new_architecture_state/q032/q032_t0054.00_det01_context.png,outputs/frame_checks/test_new_architecture_state/q032/q032_t0054.00_det01_bbox_crop.png,outputs/frame_checks/test_new_architecture_state/q032/q032_t0054.00_det01_sam_mask.png,outputs/frame_checks/test_new_architecture_state/q032/q032_t0054.00_det01_masked_crop.png,outputs/frame_checks/test_new_architecture_state/q032/q032_t0054.00_det01_debug.png
test_new_architecture_state,q033,video_04,54.000,810,1,11,a green hand truck is standing upright,a green hand truck,a green hand truck,0.3875216245651245,"254.3,1.3,336.1,32.6","256.0,0.0,329.0,30.0",1498,0.06366022676229477,0.07339386641979218,green,0.0,0.46123738288879396,0.046973542372385664,0.0029766882161135905,outputs/frame_checks/test_new_architecture_state/q033/q033_t0054.00_det01_context.png,outputs/frame_checks/test_new_architecture_state/q033/q033_t0054.00_det01_bbox_crop.png,outputs/frame_checks/test_new_architecture_state/q033/q033_t0054.00_det01_sam_mask.png,outputs/frame_checks/test_new_architecture_state/q033/q033_t0054.00_det01_masked_crop.png,outputs/frame_checks/test_new_architecture_state/q033/q033_t0054.00_det01_debug.png
test_new_architecture_state,q032,video_04,64.000,960,1,10,there are no people in the frame,people in the frame,people in the frame,0.40056654810905457,"431.3,22.4,516.6,281.5","435.0,26.0,513.0,280.0",8203,0.041733719408512115,0.07384467124938965,,,0.7405464887619019,0.42201118734147813,0.1775374532718483,outputs/frame_checks/test_new_architecture_state/q032/q032_t0064.00_det01_context.png,outputs/frame_checks/test_new_architecture_state/q032/q032_t0064.00_det01_bbox_crop.png,outputs/frame_checks/test_new_architecture_state/q032/q032_t0064.00_det01_sam_mask.png,outputs/frame_checks/test_new_architecture_state/q032/q032_t0064.00_det01_masked_crop.png,outputs/frame_checks/test_new_architecture_state/q032/q032_t0064.00_det01_debug.png
test_new_architecture_state,q032,video_04,67.533,1013,1,11,there are no people in the frame,people in the frame,people in the frame,0.3062722086906433,"209.2,26.7,473.9,314.0","195.0,35.0,475.0,315.0",21891,0.0784284770488739,0.10844701528549194,,,0.533688235282898,0.47322762542300756,0.17422190454094102,outputs/frame_checks/test_new_architecture_state/q032/q032_t0067.53_det01_context.png,outputs/frame_checks/test_new_architecture_state/q032/q032_t0067.53_det01_bbox_crop.png,outputs/frame_checks/test_new_architecture_state/q032/q032_t0067.53_det01_sam_mask.png,outputs/frame_checks/test_new_architecture_state/q032/q032_t0067.53_det01_masked_crop.png,outputs/frame_checks/test_new_architecture_state/q032/q032_t0067.53_det01_debug.png
test_new_architecture_state,q032,video_04,70.000,1050,1,11,there are no people in the frame,people in the frame,people in the frame,0.6717634797096252,"367.7,40.1,482.4,297.8","372.0,43.0,472.0,298.0",11624,0.08291525393724442,0.08032648265361786,,,0.6641464233398438,0.4691976388295492,0.11305566207726359,outputs/frame_checks/test_new_architecture_state/q032/q032_t0070.00_det01_context.png,outputs/frame_checks/test_new_architecture_state/q032/q032_t0070.00_det01_bbox_crop.png,outputs/frame_checks/test_new_architecture_state/q032/q032_t0070.00_det01_sam_mask.png,outputs/frame_checks/test_new_architecture_state/q032/q032_t0070.00_det01_masked_crop.png,outputs/frame_checks/test_new_architecture_state/q032/q032_t0070.00_det01_debug.png
test_new_architecture_state,q032,video_04,71.000,1065,1,11,there are no people in the frame,people in the frame,people in the frame,0.44684362411499023,"414.6,29.5,542.0,296.9","418.0,32.0,519.0,295.0",12124,0.05591961368918419,0.09953492134809494,,,0.7473334789276123,0.453307048479716,0.05396202989554471,outputs/frame_checks/test_new_architecture_state/q032/q032_t0071.00_det01_context.png,outputs/frame_checks/test_new_architecture_state/q032/q032_t0071.00_det01_bbox_crop.png,outputs/frame_checks/test_new_architecture_state/q032/q032_t0071.00_det01_sam_mask.png,outputs/frame_checks/test_new_architecture_state/q032/q032_t0071.00_det01_masked_crop.png,outputs/frame_checks/test_new_architecture_state/q032/q032_t0071.00_det01_debug.png
test_new_architecture_state,q040,video_05,0.000,0,1,1,a person is inside the store,a person inside the store,a person inside the store,0.41697749495506287,"170.2,66.8,189.5,136.0","172.0,69.0,188.0,136.0",794,0.09653053432703018,0.07463715970516205,,,0.561966848373413,0.4224964777628581,,outputs/frame_checks/test_new_architecture_state/q040/q040_t0000.00_det01_context.png,outputs/frame_checks/test_new_architecture_state/q040/q040_t0000.00_det01_bbox_crop.png,outputs/frame_checks/test_new_architecture_state/q040/q040_t0000.00_det01_sam_mask.png,outputs/frame_checks/test_new_architecture_state/q040/q040_t0000.00_det01_masked_crop.png,outputs/frame_checks/test_new_architecture_state/q040/q040_t0000.00_det01_debug.png
test_new_architecture_state,q041,video_05,0.000,0,1,1,the door is closed,the door,the door,0.3750772774219513,"1.3,2.0,317.8,237.5","0.0,0.0,319.0,235.0",16503,0.07108715176582336,0.10263341665267944,,,0.4985323429107666,0.49886659483114876,,outputs/frame_checks/test_new_architecture_state/q041/q041_t0000.00_det01_context.png,outputs/frame_checks/test_new_architecture_state/q041/q041_t0000.00_det01_bbox_crop.png,outputs/frame_checks/test_new_architecture_state/q041/q041_t0000.00_det01_sam_mask.png,outputs/frame_checks/test_new_architecture_state/q041/q041_t0000.00_det01_masked_crop.png,outputs/frame_checks/test_new_architecture_state/q041/q041_t0000.00_det01_debug.png
test_new_architecture_state,q042,video_05,0.000,0,1,1,a white pickup truck is parked in the background,a white pickup truck in the background,a white pickup truck in the background,0.8259984254837036,"31.7,40.1,81.2,63.5","33.0,41.0,80.0,63.0",664,0.0944012701511383,0.0936073586344719,white,0.2936746987951807,0.17642398774623871,0.21577126185099285,,outputs/frame_checks/test_new_architecture_state/q042/q042_t0000.00_det01_context.png,outputs/frame_checks/test_new_architecture_state/q042/q042_t0000.00_det01_bbox_crop.png,outputs/frame_checks/test_new_architecture_state/q042/q042_t0000.00_det01_sam_mask.png,outputs/frame_checks/test_new_architecture_state/q042/q042_t0000.00_det01_masked_crop.png,outputs/frame_checks/test_new_architecture_state/q042/q042_t0000.00_det01_debug.png
test_new_architecture_state,q040,video_05,0.500,15,1,1,a person is inside the store,a person inside the store,a person inside the store,0.39487412571907043,"134.2,59.8,150.7,126.1","135.0,62.0,148.0,125.0",564,0.11617565155029297,0.06912682205438614,,,0.44512014389038085,0.3871697743733724,0.24414035570477696,outputs/frame_checks/test_new_architecture_state/q040/q040_t0000.50_det01_context.png,outputs/frame_checks/test_new_architecture_state/q040/q040_t0000.50_det01_bbox_crop.png,outputs/frame_checks/test_new_architecture_state/q040/q040_t0000.50_det01_sam_mask.png,outputs/frame_checks/test_new_architecture_state/q040/q040_t0000.50_det01_masked_crop.png,outputs/frame_checks/test_new_architecture_state/q040/q040_t0000.50_det01_debug.png
test_new_architecture_state,q041,video_05,0.500,15,1,1,the door is closed,the door,the door,0.37045854330062866,"1.4,2.4,317.7,237.9","0.0,0.0,319.0,236.0",16668,0.06418131291866302,0.09601370990276337,,,0.49863663613796233,0.5007201492786407,0.0037129724841728383,outputs/frame_checks/test_new_architecture_state/q041/q041_t0000.50_det01_context.png,outputs/frame_checks/test_new_architecture_state/q041/q041_t0000.50_det01_bbox_crop.png,outputs/frame_checks/test_new_architecture_state/q041/q041_t0000.50_det01_sam_mask.png,outputs/frame_checks/test_new_architecture_state/q041/q041_t0000.50_det01_masked_crop.png,outputs/frame_checks/test_new_architecture_state/q041/q041_t0000.50_det01_debug.png
test_new_architecture_state,q042,video_05,0.500,15,1,1,a white pickup truck is parked in the background,a white pickup truck in the background,a white pickup truck in the background,0.816211998462677,"31.9,40.0,81.2,63.4","34.0,42.0,80.0,63.0",660,0.09521853923797607,0.07955826073884964,white,0.28939393939393937,0.17678551375865936,0.2153748114903768,0.0010730777158982979,outputs/frame_checks/test_new_architecture_state/q042/q042_t0000.50_det01_context.png,outputs/frame_checks/test_new_architecture_state/q042/q042_t0000.50_det01_bbox_crop.png,outputs/frame_checks/test_new_architecture_state/q042/q042_t0000.50_det01_sam_mask.png,outputs/frame_checks/test_new_architecture_state/q042/q042_t0000.50_det01_masked_crop.png,outputs/frame_checks/test_new_architecture_state/q042/q042_t0000.50_det01_debug.png
test_new_architecture_state,q041,video_05,1.000,30,1,1,the door is closed,the door,the door,0.3603227138519287,"1.4,2.3,317.7,238.3","0.0,0.0,319.0,236.0",17190,0.059479743242263794,0.09855400025844574,,,0.4984977185726166,0.5012584328651428,0.0011118404731959462,outputs/frame_checks/test_new_architecture_state/q041/q041_t0001.00_det01_context.png,outputs/frame_checks/test_new_architecture_state/q041/q041_t0001.00_det01_bbox_crop.png,outputs/frame_checks/test_new_architecture_state/q041/q041_t0001.00_det01_sam_mask.png,outputs/frame_checks/test_new_architecture_state/q041/q041_t0001.00_det01_masked_crop.png,outputs/frame_checks/test_new_architecture_state/q041/q041_t0001.00_det01_debug.png
test_new_architecture_state,q041,video_05,1.500,45,1,1,the door is closed,the door,the door,0.3615313470363617,"1.4,2.2,317.9,238.2","0.0,0.0,319.0,235.0",16712,0.05417753756046295,0.09872414171695709,,,0.4988599747419357,0.5008391290903091,0.0011082331664402313,outputs/frame_checks/test_new_architecture_state/q041/q041_t0001.50_det01_context.png,outputs/frame_checks/test_new_architecture_state/q041/q041_t0001.50_det01_bbox_crop.png,outputs/frame_checks/test_new_architecture_state/q041/q041_t0001.50_det01_sam_mask.png,outputs/frame_checks/test_new_architecture_state/q041/q041_t0001.50_det01_masked_crop.png,outputs/frame_checks/test_new_architecture_state/q041/q041_t0001.50_det01_debug.png
test_new_architecture_state,q041,video_05,2.000,60,1,1,the door is closed,the door,the door,0.37182754278182983,"119.2,29.8,212.7,193.6","114.0,29.0,217.0,189.0",4721,0.07722000777721405,0.12810607254505157,,,0.5187041878700256,0.46541062990824383,0.08121505646040411,outputs/frame_checks/test_new_architecture_state/q041/q041_t0002.00_det01_context.png,outputs/frame_checks/test_new_architecture_state/q041/q041_t0002.00_det01_bbox_crop.png,outputs/frame_checks/test_new_architecture_state/q041/q041_t0002.00_det01_sam_mask.png,outputs/frame_checks/test_new_architecture_state/q041/q041_t0002.00_det01_masked_crop.png,outputs/frame_checks/test_new_architecture_state/q041/q041_t0002.00_det01_debug.png
test_new_architecture_state,q041,video_05,2.500,75,1,1,the door is closed,the door,the door,0.3765692114830017,"1.6,2.2,317.6,237.8","0.0,0.0,320.0,183.0",14949,0.05327967181801796,0.09075719863176346,,,0.49880756437778473,0.5000180929899216,0.07983864045289553,outputs/frame_checks/test_new_architecture_state/q041/q041_t0002.50_det01_context.png,outputs/frame_checks/test_new_architecture_state/q041/q041_t0002.50_det01_bbox_crop.png,outputs/frame_checks/test_new_architecture_state/q041/q041_t0002.50_det01_sam_mask.png,outputs/frame_checks/test_new_architecture_state/q041/q041_t0002.50_det01_masked_crop.png,outputs/frame_checks/test_new_architecture_state/q041/q041_t0002.50_det01_debug.png
test_new_architecture_state,q041,video_05,3.000,90,1,1,the door is closed,the door,the door,0.3999003767967224,"113.9,23.2,217.8,177.8","114.0,21.0,215.0,182.0",6593,0.08226151764392853,0.12396390736103058,,,0.5183385729789733,0.41891415119171144,0.16684495404041644,outputs/frame_checks/test_new_architecture_state/q041/q041_t0003.00_det01_context.png,outputs/frame_checks/test_new_architecture_state/q041/q041_t0003.00_det01_bbox_crop.png,outputs/frame_checks/test_new_architecture_state/q041/q041_t0003.00_det01_sam_mask.png,outputs/frame_checks/test_new_architecture_state/q041/q041_t0003.00_det01_masked_crop.png,outputs/frame_checks/test_new_architecture_state/q041/q041_t0003.00_det01_debug.png
test_new_architecture_state,q040,video_05,3.500,105,1,1,a person is inside the store,a person inside the store,a person inside the store,0.4220225512981415,"138.9,61.7,156.7,126.3","141.0,64.0,153.0,125.0",541,0.10325191915035248,0.06516076624393463,,,0.46176958084106445,0.39161502520243324,0.0016205927859971176,outputs/frame_checks/test_new_architecture_state/q040/q040_t0003.50_det01_context.png,outputs/frame_checks/test_new_architecture_state/q040/q040_t0003.50_det01_bbox_crop.png,outputs/frame_checks/test_new_architecture_state/q040/q040_t0003.50_det01_sam_mask.png,outputs/frame_checks/test_new_architecture_state/q040/q040_t0003.50_det01_masked_crop.png,outputs/frame_checks/test_new_architecture_state/q040/q040_t0003.50_det01_debug.png
test_new_architecture_state,q040,video_05,7.500,225,1,1,a person is inside the store,a person inside the store,a person inside the store,0.4939512312412262,"168.7,67.0,191.1,134.7","168.0,68.0,189.0,137.0",853,0.09691260755062103,0.06606447696685791,,,0.5620555400848388,0.4201410929361979,0.019787185484404803,outputs/frame_checks/test_new_architecture_state/q040/q040_t0007.50_det01_context.png,outputs/frame_checks/test_new_architecture_state/q040/q040_t0007.50_det01_bbox_crop.png,outputs/frame_checks/test_new_architecture_state/q040/q040_t0007.50_det01_sam_mask.png,outputs/frame_checks/test_new_architecture_state/q040/q040_t0007.50_det01_masked_crop.png,outputs/frame_checks/test_new_architecture_state/q040/q040_t0007.50_det01_debug.png
test_new_architecture_state,q040,video_05,8.500,255,1,1,a person is inside the store,a person inside the store,a person inside the store,0.5073209404945374,"168.1,62.7,191.0,135.8","168.0,63.0,190.0,137.0",867,0.10420375317335129,0.08093379437923431,,,0.5611476182937623,0.41352500915527346,0.002194559854497985,outputs/frame_checks/test_new_architecture_state/q040/q040_t0008.50_det01_context.png,outputs/frame_checks/test_new_architecture_state/q040/q040_t0008.50_det01_bbox_crop.png,outputs/frame_checks/test_new_architecture_state/q040/q040_t0008.50_det01_sam_mask.png,outputs/frame_checks/test_new_architecture_state/q040/q040_t0008.50_det01_masked_crop.png,outputs/frame_checks/test_new_architecture_state/q040/q040_t0008.50_det01_debug.png
test_new_architecture_state,q042,video_05,9.000,270,1,1,a white pickup truck is parked in the background,a white pickup truck in the background,a white pickup truck in the background,0.8276471495628357,"32.2,40.0,81.1,63.4","34.0,41.0,80.0,63.0",670,0.09369894862174988,0.09074637293815613,white,0.3358208955223881,0.17697445154190064,0.21534787813822429,0.000265157037520694,outputs/frame_checks/test_new_architecture_state/q042/q042_t0009.00_det01_context.png,outputs/frame_checks/test_new_architecture_state/q042/q042_t0009.00_det01_bbox_crop.png,outputs/frame_checks/test_new_architecture_state/q042/q042_t0009.00_det01_sam_mask.png,outputs/frame_checks/test_new_architecture_state/q042/q042_t0009.00_det01_masked_crop.png,outputs/frame_checks/test_new_architecture_state/q042/q042_t0009.00_det01_debug.png
test_new_architecture_state,q041,video_05,9.500,285,1,1,the door is closed,the door,the door,0.4002304673194885,"1.4,2.5,317.8,237.8","0.0,0.0,319.0,182.0",15284,0.05808781832456589,0.09488623589277267,,,0.49876199662685394,0.5007339139779409,0.001427967270891694,outputs/frame_checks/test_new_architecture_state/q041/q041_t0009.50_det01_context.png,outputs/frame_checks/test_new_architecture_state/q041/q041_t0009.50_det01_bbox_crop.png,outputs/frame_checks/test_new_architecture_state/q041/q041_t0009.50_det01_sam_mask.png,outputs/frame_checks/test_new_architecture_state/q041/q041_t0009.50_det01_masked_crop.png,outputs/frame_checks/test_new_architecture_state/q041/q041_t0009.50_det01_debug.png
test_new_architecture_state,q040,video_05,10.500,315,1,2,a person is inside the store,a person inside the store,a person inside the store,0.36132991313934326,"248.8,87.7,270.8,136.9","251.0,93.0,270.0,137.0",593,0.10102404654026031,0.020634077489376068,,,0.8118886947631836,0.46797815958658856,0.055540208500098553,outputs/frame_checks/test_new_architecture_state/q040/q040_t0010.50_det01_context.png,outputs/frame_checks/test_new_architecture_state/q040/q040_t0010.50_det01_bbox_crop.png,outputs/frame_checks/test_new_architecture_state/q040/q040_t0010.50_det01_sam_mask.png,outputs/frame_checks/test_new_architecture_state/q040/q040_t0010.50_det01_masked_crop.png,outputs/frame_checks/test_new_architecture_state/q040/q040_t0010.50_det01_debug.png
test_new_architecture_state,q042,video_05,11.500,345,1,1,a white pickup truck is parked in the background,a white pickup truck in the background,a white pickup truck in the background,0.5681310892105103,"32.4,39.9,81.3,62.8","34.0,41.0,80.0,63.0",633,0.08107297122478485,0.09541358053684235,white,0.37756714060031593,0.17752586603164672,0.2139646848042806,0.003693758455399675,outputs/frame_checks/test_new_architecture_state/q042/q042_t0011.50_det01_context.png,outputs/frame_checks/test_new_architecture_state/q042/q042_t0011.50_det01_bbox_crop.png,outputs/frame_checks/test_new_architecture_state/q042/q042_t0011.50_det01_sam_mask.png,outputs/frame_checks/test_new_architecture_state/q042/q042_t0011.50_det01_masked_crop.png,outputs/frame_checks/test_new_architecture_state/q042/q042_t0011.50_det01_debug.png
test_new_architecture_state,q041,video_05,12.000,360,1,1,the door is closed,the door,the door,0.40328365564346313,"1.4,2.2,317.6,237.9","0.0,0.0,319.0,236.0",15607,0.05461456626653671,0.09544503688812256,,,0.498489972949028,0.5002836257219314,0.0003431377369800282,outputs/frame_checks/test_new_architecture_state/q041/q041_t0012.00_det01_context.png,outputs/frame_checks/test_new_architecture_state/q041/q041_t0012.00_det01_bbox_crop.png,outputs/frame_checks/test_new_architecture_state/q041/q041_t0012.00_det01_sam_mask.png,outputs/frame_checks/test_new_architecture_state/q041/q041_t0012.00_det01_masked_crop.png,outputs/frame_checks/test_new_architecture_state/q041/q041_t0012.00_det01_debug.png
test_new_architecture_state,q040,video_05,12.500,375,1,2,a person is inside the store,a person inside the store,a person inside the store,0.5437265038490295,"169.3,65.0,190.9,134.6","169.0,63.0,189.0,137.0",867,0.10056478530168533,0.07568036019802094,,,0.5628696203231811,0.415853754679362,0.26079373253829347,outputs/frame_checks/test_new_architecture_state/q040/q040_t0012.50_det01_context.png,outputs/frame_checks/test_new_architecture_state/q040/q040_t0012.50_det01_bbox_crop.png,outputs/frame_checks/test_new_architecture_state/q040/q040_t0012.50_det01_sam_mask.png,outputs/frame_checks/test_new_architecture_state/q040/q040_t0012.50_det01_masked_crop.png,outputs/frame_checks/test_new_architecture_state/q040/q040_t0012.50_det01_debug.png
test_new_architecture_state,q042,video_05,12.500,375,1,1,a white pickup truck is parked in the background,a white pickup truck in the background,a white pickup truck in the background,0.8352630138397217,"32.7,40.1,81.2,63.4","34.0,41.0,80.0,63.0",666,0.0888858512043953,0.0936206728219986,white,0.33933933933933935,0.1779691159725189,0.21553666591644288,0.00032075054000280464,outputs/frame_checks/test_new_architecture_state/q042/q042_t0012.50_det01_context.png,outputs/frame_checks/test_new_architecture_state/q042/q042_t0012.50_det01_bbox_crop.png,outputs/frame_checks/test_new_architecture_state/q042/q042_t0012.50_det01_sam_mask.png,outputs/frame_checks/test_new_architecture_state/q042/q042_t0012.50_det01_masked_crop.png,outputs/frame_checks/test_new_architecture_state/q042/q042_t0012.50_det01_debug.png
test_new_architecture_state,q040,video_05,13.000,390,1,2,a person is inside the store,a person inside the store,a person inside the store,0.616158664226532,"168.8,64.8,190.7,141.8","169.0,65.0,189.0,141.0",834,0.09304695576429367,0.0839436948299408,,,0.5617157936096191,0.43046634991963706,0.029316156347041086,outputs/frame_checks/test_new_architecture_state/q040/q040_t0013.00_det01_context.png,outputs/frame_checks/test_new_architecture_state/q040/q040_t0013.00_det01_bbox_crop.png,outputs/frame_checks/test_new_architecture_state/q040/q040_t0013.00_det01_sam_mask.png,outputs/frame_checks/test_new_architecture_state/q040/q040_t0013.00_det01_masked_crop.png,outputs/frame_checks/test_new_architecture_state/q040/q040_t0013.00_det01_debug.png
test_new_architecture_state,q042,video_05,13.000,390,1,1,a white pickup truck is parked in the background,a white pickup truck in the background,a white pickup truck in the background,0.8388262391090393,"32.5,40.0,81.1,63.4","34.0,41.0,80.0,63.0",671,0.0891113430261612,0.09035338461399078,white,0.3293591654247392,0.17747938632965088,0.21530916690826415,0.0010799831884357345,outputs/frame_checks/test_new_architecture_state/q042/q042_t0013.00_det01_context.png,outputs/frame_checks/test_new_architecture_state/q042/q042_t0013.00_det01_bbox_crop.png,outputs/frame_checks/test_new_architecture_state/q042/q042_t0013.00_det01_sam_mask.png,outputs/frame_checks/test_new_architecture_state/q042/q042_t0013.00_det01_masked_crop.png,outputs/frame_checks/test_new_architecture_state/q042/q042_t0013.00_det01_debug.png
test_new_architecture_state,q042,video_05,14.500,435,1,1,a white pickup truck is parked in the background,a white pickup truck in the background,a white pickup truck in the background,0.8397904634475708,"32.6,39.9,81.0,63.4","34.0,41.0,80.0,63.0",667,0.08813869953155518,0.09015175700187683,white,0.3493253373313343,0.17739519476890564,0.21527012983957927,0.000297041975817465,outputs/frame_checks/test_new_architecture_state/q042/q042_t0014.50_det01_context.png,outputs/frame_checks/test_new_architecture_state/q042/q042_t0014.50_det01_bbox_crop.png,outputs/frame_checks/test_new_architecture_state/q042/q042_t0014.50_det01_sam_mask.png,outputs/frame_checks/test_new_architecture_state/q042/q042_t0014.50_det01_masked_crop.png,outputs/frame_checks/test_new_architecture_state/q042/q042_t0014.50_det01_debug.png
test_new_architecture_state,q042,video_05,15.000,450,1,1,a white pickup truck is parked in the background,a white pickup truck in the background,a white pickup truck in the background,0.8406304717063904,"32.6,39.9,81.0,63.4","34.0,41.0,80.0,63.0",668,0.08944271504878998,0.08880332112312317,white,0.34880239520958084,0.17751561999320983,0.21511356035868326,0.00039505056383588297,outputs/frame_checks/test_new_architecture_state/q042/q042_t0015.00_det01_context.png,outputs/frame_checks/test_new_architecture_state/q042/q042_t0015.00_det01_bbox_crop.png,outputs/frame_checks/test_new_architecture_state/q042/q042_t0015.00_det01_sam_mask.png,outputs/frame_checks/test_new_architecture_state/q042/q042_t0015.00_det01_masked_crop.png,outputs/frame_checks/test_new_architecture_state/q042/q042_t0015.00_det01_debug.png
test_new_architecture_state,q042,video_05,16.500,495,1,1,a white pickup truck is parked in the background,a white pickup truck in the background,a white pickup truck in the background,0.8414589166641235,"32.1,40.0,81.1,63.5","34.0,41.0,80.0,63.0",674,0.08992472290992737,0.08832162618637085,white,0.36795252225519287,0.1768612504005432,0.21550975640614828,0.0007556224503640151,outputs/frame_checks/test_new_architecture_state/q042/q042_t0016.50_det01_context.png,outputs/frame_checks/test_new_architecture_state/q042/q042_t0016.50_det01_bbox_crop.png,outputs/frame_checks/test_new_architecture_state/q042/q042_t0016.50_det01_sam_mask.png,outputs/frame_checks/test_new_architecture_state/q042/q042_t0016.50_det01_masked_crop.png,outputs/frame_checks/test_new_architecture_state/q042/q042_t0016.50_det01_debug.png
test_new_architecture_state,q040,video_05,18.500,555,1,2,a person is inside the store,a person inside the store,a person inside the store,0.6360706686973572,"168.9,62.2,191.0,138.7","169.0,63.0,190.0,141.0",753,0.10045526921749115,0.06965591758489609,,,0.5623704671859742,0.4186798254648844,0.027963442467110213,outputs/frame_checks/test_new_architecture_state/q040/q040_t0018.50_det01_context.png,outputs/frame_checks/test_new_architecture_state/q040/q040_t0018.50_det01_bbox_crop.png,outputs/frame_checks/test_new_architecture_state/q040/q040_t0018.50_det01_sam_mask.png,outputs/frame_checks/test_new_architecture_state/q040/q040_t0018.50_det01_masked_crop.png,outputs/frame_checks/test_new_architecture_state/q040/q040_t0018.50_det01_debug.png
test_new_architecture_state,q042,video_05,19.500,585,1,1,a white pickup truck is parked in the background,a white pickup truck in the background,a white pickup truck in the background,0.8447870016098022,"32.3,39.9,80.9,63.5","34.0,41.0,80.0,63.0",660,0.08855773508548737,0.08811894804239273,white,0.37575757575757573,0.17687807083129883,0.21529895464579266,0.00012179701444350058,outputs/frame_checks/test_new_architecture_state/q042/q042_t0019.50_det01_context.png,outputs/frame_checks/test_new_architecture_state/q042/q042_t0019.50_det01_bbox_crop.png,outputs/frame_checks/test_new_architecture_state/q042/q042_t0019.50_det01_sam_mask.png,outputs/frame_checks/test_new_architecture_state/q042/q042_t0019.50_det01_masked_crop.png,outputs/frame_checks/test_new_architecture_state/q042/q042_t0019.50_det01_debug.png
test_new_architecture_state,q042,video_05,20.000,600,1,1,a white pickup truck is parked in the background,a white pickup truck in the background,a white pickup truck in the background,0.8150224685668945,"32.2,39.8,88.3,63.5","34.0,41.0,89.0,63.0",728,0.08600222319364548,0.09648078680038452,white,0.36126373626373626,0.1882014214992523,0.2152418295542399,0.02264698952404292,outputs/frame_checks/test_new_architecture_state/q042/q042_t0020.00_det01_context.png,outputs/frame_checks/test_new_architecture_state/q042/q042_t0020.00_det01_bbox_crop.png,outputs/frame_checks/test_new_architecture_state/q042/q042_t0020.00_det01_sam_mask.png,outputs/frame_checks/test_new_architecture_state/q042/q042_t0020.00_det01_masked_crop.png,outputs/frame_checks/test_new_architecture_state/q042/q042_t0020.00_det01_debug.png
test_new_architecture_state,q041,video_05,23.500,705,1,1,the door is closed,the door,the door,0.40926995873451233,"127.7,23.4,214.2,179.1","136.0,23.0,215.0,182.0",4285,0.09321647137403488,0.10699009895324707,,,0.5342499017715454,0.42203809022903443,0.17311225779129655,outputs/frame_checks/test_new_architecture_state/q041/q041_t0023.50_det01_context.png,outputs/frame_checks/test_new_architecture_state/q041/q041_t0023.50_det01_bbox_crop.png,outputs/frame_checks/test_new_architecture_state/q041/q041_t0023.50_det01_sam_mask.png,outputs/frame_checks/test_new_architecture_state/q041/q041_t0023.50_det01_masked_crop.png,outputs/frame_checks/test_new_architecture_state/q041/q041_t0023.50_det01_debug.png
test_new_architecture_state,q041,video_05,24.500,735,1,1,the door is closed,the door,the door,0.41050535440444946,"1.2,2.1,317.7,237.9","0.0,0.0,319.0,182.0",14587,0.061787307262420654,0.0992531031370163,,,0.4984046846628189,0.49994266827901207,0.0006025987021495652,outputs/frame_checks/test_new_architecture_state/q041/q041_t0024.50_det01_context.png,outputs/frame_checks/test_new_architecture_state/q041/q041_t0024.50_det01_bbox_crop.png,outputs/frame_checks/test_new_architecture_state/q041/q041_t0024.50_det01_sam_mask.png,outputs/frame_checks/test_new_architecture_state/q041/q041_t0024.50_det01_masked_crop.png,outputs/frame_checks/test_new_architecture_state/q041/q041_t0024.50_det01_debug.png
test_new_architecture_state,q040,video_05,25.500,765,1,4,a person is inside the store,a person inside the store,a person inside the store,0.45107200741767883,"169.8,69.0,190.5,138.9","169.0,71.0,189.0,142.0",756,0.10084839165210724,0.09014734625816345,,,0.5629920959472656,0.43313330014546714,0.06870035533240174,outputs/frame_checks/test_new_architecture_state/q040/q040_t0025.50_det01_context.png,outputs/frame_checks/test_new_architecture_state/q040/q040_t0025.50_det01_bbox_crop.png,outputs/frame_checks/test_new_architecture_state/q040/q040_t0025.50_det01_sam_mask.png,outputs/frame_checks/test_new_architecture_state/q040/q040_t0025.50_det01_masked_crop.png,outputs/frame_checks/test_new_architecture_state/q040/q040_t0025.50_det01_debug.png
test_new_architecture_state,q041,video_05,32.500,975,1,1,the door is closed,the door,the door,0.41239041090011597,"1.4,2.1,317.5,237.8","0.0,0.0,319.0,210.0",14484,0.06420508027076721,0.09908637404441833,,,0.4983622312545776,0.4999491592248281,0.00034115229631582756,outputs/frame_checks/test_new_architecture_state/q041/q041_t0032.50_det01_context.png,outputs/frame_checks/test_new_architecture_state/q041/q041_t0032.50_det01_bbox_crop.png,outputs/frame_checks/test_new_architecture_state/q041/q041_t0032.50_det01_sam_mask.png,outputs/frame_checks/test_new_architecture_state/q041/q041_t0032.50_det01_masked_crop.png,outputs/frame_checks/test_new_architecture_state/q041/q041_t0032.50_det01_debug.png
test_new_architecture_state,q041,video_05,33.000,990,1,1,the door is closed,the door,the door,0.4124956429004669,"1.4,2.3,317.6,237.8","0.0,0.0,319.0,182.0",13946,0.059497106820344925,0.0971083790063858,,,0.4983995407819748,0.500044909119606,0.00020552414149756953,outputs/frame_checks/test_new_architecture_state/q041/q041_t0033.00_det01_context.png,outputs/frame_checks/test_new_architecture_state/q041/q041_t0033.00_det01_bbox_crop.png,outputs/frame_checks/test_new_architecture_state/q041/q041_t0033.00_det01_sam_mask.png,outputs/frame_checks/test_new_architecture_state/q041/q041_t0033.00_det01_masked_crop.png,outputs/frame_checks/test_new_architecture_state/q041/q041_t0033.00_det01_debug.png
test_new_architecture_state,q042,video_05,34.500,1035,1,1,a white pickup truck is parked in the background,a white pickup truck in the background,a white pickup truck in the background,0.7799661755561829,"32.3,40.1,81.3,63.0","34.0,42.0,80.0,63.0",670,0.06521227955818176,0.08403732627630234,white,0.408955223880597,0.17757233381271362,0.21480434735616047,0.0013791183940312518,outputs/frame_checks/test_new_architecture_state/q042/q042_t0034.50_det01_context.png,outputs/frame_checks/test_new_architecture_state/q042/q042_t0034.50_det01_bbox_crop.png,outputs/frame_checks/test_new_architecture_state/q042/q042_t0034.50_det01_sam_mask.png,outputs/frame_checks/test_new_architecture_state/q042/q042_t0034.50_det01_masked_crop.png,outputs/frame_checks/test_new_architecture_state/q042/q042_t0034.50_det01_debug.png
test_new_architecture_state,q040,video_05,39.500,1185,1,5,a person is inside the store,a person inside the store,a person inside the store,0.5378100872039795,"64.3,127.2,139.7,238.4","67.0,129.0,139.0,240.0",4793,0.1401115357875824,0.095890574157238,,,0.3187864422798157,0.7615626335144043,0.3281823340097842,outputs/frame_checks/test_new_architecture_state/q040/q040_t0039.50_det01_context.png,outputs/frame_checks/test_new_architecture_state/q040/q040_t0039.50_det01_bbox_crop.png,outputs/frame_checks/test_new_architecture_state/q040/q040_t0039.50_det01_sam_mask.png,outputs/frame_checks/test_new_architecture_state/q040/q040_t0039.50_det01_masked_crop.png,outputs/frame_checks/test_new_architecture_state/q040/q040_t0039.50_det01_debug.png
test_new_architecture_state,q040,video_05,40.000,1200,1,6,a person is inside the store,a person inside the store,a person inside the store,0.3658682703971863,"208.7,74.5,245.3,129.8","210.0,78.0,243.0,129.0",888,0.11910679936408997,0.03770938515663147,,,0.7093000411987305,0.4255139986673991,,outputs/frame_checks/test_new_architecture_state/q040/q040_t0040.00_det01_context.png,outputs/frame_checks/test_new_architecture_state/q040/q040_t0040.00_det01_bbox_crop.png,outputs/frame_checks/test_new_architecture_state/q040/q040_t0040.00_det01_sam_mask.png,outputs/frame_checks/test_new_architecture_state/q040/q040_t0040.00_det01_masked_crop.png,outputs/frame_checks/test_new_architecture_state/q040/q040_t0040.00_det01_debug.png
test_new_architecture_state,q040,video_05,41.500,1245,1,6,a person is inside the store,a person inside the store,a person inside the store,0.4253796339035034,"222.5,85.1,255.7,132.5","224.0,89.0,253.0,132.0",791,0.10298758000135422,0.004129573702812195,,,0.7470896244049072,0.453494930267334,0.053493897429400104,outputs/frame_checks/test_new_architecture_state/q040/q040_t0041.50_det01_context.png,outputs/frame_checks/test_new_architecture_state/q040/q040_t0041.50_det01_bbox_crop.png,outputs/frame_checks/test_new_architecture_state/q040/q040_t0041.50_det01_sam_mask.png,outputs/frame_checks/test_new_architecture_state/q040/q040_t0041.50_det01_masked_crop.png,outputs/frame_checks/test_new_architecture_state/q040/q040_t0041.50_det01_debug.png
test_new_architecture_state,q042,video_05,52.000,1560,1,1,a white pickup truck is parked in the background,a white pickup truck in the background,a white pickup truck in the background,0.749789834022522,"32.4,39.2,81.5,63.4","34.0,40.0,80.0,63.0",691,0.09883184731006622,0.07972235977649689,white,0.5296671490593343,0.17799665927886962,0.21368621190388998,0.0008830761673858944,outputs/frame_checks/test_new_architecture_state/q042/q042_t0052.00_det01_context.png,outputs/frame_checks/test_new_architecture_state/q042/q042_t0052.00_det01_bbox_crop.png,outputs/frame_checks/test_new_architecture_state/q042/q042_t0052.00_det01_sam_mask.png,outputs/frame_checks/test_new_architecture_state/q042/q042_t0052.00_det01_masked_crop.png,outputs/frame_checks/test_new_architecture_state/q042/q042_t0052.00_det01_debug.png
test_new_architecture_state,q040,video_05,52.500,1575,1,7,a person is inside the store,a person inside the store,a person inside the store,0.40514233708381653,"80.8,70.7,114.7,138.2","83.0,73.0,113.0,136.0",973,0.11959382891654968,0.07359305024147034,,,0.30546643733978274,0.43521196047465005,,outputs/frame_checks/test_new_architecture_state/q040/q040_t0052.50_det01_context.png,outputs/frame_checks/test_new_architecture_state/q040/q040_t0052.50_det01_bbox_crop.png,outputs/frame_checks/test_new_architecture_state/q040/q040_t0052.50_det01_sam_mask.png,outputs/frame_checks/test_new_architecture_state/q040/q040_t0052.50_det01_masked_crop.png,outputs/frame_checks/test_new_architecture_state/q040/q040_t0052.50_det01_debug.png
test_new_architecture_state,q041,video_05,52.500,1575,1,1,the door is closed,the door,the door,0.3948163688182831,"1.4,2.5,317.5,238.1","0.0,0.0,319.0,180.0",13392,0.04600822553038597,0.09205194562673569,,,0.4983233422040939,0.5012332687775294,0.002907475387866625,outputs/frame_checks/test_new_architecture_state/q041/q041_t0052.50_det01_context.png,outputs/frame_checks/test_new_architecture_state/q041/q041_t0052.50_det01_bbox_crop.png,outputs/frame_checks/test_new_architecture_state/q041/q041_t0052.50_det01_sam_mask.png,outputs/frame_checks/test_new_architecture_state/q041/q041_t0052.50_det01_masked_crop.png,outputs/frame_checks/test_new_architecture_state/q041/q041_t0052.50_det01_debug.png
test_new_architecture_state,q042,video_05,52.500,1575,1,1,a white pickup truck is parked in the background,a white pickup truck in the background,a white pickup truck in the background,0.813663899898529,"32.3,39.8,81.6,63.4","34.0,41.0,80.0,63.0",685,0.09139607101678848,0.0849672183394432,white,0.47737226277372263,0.17802547216415404,0.2150144894917806,0.0026571801089507806,outputs/frame_checks/test_new_architecture_state/q042/q042_t0052.50_det01_context.png,outputs/frame_checks/test_new_architecture_state/q042/q042_t0052.50_det01_bbox_crop.png,outputs/frame_checks/test_new_architecture_state/q042/q042_t0052.50_det01_sam_mask.png,outputs/frame_checks/test_new_architecture_state/q042/q042_t0052.50_det01_masked_crop.png,outputs/frame_checks/test_new_architecture_state/q042/q042_t0052.50_det01_debug.png
test_new_architecture_state,q040,video_05,53.500,1605,1,8,a person is inside the store,a person inside the store,a person inside the store,0.6360834240913391,"196.0,99.5,270.2,237.9","197.0,100.0,268.0,240.0",3969,0.1329459846019745,0.09176377207040787,,,0.7285187005996704,0.7027996222178141,0.04065135520541145,outputs/frame_checks/test_new_architecture_state/q040/q040_t0053.50_det01_context.png,outputs/frame_checks/test_new_architecture_state/q040/q040_t0053.50_det01_bbox_crop.png,outputs/frame_checks/test_new_architecture_state/q040/q040_t0053.50_det01_sam_mask.png,outputs/frame_checks/test_new_architecture_state/q040/q040_t0053.50_det01_masked_crop.png,outputs/frame_checks/test_new_architecture_state/q040/q040_t0053.50_det01_debug.png
test_new_architecture_state,q040,video_05,54.500,1635,1,8,a person is inside the store,a person inside the store,a person inside the store,0.5943577885627747,"197.9,100.4,270.2,237.5","199.0,102.0,268.0,240.0",3912,0.14728528261184692,0.09957032650709152,,,0.7313385725021362,0.7040155092875163,0.03256613869692462,outputs/frame_checks/test_new_architecture_state/q040/q040_t0054.50_det01_context.png,outputs/frame_checks/test_new_architecture_state/q040/q040_t0054.50_det01_bbox_crop.png,outputs/frame_checks/test_new_architecture_state/q040/q040_t0054.50_det01_sam_mask.png,outputs/frame_checks/test_new_architecture_state/q040/q040_t0054.50_det01_masked_crop.png,outputs/frame_checks/test_new_architecture_state/q040/q040_t0054.50_det01_debug.png
test_new_architecture_state,q041,video_05,55.000,1650,1,1,the door is closed,the door,the door,0.39353007078170776,"1.2,1.9,318.1,237.4","0.0,0.0,319.0,217.0",12769,0.04125981777906418,0.0955185741186142,,,0.49890064895153047,0.49869093497594197,0.004358692522787677,outputs/frame_checks/test_new_architecture_state/q041/q041_t0055.00_det01_context.png,outputs/frame_checks/test_new_architecture_state/q041/q041_t0055.00_det01_bbox_crop.png,outputs/frame_checks/test_new_architecture_state/q041/q041_t0055.00_det01_sam_mask.png,outputs/frame_checks/test_new_architecture_state/q041/q041_t0055.00_det01_masked_crop.png,outputs/frame_checks/test_new_architecture_state/q041/q041_t0055.00_det01_debug.png
test_new_architecture_state,q040,video_05,55.500,1665,1,8,a person is inside the store,a person inside the store,a person inside the store,0.740330159664154,"227.7,95.2,270.8,192.7","230.0,96.0,269.0,193.0",2550,0.1398005485534668,0.09185776114463806,,,0.7787989139556885,0.5998068491617838,0.05806735120931269,outputs/frame_checks/test_new_architecture_state/q040/q040_t0055.50_det01_context.png,outputs/frame_checks/test_new_architecture_state/q040/q040_t0055.50_det01_bbox_crop.png,outputs/frame_checks/test_new_architecture_state/q040/q040_t0055.50_det01_sam_mask.png,outputs/frame_checks/test_new_architecture_state/q040/q040_t0055.50_det01_masked_crop.png,outputs/frame_checks/test_new_architecture_state/q040/q040_t0055.50_det01_debug.png
test_new_architecture_state,q041,video_05,56.000,1680,1,1,the door is closed,the door,the door,0.42971599102020264,"182.6,39.9,214.1,182.2","184.0,42.0,213.0,182.0",2813,0.10798745602369308,0.05228220671415329,,,0.6197746515274047,0.4625579833984375,0.2542283416769711,outputs/frame_checks/test_new_architecture_state/q041/q041_t0056.00_det01_context.png,outputs/frame_checks/test_new_architecture_state/q041/q041_t0056.00_det01_bbox_crop.png,outputs/frame_checks/test_new_architecture_state/q041/q041_t0056.00_det01_sam_mask.png,outputs/frame_checks/test_new_architecture_state/q041/q041_t0056.00_det01_masked_crop.png,outputs/frame_checks/test_new_architecture_state/q041/q041_t0056.00_det01_debug.png
test_new_architecture_state,q042,video_05,56.500,1695,1,1,a white pickup truck is parked in the background,a white pickup truck in the background,a white pickup truck in the background,0.47744807600975037,"33.0,38.8,81.7,59.8","34.0,41.0,80.0,59.0",531,0.07699039578437805,0.03649633750319481,white,0.6271186440677966,0.17918931245803832,0.2054081360499064,0.012277313173519216,outputs/frame_checks/test_new_architecture_state/q042/q042_t0056.50_det01_context.png,outputs/frame_checks/test_new_architecture_state/q042/q042_t0056.50_det01_bbox_crop.png,outputs/frame_checks/test_new_architecture_state/q042/q042_t0056.50_det01_sam_mask.png,outputs/frame_checks/test_new_architecture_state/q042/q042_t0056.50_det01_masked_crop.png,outputs/frame_checks/test_new_architecture_state/q042/q042_t0056.50_det01_debug.png
test_new_architecture_state,q041,video_05,57.000,1710,1,1,the door is closed,the door,the door,0.43058550357818604,"183.2,42.8,210.7,172.4","184.0,43.0,211.0,171.0",2162,0.11361318081617355,0.04508434608578682,,,0.6154849529266357,0.4481740315755208,0.25516618548573855,outputs/frame_checks/test_new_architecture_state/q041/q041_t0057.00_det01_context.png,outputs/frame_checks/test_new_architecture_state/q041/q041_t0057.00_det01_bbox_crop.png,outputs/frame_checks/test_new_architecture_state/q041/q041_t0057.00_det01_sam_mask.png,outputs/frame_checks/test_new_architecture_state/q041/q041_t0057.00_det01_masked_crop.png,outputs/frame_checks/test_new_architecture_state/q041/q041_t0057.00_det01_debug.png
test_new_architecture_state,q042,video_05,58.500,1755,1,1,a white pickup truck is parked in the background,a white pickup truck in the background,a white pickup truck in the background,0.8490733504295349,"32.1,39.2,81.7,62.7","34.0,41.0,80.0,63.0",674,0.08259269595146179,0.08790454268455505,white,0.4599406528189911,0.17774131894111633,0.21233547528584798,0.0007747594853371857,outputs/frame_checks/test_new_architecture_state/q042/q042_t0058.50_det01_context.png,outputs/frame_checks/test_new_architecture_state/q042/q042_t0058.50_det01_bbox_crop.png,outputs/frame_checks/test_new_architecture_state/q042/q042_t0058.50_det01_sam_mask.png,outputs/frame_checks/test_new_architecture_state/q042/q042_t0058.50_det01_masked_crop.png,outputs/frame_checks/test_new_architecture_state/q042/q042_t0058.50_det01_debug.png
test_new_architecture_state,q040,video_05,59.500,1785,1,10,a person is inside the store,a person inside the store,a person inside the store,0.8497978448867798,"193.5,82.6,248.5,217.1","195.0,84.0,247.0,216.0",3256,0.13787123560905457,0.07865647971630096,,,0.6905785322189331,0.6242103576660156,0.2238576115497939,outputs/frame_checks/test_new_architecture_state/q040/q040_t0059.50_det01_context.png,outputs/frame_checks/test_new_architecture_state/q040/q040_t0059.50_det01_bbox_crop.png,outputs/frame_checks/test_new_architecture_state/q040/q040_t0059.50_det01_sam_mask.png,outputs/frame_checks/test_new_architecture_state/q040/q040_t0059.50_det01_masked_crop.png,outputs/frame_checks/test_new_architecture_state/q040/q040_t0059.50_det01_debug.png
test_new_architecture_state,q042,video_05,59.500,1785,1,1,a white pickup truck is parked in the background,a white pickup truck in the background,a white pickup truck in the background,0.8660638928413391,"32.2,39.2,81.4,62.7","34.0,41.0,80.0,63.0",675,0.08097413182258606,0.08560602366924286,white,0.4414814814814815,0.17763611078262329,0.21237106323242189,0.00028755532307219177,outputs/frame_checks/test_new_architecture_state/q042/q042_t0059.50_det01_context.png,outputs/frame_checks/test_new_architecture_state/q042/q042_t0059.50_det01_bbox_crop.png,outputs/frame_checks/test_new_architecture_state/q042/q042_t0059.50_det01_sam_mask.png,outputs/frame_checks/test_new_architecture_state/q042/q042_t0059.50_det01_masked_crop.png,outputs/frame_checks/test_new_architecture_state/q042/q042_t0059.50_det01_debug.png
test_new_architecture_state,q042,video_05,60.500,1815,1,1,a white pickup truck is parked in the background,a white pickup truck in the background,a white pickup truck in the background,0.8685612678527832,"32.3,39.2,81.5,62.6","34.0,41.0,80.0,63.0",673,0.0895155668258667,0.08784160017967224,white,0.4442793462109955,0.17787314653396608,0.21202277342478434,0.0005190768458830804,outputs/frame_checks/test_new_architecture_state/q042/q042_t0060.50_det01_context.png,outputs/frame_checks/test_new_architecture_state/q042/q042_t0060.50_det01_bbox_crop.png,outputs/frame_checks/test_new_architecture_state/q042/q042_t0060.50_det01_sam_mask.png,outputs/frame_checks/test_new_architecture_state/q042/q042_t0060.50_det01_masked_crop.png,outputs/frame_checks/test_new_architecture_state/q042/q042_t0060.50_det01_debug.png
test_new_architecture_state,q040,video_05,61.000,1830,1,10,a person is inside the store,a person inside the store,a person inside the store,0.8535428643226624,"191.9,93.9,237.6,231.6","194.0,96.0,236.0,232.0",2871,0.13507512211799622,0.08925928920507431,,,0.6710731506347656,0.6780668894449869,0.008792102638602937,outputs/frame_checks/test_new_architecture_state/q040/q040_t0061.00_det01_context.png,outputs/frame_checks/test_new_architecture_state/q040/q040_t0061.00_det01_bbox_crop.png,outputs/frame_checks/test_new_architecture_state/q040/q040_t0061.00_det01_sam_mask.png,outputs/frame_checks/test_new_architecture_state/q040/q040_t0061.00_det01_masked_crop.png,outputs/frame_checks/test_new_architecture_state/q040/q040_t0061.00_det01_debug.png
test_new_architecture_state,q041,video_05,62.500,1875,1,1,the door is closed,the door,the door,0.44494175910949707,"182.8,41.4,213.4,181.5","183.0,43.0,213.0,182.0",2783,0.09493573009967804,0.04432754963636398,,,0.6190288066864014,0.46434431076049804,0.2529663775285218,outputs/frame_checks/test_new_architecture_state/q041/q041_t0062.50_det01_context.png,outputs/frame_checks/test_new_architecture_state/q041/q041_t0062.50_det01_bbox_crop.png,outputs/frame_checks/test_new_architecture_state/q041/q041_t0062.50_det01_sam_mask.png,outputs/frame_checks/test_new_architecture_state/q041/q041_t0062.50_det01_masked_crop.png,outputs/frame_checks/test_new_architecture_state/q041/q041_t0062.50_det01_debug.png
test_new_architecture_state,q041,video_05,77.000,2310,1,1,the door is closed,the door,the door,0.4703238606452942,"132.4,38.8,193.7,156.5","135.0,41.0,191.0,157.0",3510,0.06760244816541672,0.06379468739032745,,,0.5093926668167115,0.4070443153381348,0.006257806148979931,outputs/frame_checks/test_new_architecture_state/q041/q041_t0077.00_det01_context.png,outputs/frame_checks/test_new_architecture_state/q041/q041_t0077.00_det01_bbox_crop.png,outputs/frame_checks/test_new_architecture_state/q041/q041_t0077.00_det01_sam_mask.png,outputs/frame_checks/test_new_architecture_state/q041/q041_t0077.00_det01_masked_crop.png,outputs/frame_checks/test_new_architecture_state/q041/q041_t0077.00_det01_debug.png
test_new_architecture_state,q042,video_05,84.500,2535,1,1,a white pickup truck is parked in the background,a white pickup truck in the background,a white pickup truck in the background,0.7696601748466492,"61.1,38.3,111.1,60.3","62.0,39.0,113.0,60.0",828,0.07566341757774353,0.1003229171037674,white,0.5785024154589372,0.26902616024017334,0.20536059538523357,0.022662659650835335,outputs/frame_checks/test_new_architecture_state/q042/q042_t0084.50_det01_context.png,outputs/frame_checks/test_new_architecture_state/q042/q042_t0084.50_det01_bbox_crop.png,outputs/frame_checks/test_new_architecture_state/q042/q042_t0084.50_det01_sam_mask.png,outputs/frame_checks/test_new_architecture_state/q042/q042_t0084.50_det01_masked_crop.png,outputs/frame_checks/test_new_architecture_state/q042/q042_t0084.50_det01_debug.png
test_new_architecture_state,q040,video_05,85.500,2565,1,19,a person is inside the store,a person inside the store,a person inside the store,0.4811292588710785,"143.2,72.5,199.7,203.4","145.0,74.0,199.0,202.0",3314,0.11412183940410614,0.10331759601831436,,,0.535859203338623,0.5747250239054362,0.11168498367755741,outputs/frame_checks/test_new_architecture_state/q040/q040_t0085.50_det01_context.png,outputs/frame_checks/test_new_architecture_state/q040/q040_t0085.50_det01_bbox_crop.png,outputs/frame_checks/test_new_architecture_state/q040/q040_t0085.50_det01_sam_mask.png,outputs/frame_checks/test_new_architecture_state/q040/q040_t0085.50_det01_masked_crop.png,outputs/frame_checks/test_new_architecture_state/q040/q040_t0085.50_det01_debug.png
test_new_architecture_state,q042,video_05,95.000,2850,1,1,a white pickup truck is parked in the background,a white pickup truck in the background,a white pickup truck in the background,0.38346239924430847,"67.0,34.1,95.6,47.2","68.0,35.0,95.0,47.0",237,0.06314346939325333,0.014364282600581646,white,0.4472573839662447,0.25407800674438474,0.16932976245880127,0.022871639463468547,outputs/frame_checks/test_new_architecture_state/q042/q042_t0095.00_det01_context.png,outputs/frame_checks/test_new_architecture_state/q042/q042_t0095.00_det01_bbox_crop.png,outputs/frame_checks/test_new_architecture_state/q042/q042_t0095.00_det01_sam_mask.png,outputs/frame_checks/test_new_architecture_state/q042/q042_t0095.00_det01_masked_crop.png,outputs/frame_checks/test_new_architecture_state/q042/q042_t0095.00_det01_debug.png
test_new_architecture_state,q041,video_05,105.000,3150,1,1,the door is closed,the door,the door,0.3918144106864929,"1.4,2.3,317.5,238.1","0.0,0.0,318.0,168.0",16573,0.054823148995637894,0.09065110981464386,,,0.49817646443843844,0.5009925981362661,0.000902825474557339,outputs/frame_checks/test_new_architecture_state/q041/q041_t0105.00_det01_context.png,outputs/frame_checks/test_new_architecture_state/q041/q041_t0105.00_det01_bbox_crop.png,outputs/frame_checks/test_new_architecture_state/q041/q041_t0105.00_det01_sam_mask.png,outputs/frame_checks/test_new_architecture_state/q041/q041_t0105.00_det01_masked_crop.png,outputs/frame_checks/test_new_architecture_state/q041/q041_t0105.00_det01_debug.png
test_new_architecture_state,q049,video_06,0.000,0,1,1,a black pickup truck is parked in the background,a black pickup truck in the background,a black pickup truck in the background,0.5464428663253784,"186.4,10.0,207.3,30.6","188.0,10.0,207.0,30.0",335,0.05428007245063782,0.03214307874441147,black,0.0,0.6151338338851928,0.08451354503631592,,outputs/frame_checks/test_new_architecture_state/q049/q049_t0000.00_det01_context.png,outputs/frame_checks/test_new_architecture_state/q049/q049_t0000.00_det01_bbox_crop.png,outputs/frame_checks/test_new_architecture_state/q049/q049_t0000.00_det01_sam_mask.png,outputs/frame_checks/test_new_architecture_state/q049/q049_t0000.00_det01_masked_crop.png,outputs/frame_checks/test_new_architecture_state/q049/q049_t0000.00_det01_debug.png
test_new_architecture_state,q049,video_06,0.500,15,1,1,a black pickup truck is parked in the background,a black pickup truck in the background,a black pickup truck in the background,0.5546486973762512,"186.1,10.0,207.3,30.5","187.0,10.0,207.0,30.0",347,0.053831521421670914,0.02211158536374569,black,0.0,0.6148285865783691,0.08425849477450052,0.0007955540317922229,outputs/frame_checks/test_new_architecture_state/q049/q049_t0000.50_det01_context.png,outputs/frame_checks/test_new_architecture_state/q049/q049_t0000.50_det01_bbox_crop.png,outputs/frame_checks/test_new_architecture_state/q049/q049_t0000.50_det01_sam_mask.png,outputs/frame_checks/test_new_architecture_state/q049/q049_t0000.50_det01_masked_crop.png,outputs/frame_checks/test_new_architecture_state/q049/q049_t0000.50_det01_debug.png
test_new_architecture_state,q051,video_06,0.500,15,1,1,a person is standing with a phone to their ear,a person with a phone to their ear,a person with a phone to their ear,0.2561782896518707,"186.9,11.3,195.8,29.8","188.0,12.0,196.0,30.0",111,0.03051290661096573,0.033720530569553375,,,0.5979616641998291,0.0857651968797048,,outputs/frame_checks/test_new_architecture_state/q051/q051_t0000.50_det01_context.png,outputs/frame_checks/test_new_architecture_state/q051/q051_t0000.50_det01_bbox_crop.png,outputs/frame_checks/test_new_architecture_state/q051/q051_t0000.50_det01_sam_mask.png,outputs/frame_checks/test_new_architecture_state/q051/q051_t0000.50_det01_masked_crop.png,outputs/frame_checks/test_new_architecture_state/q051/q051_t0000.50_det01_debug.png
test_new_architecture_state,q049,video_06,1.000,30,1,1,a black pickup truck is parked in the background,a black pickup truck in the background,a black pickup truck in the background,0.5717216730117798,"186.2,10.4,207.1,30.6","187.0,10.0,207.0,30.0",347,0.03968731313943863,0.020758291706442833,black,0.0,0.6146502494812012,0.08532867034276327,0.002169866232865791,outputs/frame_checks/test_new_architecture_state/q049/q049_t0001.00_det01_context.png,outputs/frame_checks/test_new_architecture_state/q049/q049_t0001.00_det01_bbox_crop.png,outputs/frame_checks/test_new_architecture_state/q049/q049_t0001.00_det01_sam_mask.png,outputs/frame_checks/test_new_architecture_state/q049/q049_t0001.00_det01_masked_crop.png,outputs/frame_checks/test_new_architecture_state/q049/q049_t0001.00_det01_debug.png
test_new_architecture_state,q051,video_06,1.000,30,1,2,a person is standing with a phone to their ear,a person with a phone to their ear,a person with a phone to their ear,0.27791762351989746,"-0.1,57.5,5.2,85.1","0.0,62.0,5.0,85.0",49,0.03806283697485924,0.04169842600822449,,,0.00804087072610855,0.297115683555603,,outputs/frame_checks/test_new_architecture_state/q051/q051_t0001.00_det01_context.png,outputs/frame_checks/test_new_architecture_state/q051/q051_t0001.00_det01_bbox_crop.png,outputs/frame_checks/test_new_architecture_state/q051/q051_t0001.00_det01_sam_mask.png,outputs/frame_checks/test_new_architecture_state/q051/q051_t0001.00_det01_masked_crop.png,outputs/frame_checks/test_new_architecture_state/q051/q051_t0001.00_det01_debug.png
test_new_architecture_state,q051,video_06,1.500,45,1,2,a person is standing with a phone to their ear,a person with a phone to their ear,a person with a phone to their ear,0.30472174286842346,"0.0,65.7,15.0,84.4","0.0,67.0,14.0,84.0",127,0.05883430689573288,0.05696195363998413,,,0.023465533554553986,0.3126533349355062,0.043787616229917455,outputs/frame_checks/test_new_architecture_state/q051/q051_t0001.50_det01_context.png,outputs/frame_checks/test_new_architecture_state/q051/q051_t0001.50_det01_bbox_crop.png,outputs/frame_checks/test_new_architecture_state/q051/q051_t0001.50_det01_sam_mask.png,outputs/frame_checks/test_new_architecture_state/q051/q051_t0001.50_det01_masked_crop.png,outputs/frame_checks/test_new_architecture_state/q051/q051_t0001.50_det01_debug.png
test_new_architecture_state,q049,video_06,2.000,60,1,1,a black pickup truck is parked in the background,a black pickup truck in the background,a black pickup truck in the background,0.6560149788856506,"186.1,10.6,207.2,30.3","187.0,10.0,207.0,30.0",345,0.04227588325738907,0.018328815698623657,black,0.0,0.6145318746566772,0.08534037073453267,0.0001668266029940858,outputs/frame_checks/test_new_architecture_state/q049/q049_t0002.00_det01_context.png,outputs/frame_checks/test_new_architecture_state/q049/q049_t0002.00_det01_bbox_crop.png,outputs/frame_checks/test_new_architecture_state/q049/q049_t0002.00_det01_sam_mask.png,outputs/frame_checks/test_new_architecture_state/q049/q049_t0002.00_det01_masked_crop.png,outputs/frame_checks/test_new_architecture_state/q049/q049_t0002.00_det01_debug.png
test_new_architecture_state,q051,video_06,2.000,60,1,2,a person is standing with a phone to their ear,a person with a phone to their ear,a person with a phone to their ear,0.3666825294494629,"5.8,51.5,22.1,82.6","7.0,53.0,20.0,82.0",178,0.06136981397867203,0.06250107288360596,,,0.04361882209777832,0.27926495869954426,0.07799842836315624,outputs/frame_checks/test_new_architecture_state/q051/q051_t0002.00_det01_context.png,outputs/frame_checks/test_new_architecture_state/q051/q051_t0002.00_det01_bbox_crop.png,outputs/frame_checks/test_new_architecture_state/q051/q051_t0002.00_det01_sam_mask.png,outputs/frame_checks/test_new_architecture_state/q051/q051_t0002.00_det01_masked_crop.png,outputs/frame_checks/test_new_architecture_state/q051/q051_t0002.00_det01_debug.png
test_new_architecture_state,q051,video_06,2.500,75,1,2,a person is standing with a phone to their ear,a person with a phone to their ear,a person with a phone to their ear,0.3728233873844147,"12.4,48.2,32.7,81.8","15.0,49.0,31.0,81.0",246,0.05664068087935448,0.04818935692310333,,,0.07042539119720459,0.2707403024037679,0.056258756184026495,outputs/frame_checks/test_new_architecture_state/q051/q051_t0002.50_det01_context.png,outputs/frame_checks/test_new_architecture_state/q051/q051_t0002.50_det01_bbox_crop.png,outputs/frame_checks/test_new_architecture_state/q051/q051_t0002.50_det01_sam_mask.png,outputs/frame_checks/test_new_architecture_state/q051/q051_t0002.50_det01_masked_crop.png,outputs/frame_checks/test_new_architecture_state/q051/q051_t0002.50_det01_debug.png
test_new_architecture_state,q049,video_06,3.000,90,1,1,a black pickup truck is parked in the background,a black pickup truck in the background,a black pickup truck in the background,0.7353816032409668,"186.0,10.2,207.2,30.2","187.0,10.0,207.0,30.0",341,0.03910267725586891,0.02531183511018753,black,0.0,0.6143747568130493,0.08409801522890727,0.002006508405004952,outputs/frame_checks/test_new_architecture_state/q049/q049_t0003.00_det01_context.png,outputs/frame_checks/test_new_architecture_state/q049/q049_t0003.00_det01_bbox_crop.png,outputs/frame_checks/test_new_architecture_state/q049/q049_t0003.00_det01_sam_mask.png,outputs/frame_checks/test_new_architecture_state/q049/q049_t0003.00_det01_masked_crop.png,outputs/frame_checks/test_new_architecture_state/q049/q049_t0003.00_det01_debug.png
test_new_architecture_state,q051,video_06,3.000,90,1,2,a person is standing with a phone to their ear,a person with a phone to their ear,a person with a phone to their ear,0.39483705163002014,"19.3,43.7,37.2,80.5","21.0,45.0,35.0,80.0",236,0.04835287481546402,0.041273750364780426,,,0.08818730115890502,0.25857659975687664,0.04305536470961743,outputs/frame_checks/test_new_architecture_state/q051/q051_t0003.00_det01_context.png,outputs/frame_checks/test_new_architecture_state/q051/q051_t0003.00_det01_bbox_crop.png,outputs/frame_checks/test_new_architecture_state/q051/q051_t0003.00_det01_sam_mask.png,outputs/frame_checks/test_new_architecture_state/q051/q051_t0003.00_det01_masked_crop.png,outputs/frame_checks/test_new_architecture_state/q051/q051_t0003.00_det01_debug.png
test_new_architecture_state,q051,video_06,3.500,105,1,2,a person is standing with a phone to their ear,a person with a phone to their ear,a person with a phone to their ear,0.3917163014411926,"26.9,42.8,45.7,79.5","28.0,44.0,44.0,79.0",297,0.05095897987484932,0.023824363946914673,,,0.11355907320976258,0.25468648274739586,0.05133652997030977,outputs/frame_checks/test_new_architecture_state/q051/q051_t0003.50_det01_context.png,outputs/frame_checks/test_new_architecture_state/q051/q051_t0003.50_det01_bbox_crop.png,outputs/frame_checks/test_new_architecture_state/q051/q051_t0003.50_det01_sam_mask.png,outputs/frame_checks/test_new_architecture_state/q051/q051_t0003.50_det01_masked_crop.png,outputs/frame_checks/test_new_architecture_state/q051/q051_t0003.50_det01_debug.png
test_new_architecture_state,q051,video_06,4.000,120,1,2,a person is standing with a phone to their ear,a person with a phone to their ear,a person with a phone to their ear,0.4015860855579376,"39.0,39.0,54.9,77.9","40.0,40.0,52.0,77.0",302,0.0501851886510849,0.06408858299255371,,,0.14669358730316162,0.24336272875467937,0.07003209060689884,outputs/frame_checks/test_new_architecture_state/q051/q051_t0004.00_det01_context.png,outputs/frame_checks/test_new_architecture_state/q051/q051_t0004.00_det01_bbox_crop.png,outputs/frame_checks/test_new_architecture_state/q051/q051_t0004.00_det01_sam_mask.png,outputs/frame_checks/test_new_architecture_state/q051/q051_t0004.00_det01_masked_crop.png,outputs/frame_checks/test_new_architecture_state/q051/q051_t0004.00_det01_debug.png
test_new_architecture_state,q051,video_06,4.500,135,1,2,a person is standing with a phone to their ear,a person with a phone to their ear,a person with a phone to their ear,0.3992432653903961,"48.4,38.4,67.3,77.0","50.0,40.0,66.0,76.0",303,0.05693676322698593,0.02829160913825035,,,0.18066718578338622,0.24060109456380208,0.06817131411670871,outputs/frame_checks/test_new_architecture_state/q051/q051_t0004.50_det01_context.png,outputs/frame_checks/test_new_architecture_state/q051/q051_t0004.50_det01_bbox_crop.png,outputs/frame_checks/test_new_architecture_state/q051/q051_t0004.50_det01_sam_mask.png,outputs/frame_checks/test_new_architecture_state/q051/q051_t0004.50_det01_masked_crop.png,outputs/frame_checks/test_new_architecture_state/q051/q051_t0004.50_det01_debug.png
test_new_architecture_state,q050,video_06,5.000,150,1,1,a person is standing with a phone in their hand,a person with a phone in their hand,a person with a phone in their hand,0.25557026267051697,"74.3,50.8,79.7,57.5","75.0,51.0,80.0,58.0",25,0.07603076100349426,0.06839018315076828,,,0.24052248001098633,0.22565011183420816,,outputs/frame_checks/test_new_architecture_state/q050/q050_t0005.00_det01_context.png,outputs/frame_checks/test_new_architecture_state/q050/q050_t0005.00_det01_bbox_crop.png,outputs/frame_checks/test_new_architecture_state/q050/q050_t0005.00_det01_sam_mask.png,outputs/frame_checks/test_new_architecture_state/q050/q050_t0005.00_det01_masked_crop.png,outputs/frame_checks/test_new_architecture_state/q050/q050_t0005.00_det01_debug.png
test_new_architecture_state,q051,video_06,5.500,165,1,2,a person is standing with a phone to their ear,a person with a phone to their ear,a person with a phone to their ear,0.39825668931007385,"74.3,33.0,97.9,75.1","76.0,35.0,97.0,74.0",392,0.08159630000591278,0.0505179688334465,,,0.26905930042266846,0.22518587112426758,0.08331679337573442,outputs/frame_checks/test_new_architecture_state/q051/q051_t0005.50_det01_context.png,outputs/frame_checks/test_new_architecture_state/q051/q051_t0005.50_det01_bbox_crop.png,outputs/frame_checks/test_new_architecture_state/q051/q051_t0005.50_det01_sam_mask.png,outputs/frame_checks/test_new_architecture_state/q051/q051_t0005.50_det01_masked_crop.png,outputs/frame_checks/test_new_architecture_state/q051/q051_t0005.50_det01_debug.png
test_new_architecture_state,q049,video_06,6.000,180,1,1,a black pickup truck is parked in the background,a black pickup truck in the background,a black pickup truck in the background,0.6439529061317444,"185.8,10.3,207.2,30.3","187.0,10.0,207.0,30.0",328,0.044072896242141724,0.03548611328005791,black,0.0,0.6140962839126587,0.08455162048339844,0.0008492159898867235,outputs/frame_checks/test_new_architecture_state/q049/q049_t0006.00_det01_context.png,outputs/frame_checks/test_new_architecture_state/q049/q049_t0006.00_det01_bbox_crop.png,outputs/frame_checks/test_new_architecture_state/q049/q049_t0006.00_det01_sam_mask.png,outputs/frame_checks/test_new_architecture_state/q049/q049_t0006.00_det01_masked_crop.png,outputs/frame_checks/test_new_architecture_state/q049/q049_t0006.00_det01_debug.png
test_new_architecture_state,q051,video_06,6.000,180,1,2,a person is standing with a phone to their ear,a person with a phone to their ear,a person with a phone to their ear,0.3959011137485504,"89.8,30.0,115.7,74.4","92.0,32.0,115.0,73.0",474,0.0884803980588913,0.05041336268186569,,,0.3210998773574829,0.21736448208491008,0.10525009784723857,outputs/frame_checks/test_new_architecture_state/q051/q051_t0006.00_det01_context.png,outputs/frame_checks/test_new_architecture_state/q051/q051_t0006.00_det01_bbox_crop.png,outputs/frame_checks/test_new_architecture_state/q051/q051_t0006.00_det01_sam_mask.png,outputs/frame_checks/test_new_architecture_state/q051/q051_t0006.00_det01_masked_crop.png,outputs/frame_checks/test_new_architecture_state/q051/q051_t0006.00_det01_debug.png
test_new_architecture_state,q050,video_06,6.500,195,1,1,a person is standing with a phone in their hand,a person with a phone in their hand,a person with a phone in their hand,0.2642359435558319,"116.4,37.5,121.5,42.9","116.0,39.0,121.0,43.0",15,0.08333098888397217,0.07079939544200897,,,0.37167922258377073,0.16747624079386395,0.0956528222133966,outputs/frame_checks/test_new_architecture_state/q050/q050_t0006.50_det01_context.png,outputs/frame_checks/test_new_architecture_state/q050/q050_t0006.50_det01_bbox_crop.png,outputs/frame_checks/test_new_architecture_state/q050/q050_t0006.50_det01_sam_mask.png,outputs/frame_checks/test_new_architecture_state/q050/q050_t0006.50_det01_masked_crop.png,outputs/frame_checks/test_new_architecture_state/q050/q050_t0006.50_det01_debug.png
test_new_architecture_state,q051,video_06,8.000,240,1,2,a person is standing with a phone to their ear,a person with a phone to their ear,a person with a phone to their ear,0.37023138999938965,"128.1,30.6,151.4,90.7","128.0,32.0,149.0,89.0",722,0.058027926832437515,0.07513877749443054,,,0.43659975528717043,0.2525904138882955,0.05721111268028316,outputs/frame_checks/test_new_architecture_state/q051/q051_t0008.00_det01_context.png,outputs/frame_checks/test_new_architecture_state/q051/q051_t0008.00_det01_bbox_crop.png,outputs/frame_checks/test_new_architecture_state/q051/q051_t0008.00_det01_sam_mask.png,outputs/frame_checks/test_new_architecture_state/q051/q051_t0008.00_det01_masked_crop.png,outputs/frame_checks/test_new_architecture_state/q051/q051_t0008.00_det01_debug.png
test_new_architecture_state,q049,video_06,8.500,255,1,1,a black pickup truck is parked in the background,a black pickup truck in the background,a black pickup truck in the background,0.7687989473342896,"185.8,10.4,207.3,30.3","187.0,10.0,206.0,30.0",328,0.0459236204624176,0.030744029209017754,black,0.0,0.6141396045684815,0.0848687748114268,0.0012391352253832998,outputs/frame_checks/test_new_architecture_state/q049/q049_t0008.50_det01_context.png,outputs/frame_checks/test_new_architecture_state/q049/q049_t0008.50_det01_bbox_crop.png,outputs/frame_checks/test_new_architecture_state/q049/q049_t0008.50_det01_sam_mask.png,outputs/frame_checks/test_new_architecture_state/q049/q049_t0008.50_det01_masked_crop.png,outputs/frame_checks/test_new_architecture_state/q049/q049_t0008.50_det01_debug.png
test_new_architecture_state,q051,video_06,8.500,255,1,2,a person is standing with a phone to their ear,a person with a phone to their ear,a person with a phone to their ear,0.3980711102485657,"123.6,33.0,151.8,99.5","125.0,35.0,149.0,99.0",837,0.06967707723379135,0.08383874595165253,,,0.4303655505180359,0.2761842409769694,0.04880713004444096,outputs/frame_checks/test_new_architecture_state/q051/q051_t0008.50_det01_context.png,outputs/frame_checks/test_new_architecture_state/q051/q051_t0008.50_det01_bbox_crop.png,outputs/frame_checks/test_new_architecture_state/q051/q051_t0008.50_det01_sam_mask.png,outputs/frame_checks/test_new_architecture_state/q051/q051_t0008.50_det01_masked_crop.png,outputs/frame_checks/test_new_architecture_state/q051/q051_t0008.50_det01_debug.png
test_new_architecture_state,q051,video_06,9.000,270,1,2,a person is standing with a phone to their ear,a person with a phone to their ear,a person with a phone to their ear,0.3873477876186371,"120.5,34.1,150.5,110.0","123.0,36.0,149.0,109.0",1195,0.0868568941950798,0.09455358982086182,,,0.4233962297439575,0.300137726465861,0.049893522590353956,outputs/frame_checks/test_new_architecture_state/q051/q051_t0009.00_det01_context.png,outputs/frame_checks/test_new_architecture_state/q051/q051_t0009.00_det01_bbox_crop.png,outputs/frame_checks/test_new_architecture_state/q051/q051_t0009.00_det01_sam_mask.png,outputs/frame_checks/test_new_architecture_state/q051/q051_t0009.00_det01_masked_crop.png,outputs/frame_checks/test_new_architecture_state/q051/q051_t0009.00_det01_debug.png
test_new_architecture_state,q051,video_06,9.500,285,1,2,a person is standing with a phone to their ear,a person with a phone to their ear,a person with a phone to their ear,0.3721303939819336,"111.7,39.7,146.0,119.8","113.0,41.0,144.0,117.0",1465,0.08994242548942566,0.09541971981525421,,,0.4026229023933411,0.3322950045267741,0.07656687695087869,outputs/frame_checks/test_new_architecture_state/q051/q051_t0009.50_det01_context.png,outputs/frame_checks/test_new_architecture_state/q051/q051_t0009.50_det01_bbox_crop.png,outputs/frame_checks/test_new_architecture_state/q051/q051_t0009.50_det01_sam_mask.png,outputs/frame_checks/test_new_architecture_state/q051/q051_t0009.50_det01_masked_crop.png,outputs/frame_checks/test_new_architecture_state/q051/q051_t0009.50_det01_debug.png
test_new_architecture_state,q049,video_06,10.000,300,1,1,a black pickup truck is parked in the background,a black pickup truck in the background,a black pickup truck in the background,0.6434057950973511,"186.1,10.4,207.4,31.1","188.0,10.0,207.0,30.0",345,0.061896078288555145,0.014838935807347298,black,0.0,0.614718246459961,0.08645550012588502,0.002517858222899812,outputs/frame_checks/test_new_architecture_state/q049/q049_t0010.00_det01_context.png,outputs/frame_checks/test_new_architecture_state/q049/q049_t0010.00_det01_bbox_crop.png,outputs/frame_checks/test_new_architecture_state/q049/q049_t0010.00_det01_sam_mask.png,outputs/frame_checks/test_new_architecture_state/q049/q049_t0010.00_det01_masked_crop.png,outputs/frame_checks/test_new_architecture_state/q049/q049_t0010.00_det01_debug.png
test_new_architecture_state,q050,video_06,12.000,360,1,2,a person is standing with a phone in their hand,a person with a phone in their hand,a person with a phone in their hand,0.30686619877815247,"213.7,102.6,228.2,119.9","213.0,104.0,228.0,120.0",126,0.054543811827898026,0.006950046867132187,,,0.6904994249343872,0.463514773050944,,outputs/frame_checks/test_new_architecture_state/q050/q050_t0012.00_det01_context.png,outputs/frame_checks/test_new_architecture_state/q050/q050_t0012.00_det01_bbox_crop.png,outputs/frame_checks/test_new_architecture_state/q050/q050_t0012.00_det01_sam_mask.png,outputs/frame_checks/test_new_architecture_state/q050/q050_t0012.00_det01_masked_crop.png,outputs/frame_checks/test_new_architecture_state/q050/q050_t0012.00_det01_debug.png
test_new_architecture_state,q050,video_06,13.000,390,1,2,a person is standing with a phone in their hand,a person with a phone in their hand,a person with a phone in their hand,0.30099567770957947,"216.3,103.3,232.5,122.0","218.0,105.0,232.0,122.0",169,0.0673859715461731,0.004421047400683165,,,0.7012104988098145,0.46934169133504233,0.037231039785381635,outputs/frame_checks/test_new_architecture_state/q050/q050_t0013.00_det01_context.png,outputs/frame_checks/test_new_architecture_state/q050/q050_t0013.00_det01_bbox_crop.png,outputs/frame_checks/test_new_architecture_state/q050/q050_t0013.00_det01_sam_mask.png,outputs/frame_checks/test_new_architecture_state/q050/q050_t0013.00_det01_masked_crop.png,outputs/frame_checks/test_new_architecture_state/q050/q050_t0013.00_det01_debug.png
test_new_architecture_state,q049,video_06,14.500,435,1,1,a black pickup truck is parked in the background,a black pickup truck in the background,a black pickup truck in the background,0.6153472661972046,"185.9,10.2,207.1,30.3","188.0,10.0,207.0,30.0",343,0.04876423999667168,0.039605557918548584,black,0.0,0.6140655279159546,0.08447154362996419,0.002091288178866688,outputs/frame_checks/test_new_architecture_state/q049/q049_t0014.50_det01_context.png,outputs/frame_checks/test_new_architecture_state/q049/q049_t0014.50_det01_bbox_crop.png,outputs/frame_checks/test_new_architecture_state/q049/q049_t0014.50_det01_sam_mask.png,outputs/frame_checks/test_new_architecture_state/q049/q049_t0014.50_det01_masked_crop.png,outputs/frame_checks/test_new_architecture_state/q049/q049_t0014.50_det01_debug.png
test_new_architecture_state,q050,video_06,15.000,450,1,2,a person is standing with a phone in their hand,a person with a phone in their hand,a person with a phone in their hand,0.3137160837650299,"220.3,105.4,237.6,138.5","222.0,107.0,237.0,138.0",246,0.05763298273086548,0.000854772049933672,,,0.7153427600860596,0.5081117630004883,0.03426996934292074,outputs/frame_checks/test_new_architecture_state/q050/q050_t0015.00_det01_context.png,outputs/frame_checks/test_new_architecture_state/q050/q050_t0015.00_det01_bbox_crop.png,outputs/frame_checks/test_new_architecture_state/q050/q050_t0015.00_det01_sam_mask.png,outputs/frame_checks/test_new_architecture_state/q050/q050_t0015.00_det01_masked_crop.png,outputs/frame_checks/test_new_architecture_state/q050/q050_t0015.00_det01_debug.png
test_new_architecture_state,q051,video_06,21.500,645,1,2,a person is standing with a phone to their ear,a person with a phone to their ear,a person with a phone to their ear,0.3682435154914856,"149.1,64.6,198.8,215.8","152.0,66.0,197.0,214.0",4879,0.12000592797994614,0.11591120809316635,,,0.5436142206192016,0.5840994834899902,0.03620683590087858,outputs/frame_checks/test_new_architecture_state/q051/q051_t0021.50_det01_context.png,outputs/frame_checks/test_new_architecture_state/q051/q051_t0021.50_det01_bbox_crop.png,outputs/frame_checks/test_new_architecture_state/q051/q051_t0021.50_det01_sam_mask.png,outputs/frame_checks/test_new_architecture_state/q051/q051_t0021.50_det01_masked_crop.png,outputs/frame_checks/test_new_architecture_state/q051/q051_t0021.50_det01_debug.png
test_new_architecture_state,q050,video_06,23.000,690,1,3,a person is standing with a phone in their hand,a person with a phone in their hand,a person with a phone in their hand,0.3161228895187378,"172.9,157.5,184.9,170.7","174.0,159.0,185.0,172.0",103,0.07126552611589432,0.023828189820051193,,,0.5591596603393555,0.6837736129760742,0.454290118011697,outputs/frame_checks/test_new_architecture_state/q050/q050_t0023.00_det01_context.png,outputs/frame_checks/test_new_architecture_state/q050/q050_t0023.00_det01_bbox_crop.png,outputs/frame_checks/test_new_architecture_state/q050/q050_t0023.00_det01_sam_mask.png,outputs/frame_checks/test_new_architecture_state/q050/q050_t0023.00_det01_masked_crop.png,outputs/frame_checks/test_new_architecture_state/q050/q050_t0023.00_det01_debug.png
test_new_architecture_state,q049,video_06,29.500,885,1,1,a black pickup truck is parked in the background,a black pickup truck in the background,a black pickup truck in the background,0.773312509059906,"186.2,11.1,207.3,30.1","188.0,11.0,206.0,30.0",313,0.04395493119955063,0.024336669594049454,black,0.0,0.6147847652435303,0.0857751210530599,0.0009983610553270905,outputs/frame_checks/test_new_architecture_state/q049/q049_t0029.50_det01_context.png,outputs/frame_checks/test_new_architecture_state/q049/q049_t0029.50_det01_bbox_crop.png,outputs/frame_checks/test_new_architecture_state/q049/q049_t0029.50_det01_sam_mask.png,outputs/frame_checks/test_new_architecture_state/q049/q049_t0029.50_det01_masked_crop.png,outputs/frame_checks/test_new_architecture_state/q049/q049_t0029.50_det01_debug.png
test_new_architecture_state,q050,video_06,29.500,885,1,4,a person is standing with a phone in their hand,a person with a phone in their hand,a person with a phone in their hand,0.3042796552181244,"155.7,85.3,173.9,106.2","157.0,86.0,174.0,105.0",142,0.08252495527267456,0.015728216618299484,,,0.5150236129760742,0.39892053604125977,0.01849109969662327,outputs/frame_checks/test_new_architecture_state/q050/q050_t0029.50_det01_context.png,outputs/frame_checks/test_new_architecture_state/q050/q050_t0029.50_det01_bbox_crop.png,outputs/frame_checks/test_new_architecture_state/q050/q050_t0029.50_det01_sam_mask.png,outputs/frame_checks/test_new_architecture_state/q050/q050_t0029.50_det01_masked_crop.png,outputs/frame_checks/test_new_architecture_state/q050/q050_t0029.50_det01_debug.png
test_new_architecture_state,q051,video_06,29.500,885,1,2,a person is standing with a phone to their ear,a person with a phone to their ear,a person with a phone to their ear,0.3681808114051819,"152.6,60.7,202.2,216.3","155.0,62.0,201.0,214.0",4916,0.11665461957454681,0.13019225001335144,,,0.5544481039047241,0.5769787947336833,0.04043729899728046,outputs/frame_checks/test_new_architecture_state/q051/q051_t0029.50_det01_context.png,outputs/frame_checks/test_new_architecture_state/q051/q051_t0029.50_det01_bbox_crop.png,outputs/frame_checks/test_new_architecture_state/q051/q051_t0029.50_det01_sam_mask.png,outputs/frame_checks/test_new_architecture_state/q051/q051_t0029.50_det01_masked_crop.png,outputs/frame_checks/test_new_architecture_state/q051/q051_t0029.50_det01_debug.png
test_new_architecture_state,q051,video_06,30.500,915,1,2,a person is standing with a phone to their ear,a person with a phone to their ear,a person with a phone to their ear,0.3648611009120941,"144.0,62.0,201.2,216.1","144.0,63.0,199.0,214.0",4941,0.1305065006017685,0.131879523396492,,,0.5394156694412231,0.5793256759643555,0.014428216974470102,outputs/frame_checks/test_new_architecture_state/q051/q051_t0030.50_det01_context.png,outputs/frame_checks/test_new_architecture_state/q051/q051_t0030.50_det01_bbox_crop.png,outputs/frame_checks/test_new_architecture_state/q051/q051_t0030.50_det01_sam_mask.png,outputs/frame_checks/test_new_architecture_state/q051/q051_t0030.50_det01_masked_crop.png,outputs/frame_checks/test_new_architecture_state/q051/q051_t0030.50_det01_debug.png
test_new_architecture_state,q050,video_06,35.500,1065,1,4,a person is standing with a phone in their hand,a person with a phone in their hand,a person with a phone in their hand,0.29679611325263977,"218.0,138.8,232.2,147.6","219.0,140.0,232.0,147.0",69,0.07507698982954025,0.07610020041465759,,,0.7033236742019653,0.596625550587972,0.0025694457517951943,outputs/frame_checks/test_new_architecture_state/q050/q050_t0035.50_det01_context.png,outputs/frame_checks/test_new_architecture_state/q050/q050_t0035.50_det01_bbox_crop.png,outputs/frame_checks/test_new_architecture_state/q050/q050_t0035.50_det01_sam_mask.png,outputs/frame_checks/test_new_architecture_state/q050/q050_t0035.50_det01_masked_crop.png,outputs/frame_checks/test_new_architecture_state/q050/q050_t0035.50_det01_debug.png
test_new_architecture_state,q050,video_06,47.500,1425,1,5,a person is standing with a phone in their hand,a person with a phone in their hand,a person with a phone in their hand,0.3171754479408264,"81.1,83.7,96.5,94.9","80.0,82.0,98.0,97.0",115,0.042146340012550354,-0.00583387166261673,,,0.2776195049285889,0.3720319430033366,0.026816749447442025,outputs/frame_checks/test_new_architecture_state/q050/q050_t0047.50_det01_context.png,outputs/frame_checks/test_new_architecture_state/q050/q050_t0047.50_det01_bbox_crop.png,outputs/frame_checks/test_new_architecture_state/q050/q050_t0047.50_det01_sam_mask.png,outputs/frame_checks/test_new_architecture_state/q050/q050_t0047.50_det01_masked_crop.png,outputs/frame_checks/test_new_architecture_state/q050/q050_t0047.50_det01_debug.png
test_new_architecture_state,q050,video_06,48.000,1440,1,5,a person is standing with a phone in their hand,a person with a phone in their hand,a person with a phone in their hand,0.3325328230857849,"84.4,83.2,97.6,95.3","84.0,84.0,98.0,96.0",89,0.052705250680446625,0.023529302328824997,,,0.28427705764770506,0.37171149253845215,0.013330520876283223,outputs/frame_checks/test_new_architecture_state/q050/q050_t0048.00_det01_context.png,outputs/frame_checks/test_new_architecture_state/q050/q050_t0048.00_det01_bbox_crop.png,outputs/frame_checks/test_new_architecture_state/q050/q050_t0048.00_det01_sam_mask.png,outputs/frame_checks/test_new_architecture_state/q050/q050_t0048.00_det01_masked_crop.png,outputs/frame_checks/test_new_architecture_state/q050/q050_t0048.00_det01_debug.png
test_new_architecture_state,q051,video_06,49.500,1485,1,2,a person is standing with a phone to their ear,a person with a phone to their ear,a person with a phone to their ear,0.37384483218193054,"88.7,50.2,142.1,192.2","91.0,52.0,140.0,190.0",3982,0.1140516921877861,0.07460632175207138,,,0.3606315851211548,0.5049925088882447,0.028066135154040325,outputs/frame_checks/test_new_architecture_state/q051/q051_t0049.50_det01_context.png,outputs/frame_checks/test_new_architecture_state/q051/q051_t0049.50_det01_bbox_crop.png,outputs/frame_checks/test_new_architecture_state/q051/q051_t0049.50_det01_sam_mask.png,outputs/frame_checks/test_new_architecture_state/q051/q051_t0049.50_det01_masked_crop.png,outputs/frame_checks/test_new_architecture_state/q051/q051_t0049.50_det01_debug.png
test_new_architecture_state,q049,video_06,53.500,1605,1,1,a black pickup truck is parked in the background,a black pickup truck in the background,a black pickup truck in the background,0.7797906994819641,"186.3,10.9,207.5,30.2","187.0,10.0,206.0,30.0",318,0.03618893399834633,0.02287972904741764,black,0.0,0.6152782440185547,0.08555369973182678,0.0013865415459917822,outputs/frame_checks/test_new_architecture_state/q049/q049_t0053.50_det01_context.png,outputs/frame_checks/test_new_architecture_state/q049/q049_t0053.50_det01_bbox_crop.png,outputs/frame_checks/test_new_architecture_state/q049/q049_t0053.50_det01_sam_mask.png,outputs/frame_checks/test_new_architecture_state/q049/q049_t0053.50_det01_masked_crop.png,outputs/frame_checks/test_new_architecture_state/q049/q049_t0053.50_det01_debug.png
test_new_architecture_state,q050,video_06,57.000,1710,1,6,a person is standing with a phone in their hand,a person with a phone in their hand,a person with a phone in their hand,0.28225237131118774,"225.4,81.9,242.1,105.5","223.0,85.0,241.0,108.0",211,0.08825813233852386,0.01731123775243759,,,0.7305022954940796,0.3903690497080485,0.03595493555919138,outputs/frame_checks/test_new_architecture_state/q050/q050_t0057.00_det01_context.png,outputs/frame_checks/test_new_architecture_state/q050/q050_t0057.00_det01_bbox_crop.png,outputs/frame_checks/test_new_architecture_state/q050/q050_t0057.00_det01_sam_mask.png,outputs/frame_checks/test_new_architecture_state/q050/q050_t0057.00_det01_masked_crop.png,outputs/frame_checks/test_new_architecture_state/q050/q050_t0057.00_det01_debug.png
test_new_architecture_state,q050,video_06,58.000,1740,1,6,a person is standing with a phone in their hand,a person with a phone in their hand,a person with a phone in their hand,0.2938763499259949,"227.8,87.7,242.3,106.6","228.0,89.0,241.0,106.0",126,0.07930199801921844,0.006096586585044861,,,0.7344701290130615,0.4048340320587158,0.01349796029858026,outputs/frame_checks/test_new_architecture_state/q050/q050_t0058.00_det01_context.png,outputs/frame_checks/test_new_architecture_state/q050/q050_t0058.00_det01_bbox_crop.png,outputs/frame_checks/test_new_architecture_state/q050/q050_t0058.00_det01_sam_mask.png,outputs/frame_checks/test_new_architecture_state/q050/q050_t0058.00_det01_masked_crop.png,outputs/frame_checks/test_new_architecture_state/q050/q050_t0058.00_det01_debug.png
test_new_architecture_state,q050,video_06,59.000,1770,1,6,a person is standing with a phone in their hand,a person with a phone in their hand,a person with a phone in their hand,0.3042903542518616,"226.1,87.7,240.5,107.0","226.0,88.0,240.0,106.0",154,0.10006027668714523,0.01212015375494957,,,0.7291446208953858,0.4055980364481608,0.02621669466535478,outputs/frame_checks/test_new_architecture_state/q050/q050_t0059.00_det01_context.png,outputs/frame_checks/test_new_architecture_state/q050/q050_t0059.00_det01_bbox_crop.png,outputs/frame_checks/test_new_architecture_state/q050/q050_t0059.00_det01_sam_mask.png,outputs/frame_checks/test_new_architecture_state/q050/q050_t0059.00_det01_masked_crop.png,outputs/frame_checks/test_new_architecture_state/q050/q050_t0059.00_det01_debug.png
test_new_architecture_state,q051,video_06,63.000,1890,1,2,a person is standing with a phone to their ear,a person with a phone to their ear,a person with a phone to their ear,0.3760160505771637,"113.5,59.5,161.8,207.3","117.0,61.0,161.0,203.0",4333,0.11937978118658066,0.07531050592660904,,,0.43013548851013184,0.5558645963668823,0.0479239144427953,outputs/frame_checks/test_new_architecture_state/q051/q051_t0063.00_det01_context.png,outputs/frame_checks/test_new_architecture_state/q051/q051_t0063.00_det01_bbox_crop.png,outputs/frame_checks/test_new_architecture_state/q051/q051_t0063.00_det01_sam_mask.png,outputs/frame_checks/test_new_architecture_state/q051/q051_t0063.00_det01_masked_crop.png,outputs/frame_checks/test_new_architecture_state/q051/q051_t0063.00_det01_debug.png
test_new_architecture_state,q050,video_06,64.000,1920,1,8,a person is standing with a phone in their hand,a person with a phone in their hand,a person with a phone in their hand,0.3327355682849884,"115.2,87.3,128.2,103.1","116.0,88.0,128.0,103.0",124,0.05645880475640297,0.028686389327049255,,,0.3802095055580139,0.39660348892211916,0.031155286914387337,outputs/frame_checks/test_new_architecture_state/q050/q050_t0064.00_det01_context.png,outputs/frame_checks/test_new_architecture_state/q050/q050_t0064.00_det01_bbox_crop.png,outputs/frame_checks/test_new_architecture_state/q050/q050_t0064.00_det01_sam_mask.png,outputs/frame_checks/test_new_architecture_state/q050/q050_t0064.00_det01_masked_crop.png,outputs/frame_checks/test_new_architecture_state/q050/q050_t0064.00_det01_debug.png
test_new_architecture_state,q049,video_06,64.500,1935,1,1,a black pickup truck is parked in the background,a black pickup truck in the background,a black pickup truck in the background,0.6990407705307007,"186.3,10.3,207.3,30.5","187.0,10.0,207.0,30.0",334,0.03826374560594559,0.024414528161287308,black,0.0,0.6149355649948121,0.08494250377019247,0.0017598826659421523,outputs/frame_checks/test_new_architecture_state/q049/q049_t0064.50_det01_context.png,outputs/frame_checks/test_new_architecture_state/q049/q049_t0064.50_det01_bbox_crop.png,outputs/frame_checks/test_new_architecture_state/q049/q049_t0064.50_det01_sam_mask.png,outputs/frame_checks/test_new_architecture_state/q049/q049_t0064.50_det01_masked_crop.png,outputs/frame_checks/test_new_architecture_state/q049/q049_t0064.50_det01_debug.png
test_new_architecture_state,q050,video_06,64.500,1935,1,8,a person is standing with a phone in their hand,a person with a phone in their hand,a person with a phone in their hand,0.33002299070358276,"100.7,100.8,115.6,114.0","103.0,102.0,116.0,114.0",87,0.05366840213537216,0.026076022535562515,,,0.33795416355133057,0.4475977102915446,0.13245262611478484,outputs/frame_checks/test_new_architecture_state/q050/q050_t0064.50_det01_context.png,outputs/frame_checks/test_new_architecture_state/q050/q050_t0064.50_det01_bbox_crop.png,outputs/frame_checks/test_new_architecture_state/q050/q050_t0064.50_det01_sam_mask.png,outputs/frame_checks/test_new_architecture_state/q050/q050_t0064.50_det01_masked_crop.png,outputs/frame_checks/test_new_architecture_state/q050/q050_t0064.50_det01_debug.png
test_new_architecture_state,q050,video_06,85.000,2550,1,9,a person is standing with a phone in their hand,a person with a phone in their hand,a person with a phone in their hand,0.29057776927948,"225.2,88.4,240.0,107.9","226.0,89.0,239.0,108.0",147,0.10609131306409836,0.011021295562386513,,,0.726986026763916,0.4090230464935303,0.029956761886961166,outputs/frame_checks/test_new_architecture_state/q050/q050_t0085.00_det01_context.png,outputs/frame_checks/test_new_architecture_state/q050/q050_t0085.00_det01_bbox_crop.png,outputs/frame_checks/test_new_architecture_state/q050/q050_t0085.00_det01_sam_mask.png,outputs/frame_checks/test_new_architecture_state/q050/q050_t0085.00_det01_masked_crop.png,outputs/frame_checks/test_new_architecture_state/q050/q050_t0085.00_det01_debug.png
test_new_architecture_state,q049,video_06,116.000,3480,1,3,a black pickup truck is parked in the background,a black pickup truck in the background,a black pickup truck in the background,0.7852625250816345,"186.1,10.7,207.5,30.4","188.0,10.0,207.0,30.0",343,0.04125528410077095,0.025102687999606133,black,0.0,0.6149171352386474,0.08563051422437032,0.00019338126688740083,outputs/frame_checks/test_new_architecture_state/q049/q049_t0116.00_det01_context.png,outputs/frame_checks/test_new_architecture_state/q049/q049_t0116.00_det01_bbox_crop.png,outputs/frame_checks/test_new_architecture_state/q049/q049_t0116.00_det01_sam_mask.png,outputs/frame_checks/test_new_architecture_state/q049/q049_t0116.00_det01_masked_crop.png,outputs/frame_checks/test_new_architecture_state/q049/q049_t0116.00_det01_debug.png
test_new_architecture_state,q049,video_06,129.000,3870,1,3,a black pickup truck is parked in the background,a black pickup truck in the background,a black pickup truck in the background,0.5647904872894287,"185.9,10.5,207.0,30.6","187.0,10.0,207.0,30.0",338,0.04320391267538071,0.020723501220345497,black,0.0,0.6138598442077636,0.08554460604985555,0.0008732709160407541,outputs/frame_checks/test_new_architecture_state/q049/q049_t0129.00_det01_context.png,outputs/frame_checks/test_new_architecture_state/q049/q049_t0129.00_det01_bbox_crop.png,outputs/frame_checks/test_new_architecture_state/q049/q049_t0129.00_det01_sam_mask.png,outputs/frame_checks/test_new_architecture_state/q049/q049_t0129.00_det01_masked_crop.png,outputs/frame_checks/test_new_architecture_state/q049/q049_t0129.00_det01_debug.png
test_new_architecture_state,q049,video_06,130.500,3915,1,3,a black pickup truck is parked in the background,a black pickup truck in the background,a black pickup truck in the background,0.7987635731697083,"186.1,10.6,207.6,30.2","187.0,10.0,207.0,30.0",344,0.044069938361644745,0.014963082037866116,black,0.0,0.6151202917098999,0.08500876029332478,0.0021904501456460296,outputs/frame_checks/test_new_architecture_state/q049/q049_t0130.50_det01_context.png,outputs/frame_checks/test_new_architecture_state/q049/q049_t0130.50_det01_bbox_crop.png,outputs/frame_checks/test_new_architecture_state/q049/q049_t0130.50_det01_sam_mask.png,outputs/frame_checks/test_new_architecture_state/q049/q049_t0130.50_det01_masked_crop.png,outputs/frame_checks/test_new_architecture_state/q049/q049_t0130.50_det01_debug.png
test_new_architecture_state,q050,video_06,131.000,3930,1,13,a person is standing with a phone in their hand,a person with a phone in their hand,a person with a phone in their hand,0.27969878911972046,"114.0,64.3,124.3,74.6","115.0,66.0,124.0,74.0",48,0.0578269399702549,0.037105992436409,,,0.37237963676452634,0.28930338223775226,,outputs/frame_checks/test_new_architecture_state/q050/q050_t0131.00_det01_context.png,outputs/frame_checks/test_new_architecture_state/q050/q050_t0131.00_det01_bbox_crop.png,outputs/frame_checks/test_new_architecture_state/q050/q050_t0131.00_det01_sam_mask.png,outputs/frame_checks/test_new_architecture_state/q050/q050_t0131.00_det01_masked_crop.png,outputs/frame_checks/test_new_architecture_state/q050/q050_t0131.00_det01_debug.png
test_new_architecture_state,q050,video_06,146.000,4380,1,15,a person is standing with a phone in their hand,a person with a phone in their hand,a person with a phone in their hand,0.3031080961227417,"134.2,80.6,140.5,90.3","135.0,81.0,141.0,91.0",38,0.070611871778965,0.07871119678020477,,,0.42927687168121337,0.3560945192972819,,outputs/frame_checks/test_new_architecture_state/q050/q050_t0146.00_det01_context.png,outputs/frame_checks/test_new_architecture_state/q050/q050_t0146.00_det01_bbox_crop.png,outputs/frame_checks/test_new_architecture_state/q050/q050_t0146.00_det01_sam_mask.png,outputs/frame_checks/test_new_architecture_state/q050/q050_t0146.00_det01_masked_crop.png,outputs/frame_checks/test_new_architecture_state/q050/q050_t0146.00_det01_debug.png
test_new_architecture_state,q049,video_06,181.500,5445,1,4,a black pickup truck is parked in the background,a black pickup truck in the background,a black pickup truck in the background,0.3357493281364441,"121.6,102.2,235.0,205.4","122.0,104.0,233.0,203.0",7063,0.005396567285060883,0.05692340433597565,black,0.40634291377601583,0.5573368668556213,0.6408238252003987,,outputs/frame_checks/test_new_architecture_state/q049/q049_t0181.50_det01_context.png,outputs/frame_checks/test_new_architecture_state/q049/q049_t0181.50_det01_bbox_crop.png,outputs/frame_checks/test_new_architecture_state/q049/q049_t0181.50_det01_sam_mask.png,outputs/frame_checks/test_new_architecture_state/q049/q049_t0181.50_det01_masked_crop.png,outputs/frame_checks/test_new_architecture_state/q049/q049_t0181.50_det01_debug.png
test_new_architecture_state,q049,video_06,193.500,5805,1,5,a black pickup truck is parked in the background,a black pickup truck in the background,a black pickup truck in the background,0.553497314453125,"186.0,9.8,207.6,30.5","188.0,10.0,207.0,30.0",346,0.05170460790395737,0.017022274434566498,black,0.0,0.6150288581848145,0.08396276632944742,0.0010926955854871484,outputs/frame_checks/test_new_architecture_state/q049/q049_t0193.50_det01_context.png,outputs/frame_checks/test_new_architecture_state/q049/q049_t0193.50_det01_bbox_crop.png,outputs/frame_checks/test_new_architecture_state/q049/q049_t0193.50_det01_sam_mask.png,outputs/frame_checks/test_new_architecture_state/q049/q049_t0193.50_det01_masked_crop.png,outputs/frame_checks/test_new_architecture_state/q049/q049_t0193.50_det01_debug.png
test_new_architecture_state,q050,video_06,215.500,6465,1,23,a person is standing with a phone in their hand,a person with a phone in their hand,a person with a phone in their hand,0.27713915705680847,"104.4,112.8,116.4,124.4","104.0,114.0,116.0,124.0",92,0.06241005286574364,0.038398031145334244,,,0.3449582099914551,0.4942285219828288,,outputs/frame_checks/test_new_architecture_state/q050/q050_t0215.50_det01_context.png,outputs/frame_checks/test_new_architecture_state/q050/q050_t0215.50_det01_bbox_crop.png,outputs/frame_checks/test_new_architecture_state/q050/q050_t0215.50_det01_sam_mask.png,outputs/frame_checks/test_new_architecture_state/q050/q050_t0215.50_det01_masked_crop.png,outputs/frame_checks/test_new_architecture_state/q050/q050_t0215.50_det01_debug.png
test_new_architecture_state,q058,video_07,0.000,0,1,1,a yellow-and-white car is parked near the construction site,a yellow-and-white car near the construction site,a yellow-and-white car near the construction site,0.6688108444213867,"131.4,75.3,182.4,106.1","132.0,75.0,182.0,105.0",899,0.155009463429451,0.12471416592597961,"yellow,white",0.20912124582869857,0.49029762744903566,0.37791881561279295,,outputs/frame_checks/test_new_architecture_state/q058/q058_t0000.00_det01_context.png,outputs/frame_checks/test_new_architecture_state/q058/q058_t0000.00_det01_bbox_crop.png,outputs/frame_checks/test_new_architecture_state/q058/q058_t0000.00_det01_sam_mask.png,outputs/frame_checks/test_new_architecture_state/q058/q058_t0000.00_det01_masked_crop.png,outputs/frame_checks/test_new_architecture_state/q058/q058_t0000.00_det01_debug.png
test_new_architecture_state,q059,video_07,0.000,0,1,1,a tractor is lying on its side,a tractor on its side,a tractor on its side,0.5204519629478455,"134.4,114.0,159.4,144.7","133.0,115.0,158.0,144.0",474,0.09118634462356567,0.09666425734758377,,,0.4591378927230835,0.5389222304026285,,outputs/frame_checks/test_new_architecture_state/q059/q059_t0000.00_det01_context.png,outputs/frame_checks/test_new_architecture_state/q059/q059_t0000.00_det01_bbox_crop.png,outputs/frame_checks/test_new_architecture_state/q059/q059_t0000.00_det01_sam_mask.png,outputs/frame_checks/test_new_architecture_state/q059/q059_t0000.00_det01_masked_crop.png,outputs/frame_checks/test_new_architecture_state/q059/q059_t0000.00_det01_debug.png
test_new_architecture_state,q060,video_07,0.000,0,1,1,a person wearing a white shirt,a person wearing a white shirt,a person wearing a white shirt,0.4193524718284607,"147.3,77.9,163.1,108.8","150.0,79.0,162.0,109.0",260,0.02680373378098011,0.03823471814393997,white,0.046153846153846156,0.4850480556488037,0.3889124393463135,,outputs/frame_checks/test_new_architecture_state/q060/q060_t0000.00_det01_context.png,outputs/frame_checks/test_new_architecture_state/q060/q060_t0000.00_det01_bbox_crop.png,outputs/frame_checks/test_new_architecture_state/q060/q060_t0000.00_det01_sam_mask.png,outputs/frame_checks/test_new_architecture_state/q060/q060_t0000.00_det01_masked_crop.png,outputs/frame_checks/test_new_architecture_state/q060/q060_t0000.00_det01_debug.png
test_new_architecture_state,q058,video_07,0.500,15,1,1,a yellow-and-white car is parked near the construction site,a yellow-and-white car near the construction site,a yellow-and-white car near the construction site,0.7036733031272888,"132.1,76.0,182.2,105.7","132.0,76.0,182.0,105.0",985,0.14480116963386536,0.1349935382604599,"yellow,white",0.20304568527918782,0.4910912275314331,0.378444766998291,0.00190412809515381,outputs/frame_checks/test_new_architecture_state/q058/q058_t0000.50_det01_context.png,outputs/frame_checks/test_new_architecture_state/q058/q058_t0000.50_det01_bbox_crop.png,outputs/frame_checks/test_new_architecture_state/q058/q058_t0000.50_det01_sam_mask.png,outputs/frame_checks/test_new_architecture_state/q058/q058_t0000.50_det01_masked_crop.png,outputs/frame_checks/test_new_architecture_state/q058/q058_t0000.50_det01_debug.png
test_new_architecture_state,q059,video_07,0.500,15,1,1,a tractor is lying on its side,a tractor on its side,a tractor on its side,0.4349522292613983,"127.9,88.9,159.6,144.8","128.0,90.0,159.0,144.0",883,0.07672426849603653,0.05923016741871834,,,0.4491633176803589,0.4868738651275635,0.10599102745212999,outputs/frame_checks/test_new_architecture_state/q059/q059_t0000.50_det01_context.png,outputs/frame_checks/test_new_architecture_state/q059/q059_t0000.50_det01_bbox_crop.png,outputs/frame_checks/test_new_architecture_state/q059/q059_t0000.50_det01_sam_mask.png,outputs/frame_checks/test_new_architecture_state/q059/q059_t0000.50_det01_masked_crop.png,outputs/frame_checks/test_new_architecture_state/q059/q059_t0000.50_det01_debug.png
test_new_architecture_state,q060,video_07,0.500,15,1,1,a person wearing a white shirt,a person wearing a white shirt,a person wearing a white shirt,0.41367533802986145,"139.6,99.9,157.9,124.4","139.0,103.0,157.0,124.0",260,0.018308836966753006,0.06093824654817581,white,0.038461538461538464,0.46484599113464353,0.46741029421488445,0.1621115249401044,outputs/frame_checks/test_new_architecture_state/q060/q060_t0000.50_det01_context.png,outputs/frame_checks/test_new_architecture_state/q060/q060_t0000.50_det01_bbox_crop.png,outputs/frame_checks/test_new_architecture_state/q060/q060_t0000.50_det01_sam_mask.png,outputs/frame_checks/test_new_architecture_state/q060/q060_t0000.50_det01_masked_crop.png,outputs/frame_checks/test_new_architecture_state/q060/q060_t0000.50_det01_debug.png
test_new_architecture_state,q058,video_07,1.000,30,1,1,a yellow-and-white car is parked near the construction site,a yellow-and-white car near the construction site,a yellow-and-white car near the construction site,0.7217988967895508,"131.3,74.6,182.4,105.4","132.0,75.0,182.0,106.0",1030,0.15301744639873505,0.12870122492313385,"yellow,white",0.2145631067961165,0.490182900428772,0.37510108947753906,0.006929714997952071,outputs/frame_checks/test_new_architecture_state/q058/q058_t0001.00_det01_context.png,outputs/frame_checks/test_new_architecture_state/q058/q058_t0001.00_det01_bbox_crop.png,outputs/frame_checks/test_new_architecture_state/q058/q058_t0001.00_det01_sam_mask.png,outputs/frame_checks/test_new_architecture_state/q058/q058_t0001.00_det01_masked_crop.png,outputs/frame_checks/test_new_architecture_state/q058/q058_t0001.00_det01_debug.png
test_new_architecture_state,q059,video_07,1.000,30,1,1,a tractor is lying on its side,a tractor on its side,a tractor on its side,0.4645073115825653,"130.4,94.4,159.4,144.8","133.0,95.0,159.0,144.0",813,0.09349148720502853,0.06440319865942001,,,0.45277297496795654,0.49834141731262205,0.024044490333625164,outputs/frame_checks/test_new_architecture_state/q059/q059_t0001.00_det01_context.png,outputs/frame_checks/test_new_architecture_state/q059/q059_t0001.00_det01_bbox_crop.png,outputs/frame_checks/test_new_architecture_state/q059/q059_t0001.00_det01_sam_mask.png,outputs/frame_checks/test_new_architecture_state/q059/q059_t0001.00_det01_masked_crop.png,outputs/frame_checks/test_new_architecture_state/q059/q059_t0001.00_det01_debug.png
test_new_architecture_state,q060,video_07,1.000,30,1,1,a person wearing a white shirt,a person wearing a white shirt,a person wearing a white shirt,0.44458144903182983,"140.3,100.7,157.4,124.0","140.0,102.0,157.0,124.0",250,0.03533751517534256,0.0683596134185791,white,0.024,0.46507256031036376,0.4681957403818766,0.0016349425343163925,outputs/frame_checks/test_new_architecture_state/q060/q060_t0001.00_det01_context.png,outputs/frame_checks/test_new_architecture_state/q060/q060_t0001.00_det01_bbox_crop.png,outputs/frame_checks/test_new_architecture_state/q060/q060_t0001.00_det01_sam_mask.png,outputs/frame_checks/test_new_architecture_state/q060/q060_t0001.00_det01_masked_crop.png,outputs/frame_checks/test_new_architecture_state/q060/q060_t0001.00_det01_debug.png
test_new_architecture_state,q059,video_07,1.500,45,1,1,a tractor is lying on its side,a tractor on its side,a tractor on its side,0.5480284690856934,"128.5,93.9,159.7,145.0","129.0,96.0,159.0,144.0",855,0.07817815244197845,0.0614258348941803,,,0.4502701997756958,0.4977010567982992,0.005166796009636739,outputs/frame_checks/test_new_architecture_state/q059/q059_t0001.50_det01_context.png,outputs/frame_checks/test_new_architecture_state/q059/q059_t0001.50_det01_bbox_crop.png,outputs/frame_checks/test_new_architecture_state/q059/q059_t0001.50_det01_sam_mask.png,outputs/frame_checks/test_new_architecture_state/q059/q059_t0001.50_det01_masked_crop.png,outputs/frame_checks/test_new_architecture_state/q059/q059_t0001.50_det01_debug.png
test_new_architecture_state,q060,video_07,1.500,45,1,1,a person wearing a white shirt,a person wearing a white shirt,a person wearing a white shirt,0.5066035985946655,"140.3,100.8,157.1,123.6","140.0,102.0,157.0,124.0",253,0.03116786852478981,0.06890591233968735,white,0.023715415019762844,0.46469969749450685,0.4674544334411621,0.0016595935162566058,outputs/frame_checks/test_new_architecture_state/q060/q060_t0001.50_det01_context.png,outputs/frame_checks/test_new_architecture_state/q060/q060_t0001.50_det01_bbox_crop.png,outputs/frame_checks/test_new_architecture_state/q060/q060_t0001.50_det01_sam_mask.png,outputs/frame_checks/test_new_architecture_state/q060/q060_t0001.50_det01_masked_crop.png,outputs/frame_checks/test_new_architecture_state/q060/q060_t0001.50_det01_debug.png
test_new_architecture_state,q058,video_07,2.000,60,1,1,a yellow-and-white car is parked near the construction site,a yellow-and-white car near the construction site,a yellow-and-white car near the construction site,0.7139949202537537,"130.9,76.5,182.6,106.1","132.0,76.0,182.0,105.0",1019,0.16650515794754028,0.13444001972675323,"yellow,white",0.21197252208047104,0.48986001014709474,0.38042116165161133,0.0018774907597392458,outputs/frame_checks/test_new_architecture_state/q058/q058_t0002.00_det01_context.png,outputs/frame_checks/test_new_architecture_state/q058/q058_t0002.00_det01_bbox_crop.png,outputs/frame_checks/test_new_architecture_state/q058/q058_t0002.00_det01_sam_mask.png,outputs/frame_checks/test_new_architecture_state/q058/q058_t0002.00_det01_masked_crop.png,outputs/frame_checks/test_new_architecture_state/q058/q058_t0002.00_det01_debug.png
test_new_architecture_state,q060,video_07,2.000,60,1,1,a person wearing a white shirt,a person wearing a white shirt,a person wearing a white shirt,0.5210344195365906,"140.4,100.6,156.9,123.3","140.0,102.0,157.0,123.0",235,0.03496213257312775,0.06564736366271973,white,0.029787234042553193,0.46448168754577634,0.4663364887237549,0.002278006785700341,outputs/frame_checks/test_new_architecture_state/q060/q060_t0002.00_det01_context.png,outputs/frame_checks/test_new_architecture_state/q060/q060_t0002.00_det01_bbox_crop.png,outputs/frame_checks/test_new_architecture_state/q060/q060_t0002.00_det01_sam_mask.png,outputs/frame_checks/test_new_architecture_state/q060/q060_t0002.00_det01_masked_crop.png,outputs/frame_checks/test_new_architecture_state/q060/q060_t0002.00_det01_debug.png
test_new_architecture_state,q058,video_07,2.500,75,1,1,a yellow-and-white car is parked near the construction site,a yellow-and-white car near the construction site,a yellow-and-white car near the construction site,0.7085046768188477,"131.6,76.1,182.2,105.7","132.0,76.0,182.0,105.0",1010,0.16408273577690125,0.13546226918697357,"yellow,white",0.21485148514851485,0.4902661323547363,0.37883925437927246,0.0032664144659355554,outputs/frame_checks/test_new_architecture_state/q058/q058_t0002.50_det01_context.png,outputs/frame_checks/test_new_architecture_state/q058/q058_t0002.50_det01_bbox_crop.png,outputs/frame_checks/test_new_architecture_state/q058/q058_t0002.50_det01_sam_mask.png,outputs/frame_checks/test_new_architecture_state/q058/q058_t0002.50_det01_masked_crop.png,outputs/frame_checks/test_new_architecture_state/q058/q058_t0002.50_det01_debug.png
test_new_architecture_state,q060,video_07,2.500,75,1,1,a person wearing a white shirt,a person wearing a white shirt,a person wearing a white shirt,0.5504526495933533,"140.6,100.4,156.7,123.1","140.0,102.0,157.0,123.0",234,0.03313848376274109,0.06610693782567978,white,0.03418803418803419,0.4644628524780273,0.4657195727030436,0.0012344069610746072,outputs/frame_checks/test_new_architecture_state/q060/q060_t0002.50_det01_context.png,outputs/frame_checks/test_new_architecture_state/q060/q060_t0002.50_det01_bbox_crop.png,outputs/frame_checks/test_new_architecture_state/q060/q060_t0002.50_det01_sam_mask.png,outputs/frame_checks/test_new_architecture_state/q060/q060_t0002.50_det01_masked_crop.png,outputs/frame_checks/test_new_architecture_state/q060/q060_t0002.50_det01_debug.png
test_new_architecture_state,q058,video_07,3.000,90,1,1,a yellow-and-white car is parked near the construction site,a yellow-and-white car near the construction site,a yellow-and-white car near the construction site,0.7223713397979736,"131.2,75.7,182.3,105.5","132.0,75.0,182.0,105.0",890,0.1454150229692459,0.13137485086917877,"yellow,white",0.24382022471910111,0.4898245811462402,0.37738250096639,0.0030444033738446182,outputs/frame_checks/test_new_architecture_state/q058/q058_t0003.00_det01_context.png,outputs/frame_checks/test_new_architecture_state/q058/q058_t0003.00_det01_bbox_crop.png,outputs/frame_checks/test_new_architecture_state/q058/q058_t0003.00_det01_sam_mask.png,outputs/frame_checks/test_new_architecture_state/q058/q058_t0003.00_det01_masked_crop.png,outputs/frame_checks/test_new_architecture_state/q058/q058_t0003.00_det01_debug.png
test_new_architecture_state,q059,video_07,3.000,90,1,1,a tractor is lying on its side,a tractor on its side,a tractor on its side,0.48043471574783325,"130.9,97.7,161.1,145.2","131.0,97.0,160.0,144.0",836,0.08915960788726807,0.059611618518829346,,,0.4563159704208374,0.5061109860738119,0.016669035360242165,outputs/frame_checks/test_new_architecture_state/q059/q059_t0003.00_det01_context.png,outputs/frame_checks/test_new_architecture_state/q059/q059_t0003.00_det01_bbox_crop.png,outputs/frame_checks/test_new_architecture_state/q059/q059_t0003.00_det01_sam_mask.png,outputs/frame_checks/test_new_architecture_state/q059/q059_t0003.00_det01_masked_crop.png,outputs/frame_checks/test_new_architecture_state/q059/q059_t0003.00_det01_debug.png
test_new_architecture_state,q058,video_07,4.000,120,1,1,a yellow-and-white car is parked near the construction site,a yellow-and-white car near the construction site,a yellow-and-white car near the construction site,0.7065016627311707,"131.1,76.4,182.3,105.6","132.0,76.0,182.0,105.0",1020,0.1675482988357544,0.13608652353286743,"yellow,white",0.23529411764705882,0.4896829605102539,0.3790798505147298,0.0009615619642244795,outputs/frame_checks/test_new_architecture_state/q058/q058_t0004.00_det01_context.png,outputs/frame_checks/test_new_architecture_state/q058/q058_t0004.00_det01_bbox_crop.png,outputs/frame_checks/test_new_architecture_state/q058/q058_t0004.00_det01_sam_mask.png,outputs/frame_checks/test_new_architecture_state/q058/q058_t0004.00_det01_masked_crop.png,outputs/frame_checks/test_new_architecture_state/q058/q058_t0004.00_det01_debug.png
test_new_architecture_state,q060,video_07,4.000,120,1,1,a person wearing a white shirt,a person wearing a white shirt,a person wearing a white shirt,0.6148905754089355,"140.9,100.7,157.2,122.5","140.0,102.0,157.0,123.0",226,0.0379730723798275,0.07321000844240189,white,0.02654867256637168,0.4657830953598022,0.4648502667744954,0.001603364118727931,outputs/frame_checks/test_new_architecture_state/q060/q060_t0004.00_det01_context.png,outputs/frame_checks/test_new_architecture_state/q060/q060_t0004.00_det01_bbox_crop.png,outputs/frame_checks/test_new_architecture_state/q060/q060_t0004.00_det01_sam_mask.png,outputs/frame_checks/test_new_architecture_state/q060/q060_t0004.00_det01_masked_crop.png,outputs/frame_checks/test_new_architecture_state/q060/q060_t0004.00_det01_debug.png
test_new_architecture_state,q058,video_07,4.500,135,1,1,a yellow-and-white car is parked near the construction site,a yellow-and-white car near the construction site,a yellow-and-white car near the construction site,0.7130943536758423,"131.3,76.6,182.2,105.5","132.0,76.0,182.0,105.0",1017,0.16277208924293518,0.13617633283138275,"yellow,white",0.23107177974434612,0.4897768497467041,0.3792951424916585,0.0004697481199582405,outputs/frame_checks/test_new_architecture_state/q058/q058_t0004.50_det01_context.png,outputs/frame_checks/test_new_architecture_state/q058/q058_t0004.50_det01_bbox_crop.png,outputs/frame_checks/test_new_architecture_state/q058/q058_t0004.50_det01_sam_mask.png,outputs/frame_checks/test_new_architecture_state/q058/q058_t0004.50_det01_masked_crop.png,outputs/frame_checks/test_new_architecture_state/q058/q058_t0004.50_det01_debug.png
test_new_architecture_state,q059,video_07,5.000,150,1,1,a tractor is lying on its side,a tractor on its side,a tractor on its side,0.6434319019317627,"128.8,93.6,160.3,145.0","129.0,94.0,159.0,144.0",914,0.07576674222946167,0.05911858379840851,,,0.45175106525421144,0.4970922311147054,0.005937142323770108,outputs/frame_checks/test_new_architecture_state/q059/q059_t0005.00_det01_context.png,outputs/frame_checks/test_new_architecture_state/q059/q059_t0005.00_det01_bbox_crop.png,outputs/frame_checks/test_new_architecture_state/q059/q059_t0005.00_det01_sam_mask.png,outputs/frame_checks/test_new_architecture_state/q059/q059_t0005.00_det01_masked_crop.png,outputs/frame_checks/test_new_architecture_state/q059/q059_t0005.00_det01_debug.png
test_new_architecture_state,q060,video_07,5.000,150,1,1,a person wearing a white shirt,a person wearing a white shirt,a person wearing a white shirt,0.5100782513618469,"141.1,100.4,157.3,122.4","141.0,102.0,157.0,123.0",231,0.02824559062719345,0.07186489552259445,white,0.025974025974025976,0.46632816791534426,0.4642495155334473,0.0013927906641974153,outputs/frame_checks/test_new_architecture_state/q060/q060_t0005.00_det01_context.png,outputs/frame_checks/test_new_architecture_state/q060/q060_t0005.00_det01_bbox_crop.png,outputs/frame_checks/test_new_architecture_state/q060/q060_t0005.00_det01_sam_mask.png,outputs/frame_checks/test_new_architecture_state/q060/q060_t0005.00_det01_masked_crop.png,outputs/frame_checks/test_new_architecture_state/q060/q060_t0005.00_det01_debug.png
test_new_architecture_state,q058,video_07,5.500,165,1,1,a yellow-and-white car is parked near the construction site,a yellow-and-white car near the construction site,a yellow-and-white car near the construction site,0.6778033971786499,"131.2,76.7,182.3,105.8","132.0,76.0,182.0,105.0",977,0.15430016815662384,0.11956992745399475,"yellow,white",0.2323439099283521,0.48982901573181153,0.3801673571268717,0.0021088019980505046,outputs/frame_checks/test_new_architecture_state/q058/q058_t0005.50_det01_context.png,outputs/frame_checks/test_new_architecture_state/q058/q058_t0005.50_det01_bbox_crop.png,outputs/frame_checks/test_new_architecture_state/q058/q058_t0005.50_det01_sam_mask.png,outputs/frame_checks/test_new_architecture_state/q058/q058_t0005.50_det01_masked_crop.png,outputs/frame_checks/test_new_architecture_state/q058/q058_t0005.50_det01_debug.png
test_new_architecture_state,q060,video_07,5.500,165,1,1,a person wearing a white shirt,a person wearing a white shirt,a person wearing a white shirt,0.4894523322582245,"140.3,100.1,157.7,122.9","141.0,102.0,157.0,123.0",246,0.02235606499016285,0.07128673791885376,white,0.028455284552845527,0.4655649185180664,0.46449813842773435,0.0016054444693089423,outputs/frame_checks/test_new_architecture_state/q060/q060_t0005.50_det01_context.png,outputs/frame_checks/test_new_architecture_state/q060/q060_t0005.50_det01_bbox_crop.png,outputs/frame_checks/test_new_architecture_state/q060/q060_t0005.50_det01_sam_mask.png,outputs/frame_checks/test_new_architecture_state/q060/q060_t0005.50_det01_masked_crop.png,outputs/frame_checks/test_new_architecture_state/q060/q060_t0005.50_det01_debug.png
test_new_architecture_state,q059,video_07,7.000,210,1,1,a tractor is lying on its side,a tractor on its side,a tractor on its side,0.582245945930481,"132.3,95.2,160.8,145.4","133.0,94.0,159.0,144.0",797,0.09025885164737701,0.05937547981739044,,,0.458047080039978,0.5014135996500652,0.0008902802437083293,outputs/frame_checks/test_new_architecture_state/q059/q059_t0007.00_det01_context.png,outputs/frame_checks/test_new_architecture_state/q059/q059_t0007.00_det01_bbox_crop.png,outputs/frame_checks/test_new_architecture_state/q059/q059_t0007.00_det01_sam_mask.png,outputs/frame_checks/test_new_architecture_state/q059/q059_t0007.00_det01_masked_crop.png,outputs/frame_checks/test_new_architecture_state/q059/q059_t0007.00_det01_debug.png
test_new_architecture_state,q058,video_07,9.000,270,1,1,a yellow-and-white car is parked near the construction site,a yellow-and-white car near the construction site,a yellow-and-white car near the construction site,0.6801744699478149,"131.0,76.4,182.5,106.2","132.0,76.0,182.0,105.0",995,0.16361784934997559,0.12236318737268448,"yellow,white",0.2241206030150754,0.4899233102798462,0.38049537340799966,0.0024292859335259846,outputs/frame_checks/test_new_architecture_state/q058/q058_t0009.00_det01_context.png,outputs/frame_checks/test_new_architecture_state/q058/q058_t0009.00_det01_bbox_crop.png,outputs/frame_checks/test_new_architecture_state/q058/q058_t0009.00_det01_sam_mask.png,outputs/frame_checks/test_new_architecture_state/q058/q058_t0009.00_det01_masked_crop.png,outputs/frame_checks/test_new_architecture_state/q058/q058_t0009.00_det01_debug.png
test_new_architecture_state,q059,video_07,9.000,270,1,1,a tractor is lying on its side,a tractor on its side,a tractor on its side,0.4062783718109131,"132.7,94.3,160.8,145.5","134.0,94.0,160.0,144.0",840,0.09111267328262329,0.05868292599916458,,,0.4586085081100464,0.49956684112548827,0.0016964568507442628,outputs/frame_checks/test_new_architecture_state/q059/q059_t0009.00_det01_context.png,outputs/frame_checks/test_new_architecture_state/q059/q059_t0009.00_det01_bbox_crop.png,outputs/frame_checks/test_new_architecture_state/q059/q059_t0009.00_det01_sam_mask.png,outputs/frame_checks/test_new_architecture_state/q059/q059_t0009.00_det01_masked_crop.png,outputs/frame_checks/test_new_architecture_state/q059/q059_t0009.00_det01_debug.png
test_new_architecture_state,q060,video_07,9.500,285,1,1,a person wearing a white shirt,a person wearing a white shirt,a person wearing a white shirt,0.6204131841659546,"141.2,100.3,158.3,124.6","142.0,102.0,158.0,124.0",226,0.02842988818883896,0.0635448545217514,white,0.03982300884955752,0.4679914951324463,0.46864611307779946,0.016500438071299518,outputs/frame_checks/test_new_architecture_state/q060/q060_t0009.50_det01_context.png,outputs/frame_checks/test_new_architecture_state/q060/q060_t0009.50_det01_bbox_crop.png,outputs/frame_checks/test_new_architecture_state/q060/q060_t0009.50_det01_sam_mask.png,outputs/frame_checks/test_new_architecture_state/q060/q060_t0009.50_det01_masked_crop.png,outputs/frame_checks/test_new_architecture_state/q060/q060_t0009.50_det01_debug.png
test_new_architecture_state,q059,video_07,10.000,300,1,1,a tractor is lying on its side,a tractor on its side,a tractor on its side,0.5957069993019104,"131.2,96.0,164.0,149.7","129.0,95.0,162.0,148.0",939,0.09983831644058228,0.05538200959563255,,,0.46126360893249513,0.5118819872538248,0.016875774254508286,outputs/frame_checks/test_new_architecture_state/q059/q059_t0010.00_det01_context.png,outputs/frame_checks/test_new_architecture_state/q059/q059_t0010.00_det01_bbox_crop.png,outputs/frame_checks/test_new_architecture_state/q059/q059_t0010.00_det01_sam_mask.png,outputs/frame_checks/test_new_architecture_state/q059/q059_t0010.00_det01_masked_crop.png,outputs/frame_checks/test_new_architecture_state/q059/q059_t0010.00_det01_debug.png
test_new_architecture_state,q058,video_07,10.500,315,1,1,a yellow-and-white car is parked near the construction site,a yellow-and-white car near the construction site,a yellow-and-white car near the construction site,0.723655641078949,"131.4,77.2,182.2,105.3","132.0,76.0,182.0,105.0",810,0.15485340356826782,0.119899220764637,"yellow,white",0.30246913580246915,0.48996331691741946,0.38031625747680664,0.005308929594680164,outputs/frame_checks/test_new_architecture_state/q058/q058_t0010.50_det01_context.png,outputs/frame_checks/test_new_architecture_state/q058/q058_t0010.50_det01_bbox_crop.png,outputs/frame_checks/test_new_architecture_state/q058/q058_t0010.50_det01_sam_mask.png,outputs/frame_checks/test_new_architecture_state/q058/q058_t0010.50_det01_masked_crop.png,outputs/frame_checks/test_new_architecture_state/q058/q058_t0010.50_det01_debug.png
test_new_architecture_state,q059,video_07,10.500,315,1,1,a tractor is lying on its side,a tractor on its side,a tractor on its side,0.5869784951210022,"129.4,95.9,163.7,151.1","130.0,96.0,163.0,150.0",946,0.10651768743991852,0.05337408557534218,,,0.45793843269348145,0.5145689487457276,0.008550218495329652,outputs/frame_checks/test_new_architecture_state/q059/q059_t0010.50_det01_context.png,outputs/frame_checks/test_new_architecture_state/q059/q059_t0010.50_det01_bbox_crop.png,outputs/frame_checks/test_new_architecture_state/q059/q059_t0010.50_det01_sam_mask.png,outputs/frame_checks/test_new_architecture_state/q059/q059_t0010.50_det01_masked_crop.png,outputs/frame_checks/test_new_architecture_state/q059/q059_t0010.50_det01_debug.png
test_new_architecture_state,q058,video_07,11.000,330,1,1,a yellow-and-white car is parked near the construction site,a yellow-and-white car near the construction site,a yellow-and-white car near the construction site,0.7426541447639465,"131.7,77.0,182.4,104.6","132.0,76.0,182.0,103.0",791,0.15020865201950073,0.11985349655151367,"yellow,white",0.32364096080910243,0.4906458854675293,0.3783175309499105,0.004224124787416855,outputs/frame_checks/test_new_architecture_state/q058/q058_t0011.00_det01_context.png,outputs/frame_checks/test_new_architecture_state/q058/q058_t0011.00_det01_bbox_crop.png,outputs/frame_checks/test_new_architecture_state/q058/q058_t0011.00_det01_sam_mask.png,outputs/frame_checks/test_new_architecture_state/q058/q058_t0011.00_det01_masked_crop.png,outputs/frame_checks/test_new_architecture_state/q058/q058_t0011.00_det01_debug.png
test_new_architecture_state,q058,video_07,11.500,345,1,1,a yellow-and-white car is parked near the construction site,a yellow-and-white car near the construction site,a yellow-and-white car near the construction site,0.7484678626060486,"131.5,76.8,182.6,105.5","132.0,76.0,182.0,104.0",897,0.14863945543766022,0.12279002368450165,"yellow,white",0.2931995540691193,0.4908221006393433,0.3797560850779215,0.002898613300179932,outputs/frame_checks/test_new_architecture_state/q058/q058_t0011.50_det01_context.png,outputs/frame_checks/test_new_architecture_state/q058/q058_t0011.50_det01_bbox_crop.png,outputs/frame_checks/test_new_architecture_state/q058/q058_t0011.50_det01_sam_mask.png,outputs/frame_checks/test_new_architecture_state/q058/q058_t0011.50_det01_masked_crop.png,outputs/frame_checks/test_new_architecture_state/q058/q058_t0011.50_det01_debug.png
test_new_architecture_state,q058,video_07,12.000,360,1,1,a yellow-and-white car is parked near the construction site,a yellow-and-white car near the construction site,a yellow-and-white car near the construction site,0.7422375679016113,"131.2,77.0,182.5,106.7","132.0,75.0,182.0,105.0",910,0.15211308002471924,0.09541599452495575,"yellow,white",0.33516483516483514,0.49025354385375974,0.3828669865926107,0.006324860489379515,outputs/frame_checks/test_new_architecture_state/q058/q058_t0012.00_det01_context.png,outputs/frame_checks/test_new_architecture_state/q058/q058_t0012.00_det01_bbox_crop.png,outputs/frame_checks/test_new_architecture_state/q058/q058_t0012.00_det01_sam_mask.png,outputs/frame_checks/test_new_architecture_state/q058/q058_t0012.00_det01_masked_crop.png,outputs/frame_checks/test_new_architecture_state/q058/q058_t0012.00_det01_debug.png
test_new_architecture_state,q058,video_07,12.500,375,1,1,a yellow-and-white car is parked near the construction site,a yellow-and-white car near the construction site,a yellow-and-white car near the construction site,0.7774121165275574,"131.8,77.5,182.0,106.1","132.0,80.0,182.0,105.0",790,0.15328483283519745,0.1181255429983139,"yellow,white",0.35063291139240504,0.49031388759613037,0.3825443903605143,0.0006563831082716584,outputs/frame_checks/test_new_architecture_state/q058/q058_t0012.50_det01_context.png,outputs/frame_checks/test_new_architecture_state/q058/q058_t0012.50_det01_bbox_crop.png,outputs/frame_checks/test_new_architecture_state/q058/q058_t0012.50_det01_sam_mask.png,outputs/frame_checks/test_new_architecture_state/q058/q058_t0012.50_det01_masked_crop.png,outputs/frame_checks/test_new_architecture_state/q058/q058_t0012.50_det01_debug.png
test_new_architecture_state,q060,video_07,12.500,375,1,1,a person wearing a white shirt,a person wearing a white shirt,a person wearing a white shirt,0.8066878318786621,"166.7,82.6,181.9,114.9","168.0,84.0,181.0,114.0",229,0.026860589161515236,0.06917549669742584,white,0.008733624454148471,0.5447831630706788,0.4114565213521322,0.036467598891324886,outputs/frame_checks/test_new_architecture_state/q060/q060_t0012.50_det01_context.png,outputs/frame_checks/test_new_architecture_state/q060/q060_t0012.50_det01_bbox_crop.png,outputs/frame_checks/test_new_architecture_state/q060/q060_t0012.50_det01_sam_mask.png,outputs/frame_checks/test_new_architecture_state/q060/q060_t0012.50_det01_masked_crop.png,outputs/frame_checks/test_new_architecture_state/q060/q060_t0012.50_det01_debug.png
test_new_architecture_state,q058,video_07,13.000,390,1,1,a yellow-and-white car is parked near the construction site,a yellow-and-white car near the construction site,a yellow-and-white car near the construction site,0.7843134999275208,"131.4,77.3,180.4,105.8","132.0,76.0,180.0,105.0",874,0.16280841827392578,0.12798117101192474,"yellow,white",0.3524027459954233,0.48722209930419924,0.38153982162475586,0.006501788426882474,outputs/frame_checks/test_new_architecture_state/q058/q058_t0013.00_det01_context.png,outputs/frame_checks/test_new_architecture_state/q058/q058_t0013.00_det01_bbox_crop.png,outputs/frame_checks/test_new_architecture_state/q058/q058_t0013.00_det01_sam_mask.png,outputs/frame_checks/test_new_architecture_state/q058/q058_t0013.00_det01_masked_crop.png,outputs/frame_checks/test_new_architecture_state/q058/q058_t0013.00_det01_debug.png
test_new_architecture_state,q059,video_07,13.000,390,1,1,a tractor is lying on its side,a tractor on its side,a tractor on its side,0.6477972865104675,"136.4,99.6,165.5,153.8","136.0,98.0,165.0,153.0",917,0.08952279388904572,0.05739567428827286,,,0.47176997661590575,0.5279668966929117,0.002396016761067576,outputs/frame_checks/test_new_architecture_state/q059/q059_t0013.00_det01_context.png,outputs/frame_checks/test_new_architecture_state/q059/q059_t0013.00_det01_bbox_crop.png,outputs/frame_checks/test_new_architecture_state/q059/q059_t0013.00_det01_sam_mask.png,outputs/frame_checks/test_new_architecture_state/q059/q059_t0013.00_det01_masked_crop.png,outputs/frame_checks/test_new_architecture_state/q059/q059_t0013.00_det01_debug.png
test_new_architecture_state,q058,video_07,13.500,405,1,1,a yellow-and-white car is parked near the construction site,a yellow-and-white car near the construction site,a yellow-and-white car near the construction site,0.7939348816871643,"131.3,76.7,181.5,105.7","132.0,76.0,180.0,105.0",944,0.15910467505455017,0.11766022443771362,"yellow,white",0.350635593220339,0.48876514434814455,0.3800069808959961,0.004349983313710032,outputs/frame_checks/test_new_architecture_state/q058/q058_t0013.50_det01_context.png,outputs/frame_checks/test_new_architecture_state/q058/q058_t0013.50_det01_bbox_crop.png,outputs/frame_checks/test_new_architecture_state/q058/q058_t0013.50_det01_sam_mask.png,outputs/frame_checks/test_new_architecture_state/q058/q058_t0013.50_det01_masked_crop.png,outputs/frame_checks/test_new_architecture_state/q058/q058_t0013.50_det01_debug.png
test_new_architecture_state,q059,video_07,13.500,405,1,1,a tractor is lying on its side,a tractor on its side,a tractor on its side,0.7065995335578918,"131.6,97.1,165.2,154.1","134.0,97.0,165.0,153.0",922,0.11101649701595306,0.06506761908531189,,,0.46383492946624755,0.5234620730082195,0.01824920926478333,outputs/frame_checks/test_new_architecture_state/q059/q059_t0013.50_det01_context.png,outputs/frame_checks/test_new_architecture_state/q059/q059_t0013.50_det01_bbox_crop.png,outputs/frame_checks/test_new_architecture_state/q059/q059_t0013.50_det01_sam_mask.png,outputs/frame_checks/test_new_architecture_state/q059/q059_t0013.50_det01_masked_crop.png,outputs/frame_checks/test_new_architecture_state/q059/q059_t0013.50_det01_debug.png
test_new_architecture_state,q060,video_07,13.500,405,1,1,a person wearing a white shirt,a person wearing a white shirt,a person wearing a white shirt,0.8266306519508362,"178.1,79.1,189.8,111.9","180.0,81.0,189.0,111.0",211,0.03886045515537262,0.04623265936970711,white,0.061611374407582936,0.5748476982116699,0.39789843559265137,0.036282153685394065,outputs/frame_checks/test_new_architecture_state/q060/q060_t0013.50_det01_context.png,outputs/frame_checks/test_new_architecture_state/q060/q060_t0013.50_det01_bbox_crop.png,outputs/frame_checks/test_new_architecture_state/q060/q060_t0013.50_det01_sam_mask.png,outputs/frame_checks/test_new_architecture_state/q060/q060_t0013.50_det01_masked_crop.png,outputs/frame_checks/test_new_architecture_state/q060/q060_t0013.50_det01_debug.png
test_new_architecture_state,q058,video_07,14.000,420,1,1,a yellow-and-white car is parked near the construction site,a yellow-and-white car near the construction site,a yellow-and-white car near the construction site,0.7965641021728516,"131.2,75.7,182.4,105.7","132.0,75.0,182.0,105.0",990,0.16922083497047424,0.11762456595897675,"yellow,white",0.3333333333333333,0.49002487659454347,0.3779692014058431,0.004791438440846523,outputs/frame_checks/test_new_architecture_state/q058/q058_t0014.00_det01_context.png,outputs/frame_checks/test_new_architecture_state/q058/q058_t0014.00_det01_bbox_crop.png,outputs/frame_checks/test_new_architecture_state/q058/q058_t0014.00_det01_sam_mask.png,outputs/frame_checks/test_new_architecture_state/q058/q058_t0014.00_det01_masked_crop.png,outputs/frame_checks/test_new_architecture_state/q058/q058_t0014.00_det01_debug.png
test_new_architecture_state,q059,video_07,14.000,420,1,1,a tractor is lying on its side,a tractor on its side,a tractor on its side,0.6079405546188354,"132.4,97.4,165.7,154.5","134.0,97.0,164.0,153.0",1023,0.12061239033937454,0.06393051147460938,,,0.4657804727554321,0.5249200185139974,0.004862404256295091,outputs/frame_checks/test_new_architecture_state/q059/q059_t0014.00_det01_context.png,outputs/frame_checks/test_new_architecture_state/q059/q059_t0014.00_det01_bbox_crop.png,outputs/frame_checks/test_new_architecture_state/q059/q059_t0014.00_det01_sam_mask.png,outputs/frame_checks/test_new_architecture_state/q059/q059_t0014.00_det01_masked_crop.png,outputs/frame_checks/test_new_architecture_state/q059/q059_t0014.00_det01_debug.png
test_new_architecture_state,q060,video_07,14.000,420,1,1,a person wearing a white shirt,a person wearing a white shirt,a person wearing a white shirt,0.82733553647995,"180.1,76.5,192.3,107.0","182.0,78.0,191.0,106.0",180,0.0543079636991024,0.06638695299625397,white,0.044444444444444446,0.5817424058914185,0.3822642962137858,0.03417386768318609,outputs/frame_checks/test_new_architecture_state/q060/q060_t0014.00_det01_context.png,outputs/frame_checks/test_new_architecture_state/q060/q060_t0014.00_det01_bbox_crop.png,outputs/frame_checks/test_new_architecture_state/q060/q060_t0014.00_det01_sam_mask.png,outputs/frame_checks/test_new_architecture_state/q060/q060_t0014.00_det01_masked_crop.png,outputs/frame_checks/test_new_architecture_state/q060/q060_t0014.00_det01_debug.png
test_new_architecture_state,q058,video_07,14.500,435,1,1,a yellow-and-white car is parked near the construction site,a yellow-and-white car near the construction site,a yellow-and-white car near the construction site,0.8010097742080688,"131.3,76.2,182.2,105.8","132.0,76.0,182.0,105.0",978,0.16108454763889313,0.11984086781740189,"yellow,white",0.3333333333333333,0.4898791790008545,0.3792615254720052,0.0026010223226942686,outputs/frame_checks/test_new_architecture_state/q058/q058_t0014.50_det01_context.png,outputs/frame_checks/test_new_architecture_state/q058/q058_t0014.50_det01_bbox_crop.png,outputs/frame_checks/test_new_architecture_state/q058/q058_t0014.50_det01_sam_mask.png,outputs/frame_checks/test_new_architecture_state/q058/q058_t0014.50_det01_masked_crop.png,outputs/frame_checks/test_new_architecture_state/q058/q058_t0014.50_det01_debug.png
test_new_architecture_state,q059,video_07,14.500,435,1,1,a tractor is lying on its side,a tractor on its side,a tractor on its side,0.7400329113006592,"133.4,97.6,165.6,155.1","132.0,97.0,165.0,153.0",1001,0.10486455261707306,0.06779220700263977,,,0.4671661615371704,0.5264441808064778,0.004119807807970903,outputs/frame_checks/test_new_architecture_state/q059/q059_t0014.50_det01_context.png,outputs/frame_checks/test_new_architecture_state/q059/q059_t0014.50_det01_bbox_crop.png,outputs/frame_checks/test_new_architecture_state/q059/q059_t0014.50_det01_sam_mask.png,outputs/frame_checks/test_new_architecture_state/q059/q059_t0014.50_det01_masked_crop.png,outputs/frame_checks/test_new_architecture_state/q059/q059_t0014.50_det01_debug.png
test_new_architecture_state,q059,video_07,15.500,465,1,1,a tractor is lying on its side,a tractor on its side,a tractor on its side,0.7722296118736267,"133.0,97.6,165.4,154.9","132.0,97.0,164.0,153.0",992,0.11135401576757431,0.0669625848531723,,,0.46627445220947267,0.5260686238606771,0.004632287357075258,outputs/frame_checks/test_new_architecture_state/q059/q059_t0015.50_det01_context.png,outputs/frame_checks/test_new_architecture_state/q059/q059_t0015.50_det01_bbox_crop.png,outputs/frame_checks/test_new_architecture_state/q059/q059_t0015.50_det01_sam_mask.png,outputs/frame_checks/test_new_architecture_state/q059/q059_t0015.50_det01_masked_crop.png,outputs/frame_checks/test_new_architecture_state/q059/q059_t0015.50_det01_debug.png
test_new_architecture_state,q059,video_07,16.000,480,1,1,a tractor is lying on its side,a tractor on its side,a tractor on its side,0.7729267477989197,"133.5,97.4,165.3,154.8","132.0,97.0,164.0,153.0",979,0.10811321437358856,0.07007424533367157,,,0.4669417142868042,0.5254327615102132,0.0018434311580118473,outputs/frame_checks/test_new_architecture_state/q059/q059_t0016.00_det01_context.png,outputs/frame_checks/test_new_architecture_state/q059/q059_t0016.00_det01_bbox_crop.png,outputs/frame_checks/test_new_architecture_state/q059/q059_t0016.00_det01_sam_mask.png,outputs/frame_checks/test_new_architecture_state/q059/q059_t0016.00_det01_masked_crop.png,outputs/frame_checks/test_new_architecture_state/q059/q059_t0016.00_det01_debug.png
test_new_architecture_state,q059,video_07,17.000,510,1,1,a tractor is lying on its side,a tractor on its side,a tractor on its side,0.7760125398635864,"129.1,99.3,165.1,154.2","126.0,100.0,165.0,152.0",916,0.11703264713287354,0.05861392989754677,,,0.4596251487731934,0.5281612873077393,0.0042400052780267134,outputs/frame_checks/test_new_architecture_state/q059/q059_t0017.00_det01_context.png,outputs/frame_checks/test_new_architecture_state/q059/q059_t0017.00_det01_bbox_crop.png,outputs/frame_checks/test_new_architecture_state/q059/q059_t0017.00_det01_sam_mask.png,outputs/frame_checks/test_new_architecture_state/q059/q059_t0017.00_det01_masked_crop.png,outputs/frame_checks/test_new_architecture_state/q059/q059_t0017.00_det01_debug.png
test_new_architecture_state,q059,video_07,17.500,525,1,1,a tractor is lying on its side,a tractor on its side,a tractor on its side,0.7865591645240784,"129.1,99.6,165.6,154.0","128.0,100.0,165.0,152.0",973,0.12006895244121552,0.069083072245121,,,0.46053056716918944,0.528387180964152,0.00186634446532854,outputs/frame_checks/test_new_architecture_state/q059/q059_t0017.50_det01_context.png,outputs/frame_checks/test_new_architecture_state/q059/q059_t0017.50_det01_bbox_crop.png,outputs/frame_checks/test_new_architecture_state/q059/q059_t0017.50_det01_sam_mask.png,outputs/frame_checks/test_new_architecture_state/q059/q059_t0017.50_det01_masked_crop.png,outputs/frame_checks/test_new_architecture_state/q059/q059_t0017.50_det01_debug.png
test_new_architecture_state,q059,video_07,20.000,600,1,1,a tractor is lying on its side,a tractor on its side,a tractor on its side,0.7533567547798157,"132.4,98.9,166.2,154.6","130.0,97.0,165.0,153.0",983,0.11453130841255188,0.05555865541100502,,,0.4665703535079956,0.5280337492624919,0.019554596176553158,outputs/frame_checks/test_new_architecture_state/q059/q059_t0020.00_det01_context.png,outputs/frame_checks/test_new_architecture_state/q059/q059_t0020.00_det01_bbox_crop.png,outputs/frame_checks/test_new_architecture_state/q059/q059_t0020.00_det01_sam_mask.png,outputs/frame_checks/test_new_architecture_state/q059/q059_t0020.00_det01_masked_crop.png,outputs/frame_checks/test_new_architecture_state/q059/q059_t0020.00_det01_debug.png
test_new_architecture_state,q059,video_07,20.500,615,1,1,a tractor is lying on its side,a tractor on its side,a tractor on its side,0.6830961108207703,"130.7,98.1,165.8,153.9","129.0,98.0,165.0,149.0",902,0.11361001431941986,0.05372238531708717,,,0.4632716655731201,0.5250520706176758,0.008893087120375153,outputs/frame_checks/test_new_architecture_state/q059/q059_t0020.50_det01_context.png,outputs/frame_checks/test_new_architecture_state/q059/q059_t0020.50_det01_bbox_crop.png,outputs/frame_checks/test_new_architecture_state/q059/q059_t0020.50_det01_sam_mask.png,outputs/frame_checks/test_new_architecture_state/q059/q059_t0020.50_det01_masked_crop.png,outputs/frame_checks/test_new_architecture_state/q059/q059_t0020.50_det01_debug.png
test_new_architecture_state,q058,video_07,26.000,780,1,1,a yellow-and-white car is parked near the construction site,a yellow-and-white car near the construction site,a yellow-and-white car near the construction site,0.8016259074211121,"131.2,75.2,182.7,106.4","132.0,75.0,182.0,106.0",986,0.15393397212028503,0.13027171790599823,"yellow,white",0.3367139959432049,0.49042820930480957,0.3783650080362956,0.001506148612988237,outputs/frame_checks/test_new_architecture_state/q058/q058_t0026.00_det01_context.png,outputs/frame_checks/test_new_architecture_state/q058/q058_t0026.00_det01_bbox_crop.png,outputs/frame_checks/test_new_architecture_state/q058/q058_t0026.00_det01_sam_mask.png,outputs/frame_checks/test_new_architecture_state/q058/q058_t0026.00_det01_masked_crop.png,outputs/frame_checks/test_new_architecture_state/q058/q058_t0026.00_det01_debug.png
test_new_architecture_state,q060,video_07,58.500,1755,1,3,a person wearing a white shirt,a person wearing a white shirt,a person wearing a white shirt,0.4238966703414917,"94.0,110.2,111.6,144.3","95.0,111.0,110.0,145.0",314,0.04792251065373421,0.07527413964271545,white,0.01910828025477707,0.3213190078735352,0.5301009178161621,0.1192757033370364,outputs/frame_checks/test_new_architecture_state/q060/q060_t0058.50_det01_context.png,outputs/frame_checks/test_new_architecture_state/q060/q060_t0058.50_det01_bbox_crop.png,outputs/frame_checks/test_new_architecture_state/q060/q060_t0058.50_det01_sam_mask.png,outputs/frame_checks/test_new_architecture_state/q060/q060_t0058.50_det01_masked_crop.png,outputs/frame_checks/test_new_architecture_state/q060/q060_t0058.50_det01_debug.png
test_new_architecture_state,q060,video_07,63.500,1905,1,3,a person wearing a white shirt,a person wearing a white shirt,a person wearing a white shirt,0.45689475536346436,"56.1,118.4,77.4,155.7","58.0,119.0,77.0,157.0",383,0.07369137555360794,0.07961131632328033,white,0.02349869451697128,0.20857264399528502,0.5710441112518311,0.05611967634503583,outputs/frame_checks/test_new_architecture_state/q060/q060_t0063.50_det01_context.png,outputs/frame_checks/test_new_architecture_state/q060/q060_t0063.50_det01_bbox_crop.png,outputs/frame_checks/test_new_architecture_state/q060/q060_t0063.50_det01_sam_mask.png,outputs/frame_checks/test_new_architecture_state/q060/q060_t0063.50_det01_masked_crop.png,outputs/frame_checks/test_new_architecture_state/q060/q060_t0063.50_det01_debug.png
test_new_architecture_state,q060,video_07,64.500,1935,1,3,a person wearing a white shirt,a person wearing a white shirt,a person wearing a white shirt,0.5673032999038696,"58.3,125.7,79.3,164.1","60.0,127.0,77.0,165.0",370,0.07831971347332001,0.08511663973331451,white,0.043243243243243246,0.2150899052619934,0.6037893772125245,0.040714925362039855,outputs/frame_checks/test_new_architecture_state/q060/q060_t0064.50_det01_context.png,outputs/frame_checks/test_new_architecture_state/q060/q060_t0064.50_det01_bbox_crop.png,outputs/frame_checks/test_new_architecture_state/q060/q060_t0064.50_det01_sam_mask.png,outputs/frame_checks/test_new_architecture_state/q060/q060_t0064.50_det01_masked_crop.png,outputs/frame_checks/test_new_architecture_state/q060/q060_t0064.50_det01_debug.png
test_new_architecture_state,q060,video_07,75.000,2250,1,3,a person wearing a white shirt,a person wearing a white shirt,a person wearing a white shirt,0.4564497470855713,"80.1,126.4,96.7,158.7","82.0,128.0,97.0,158.0",312,0.03046134114265442,0.04814103618264198,white,0.16025641025641027,0.27619707584381104,0.5938659985860189,0.049951989051527784,outputs/frame_checks/test_new_architecture_state/q060/q060_t0075.00_det01_context.png,outputs/frame_checks/test_new_architecture_state/q060/q060_t0075.00_det01_bbox_crop.png,outputs/frame_checks/test_new_architecture_state/q060/q060_t0075.00_det01_sam_mask.png,outputs/frame_checks/test_new_architecture_state/q060/q060_t0075.00_det01_masked_crop.png,outputs/frame_checks/test_new_architecture_state/q060/q060_t0075.00_det01_debug.png
test_new_architecture_state,q060,video_07,87.000,2610,1,3,a person wearing a white shirt,a person wearing a white shirt,a person wearing a white shirt,0.7873349785804749,"71.1,111.8,92.0,151.1","73.0,112.0,91.0,151.0",360,0.005853401962667704,0.07765911519527435,white,0.03611111111111111,0.2547662973403931,0.547645362218221,0.022823302287431856,outputs/frame_checks/test_new_architecture_state/q060/q060_t0087.00_det01_context.png,outputs/frame_checks/test_new_architecture_state/q060/q060_t0087.00_det01_bbox_crop.png,outputs/frame_checks/test_new_architecture_state/q060/q060_t0087.00_det01_sam_mask.png,outputs/frame_checks/test_new_architecture_state/q060/q060_t0087.00_det01_masked_crop.png,outputs/frame_checks/test_new_architecture_state/q060/q060_t0087.00_det01_debug.png
test_new_architecture_state,q060,video_07,87.500,2625,1,3,a person wearing a white shirt,a person wearing a white shirt,a person wearing a white shirt,0.8329057693481445,"71.6,107.6,92.1,151.4","73.0,108.0,90.0,151.0",363,0.01563122496008873,0.06858566403388977,white,0.03856749311294766,0.25586082935333254,0.5396505991617838,0.01613867858976347,outputs/frame_checks/test_new_architecture_state/q060/q060_t0087.50_det01_context.png,outputs/frame_checks/test_new_architecture_state/q060/q060_t0087.50_det01_bbox_crop.png,outputs/frame_checks/test_new_architecture_state/q060/q060_t0087.50_det01_sam_mask.png,outputs/frame_checks/test_new_architecture_state/q060/q060_t0087.50_det01_masked_crop.png,outputs/frame_checks/test_new_architecture_state/q060/q060_t0087.50_det01_debug.png
test_new_architecture_state,q060,video_07,88.000,2640,1,3,a person wearing a white shirt,a person wearing a white shirt,a person wearing a white shirt,0.8665457367897034,"71.5,110.5,92.7,151.6","73.0,112.0,90.0,151.0",361,0.03037480264902115,0.07128501683473587,white,0.04709141274238227,0.25665831565856934,0.5459369023640951,0.012673372456994892,outputs/frame_checks/test_new_architecture_state/q060/q060_t0088.00_det01_context.png,outputs/frame_checks/test_new_architecture_state/q060/q060_t0088.00_det01_bbox_crop.png,outputs/frame_checks/test_new_architecture_state/q060/q060_t0088.00_det01_sam_mask.png,outputs/frame_checks/test_new_architecture_state/q060/q060_t0088.00_det01_masked_crop.png,outputs/frame_checks/test_new_architecture_state/q060/q060_t0088.00_det01_debug.png
test_new_architecture_state,q067,video_08,0.000,0,1,1,there are no cashiers at the checkout counters,cashiers at the checkout counters,cashiers at the checkout counters,0.2948916554450989,"170.1,50.9,203.2,120.7","171.0,53.0,202.0,120.0",971,0.11329489946365356,0.03695168346166611,,,0.5833632230758667,0.35752209027608234,,outputs/frame_checks/test_new_architecture_state/q067/q067_t0000.00_det01_context.png,outputs/frame_checks/test_new_architecture_state/q067/q067_t0000.00_det01_bbox_crop.png,outputs/frame_checks/test_new_architecture_state/q067/q067_t0000.00_det01_sam_mask.png,outputs/frame_checks/test_new_architecture_state/q067/q067_t0000.00_det01_masked_crop.png,outputs/frame_checks/test_new_architecture_state/q067/q067_t0000.00_det01_debug.png
test_new_architecture_state,q069,video_08,0.000,0,1,1,only one checkout counter is open,only one checkout counter,only one checkout counter,0.2994599938392639,"51.7,63.3,106.1,139.1","49.0,66.0,104.0,139.0",2234,0.1489052176475525,0.07741701602935791,,,0.24656842947006224,0.4215710481007894,,outputs/frame_checks/test_new_architecture_state/q069/q069_t0000.00_det01_context.png,outputs/frame_checks/test_new_architecture_state/q069/q069_t0000.00_det01_bbox_crop.png,outputs/frame_checks/test_new_architecture_state/q069/q069_t0000.00_det01_sam_mask.png,outputs/frame_checks/test_new_architecture_state/q069/q069_t0000.00_det01_masked_crop.png,outputs/frame_checks/test_new_architecture_state/q069/q069_t0000.00_det01_debug.png
test_new_architecture_state,q067,video_08,0.500,15,1,1,there are no cashiers at the checkout counters,cashiers at the checkout counters,cashiers at the checkout counters,0.2955935299396515,"170.3,51.6,203.3,120.6","174.0,53.0,202.0,120.0",947,0.11121106892824173,0.04008380323648453,,,0.5838309049606323,0.3588042894999186,0.002729660194928423,outputs/frame_checks/test_new_architecture_state/q067/q067_t0000.50_det01_context.png,outputs/frame_checks/test_new_architecture_state/q067/q067_t0000.50_det01_bbox_crop.png,outputs/frame_checks/test_new_architecture_state/q067/q067_t0000.50_det01_sam_mask.png,outputs/frame_checks/test_new_architecture_state/q067/q067_t0000.50_det01_masked_crop.png,outputs/frame_checks/test_new_architecture_state/q067/q067_t0000.50_det01_debug.png
test_new_architecture_state,q069,video_08,0.500,15,1,1,only one checkout counter is open,only one checkout counter,only one checkout counter,0.31261518597602844,"50.6,63.3,106.2,139.1","49.0,66.0,104.0,139.0",2247,0.15042464435100555,0.07302939146757126,,,0.24495084285736085,0.42176650365193685,0.0032587048482887377,outputs/frame_checks/test_new_architecture_state/q069/q069_t0000.50_det01_context.png,outputs/frame_checks/test_new_architecture_state/q069/q069_t0000.50_det01_bbox_crop.png,outputs/frame_checks/test_new_architecture_state/q069/q069_t0000.50_det01_sam_mask.png,outputs/frame_checks/test_new_architecture_state/q069/q069_t0000.50_det01_masked_crop.png,outputs/frame_checks/test_new_architecture_state/q069/q069_t0000.50_det01_debug.png
test_new_architecture_state,q067,video_08,1.000,30,1,1,there are no cashiers at the checkout counters,cashiers at the checkout counters,cashiers at the checkout counters,0.28282830119132996,"169.4,52.7,204.3,120.4","175.0,54.0,203.0,120.0",989,0.12053705006837845,0.0364171601831913,,,0.5839177370071411,0.3606333017349243,0.003662144486555089,outputs/frame_checks/test_new_architecture_state/q067/q067_t0001.00_det01_context.png,outputs/frame_checks/test_new_architecture_state/q067/q067_t0001.00_det01_bbox_crop.png,outputs/frame_checks/test_new_architecture_state/q067/q067_t0001.00_det01_sam_mask.png,outputs/frame_checks/test_new_architecture_state/q067/q067_t0001.00_det01_masked_crop.png,outputs/frame_checks/test_new_architecture_state/q067/q067_t0001.00_det01_debug.png
test_new_architecture_state,q069,video_08,1.000,30,1,1,only one checkout counter is open,only one checkout counter,only one checkout counter,0.31781163811683655,"50.5,63.4,106.2,139.2","49.0,66.0,104.0,139.0",2246,0.14549125730991364,0.07082270085811615,,,0.24491508007049562,0.42203555107116697,0.0005428277469649269,outputs/frame_checks/test_new_architecture_state/q069/q069_t0001.00_det01_context.png,outputs/frame_checks/test_new_architecture_state/q069/q069_t0001.00_det01_bbox_crop.png,outputs/frame_checks/test_new_architecture_state/q069/q069_t0001.00_det01_sam_mask.png,outputs/frame_checks/test_new_architecture_state/q069/q069_t0001.00_det01_masked_crop.png,outputs/frame_checks/test_new_architecture_state/q069/q069_t0001.00_det01_debug.png
test_new_architecture_state,q067,video_08,1.500,45,1,1,there are no cashiers at the checkout counters,cashiers at the checkout counters,cashiers at the checkout counters,0.312740683555603,"176.0,52.4,210.5,120.7","178.0,54.0,209.0,120.0",976,0.10060200095176697,0.03899547830224037,,,0.603914737701416,0.3605633735656738,0.0399942459219166,outputs/frame_checks/test_new_architecture_state/q067/q067_t0001.50_det01_context.png,outputs/frame_checks/test_new_architecture_state/q067/q067_t0001.50_det01_bbox_crop.png,outputs/frame_checks/test_new_architecture_state/q067/q067_t0001.50_det01_sam_mask.png,outputs/frame_checks/test_new_architecture_state/q067/q067_t0001.50_det01_masked_crop.png,outputs/frame_checks/test_new_architecture_state/q067/q067_t0001.50_det01_debug.png
test_new_architecture_state,q069,video_08,1.500,45,1,1,only one checkout counter is open,only one checkout counter,only one checkout counter,0.32472941279411316,"51.0,63.3,106.1,139.2","55.0,66.0,104.0,139.0",2239,0.14838281273841858,0.07826223969459534,,,0.24544734954833985,0.42198611895243326,0.0010691198836558626,outputs/frame_checks/test_new_architecture_state/q069/q069_t0001.50_det01_context.png,outputs/frame_checks/test_new_architecture_state/q069/q069_t0001.50_det01_bbox_crop.png,outputs/frame_checks/test_new_architecture_state/q069/q069_t0001.50_det01_sam_mask.png,outputs/frame_checks/test_new_architecture_state/q069/q069_t0001.50_det01_masked_crop.png,outputs/frame_checks/test_new_architecture_state/q069/q069_t0001.50_det01_debug.png
test_new_architecture_state,q069,video_08,2.000,60,1,1,only one checkout counter is open,only one checkout counter,only one checkout counter,0.32263118028640747,"50.8,63.4,106.1,139.2","49.0,66.0,104.0,139.0",2232,0.14850667119026184,0.08156871050596237,,,0.2451190710067749,0.42201258341471354,0.0006586870838745591,outputs/frame_checks/test_new_architecture_state/q069/q069_t0002.00_det01_context.png,outputs/frame_checks/test_new_architecture_state/q069/q069_t0002.00_det01_bbox_crop.png,outputs/frame_checks/test_new_architecture_state/q069/q069_t0002.00_det01_sam_mask.png,outputs/frame_checks/test_new_architecture_state/q069/q069_t0002.00_det01_masked_crop.png,outputs/frame_checks/test_new_architecture_state/q069/q069_t0002.00_det01_debug.png
test_new_architecture_state,q069,video_08,3.000,90,1,1,only one checkout counter is open,only one checkout counter,only one checkout counter,0.3012913465499878,"49.8,63.1,105.9,139.2","49.0,66.0,104.0,139.0",2226,0.14819099009037018,0.09594792872667313,,,0.24331652522087097,0.42129108905792234,0.001821105671332705,outputs/frame_checks/test_new_architecture_state/q069/q069_t0003.00_det01_context.png,outputs/frame_checks/test_new_architecture_state/q069/q069_t0003.00_det01_bbox_crop.png,outputs/frame_checks/test_new_architecture_state/q069/q069_t0003.00_det01_sam_mask.png,outputs/frame_checks/test_new_architecture_state/q069/q069_t0003.00_det01_masked_crop.png,outputs/frame_checks/test_new_architecture_state/q069/q069_t0003.00_det01_debug.png
test_new_architecture_state,q067,video_08,3.500,105,1,1,there are no cashiers at the checkout counters,cashiers at the checkout counters,cashiers at the checkout counters,0.3359141945838928,"171.7,75.3,212.3,155.8","173.0,77.0,211.0,155.0",1327,0.08205284178256989,0.03379856050014496,,,0.6000043630599976,0.4814005215962728,0.09850027954742217,outputs/frame_checks/test_new_architecture_state/q067/q067_t0003.50_det01_context.png,outputs/frame_checks/test_new_architecture_state/q067/q067_t0003.50_det01_bbox_crop.png,outputs/frame_checks/test_new_architecture_state/q067/q067_t0003.50_det01_sam_mask.png,outputs/frame_checks/test_new_architecture_state/q067/q067_t0003.50_det01_masked_crop.png,outputs/frame_checks/test_new_architecture_state/q067/q067_t0003.50_det01_debug.png
test_new_architecture_state,q069,video_08,3.500,105,1,1,only one checkout counter is open,only one checkout counter,only one checkout counter,0.32549235224723816,"49.5,63.2,106.0,139.3","49.0,66.0,104.0,139.0",2237,0.1421482264995575,0.08080733567476273,,,0.2429494082927704,0.4218224207560221,0.0012916473393362168,outputs/frame_checks/test_new_architecture_state/q069/q069_t0003.50_det01_context.png,outputs/frame_checks/test_new_architecture_state/q069/q069_t0003.50_det01_bbox_crop.png,outputs/frame_checks/test_new_architecture_state/q069/q069_t0003.50_det01_sam_mask.png,outputs/frame_checks/test_new_architecture_state/q069/q069_t0003.50_det01_masked_crop.png,outputs/frame_checks/test_new_architecture_state/q069/q069_t0003.50_det01_debug.png
test_new_architecture_state,q067,video_08,4.000,120,1,1,there are no cashiers at the checkout counters,cashiers at the checkout counters,cashiers at the checkout counters,0.3669711649417877,"162.6,79.4,217.7,155.4","163.0,80.0,217.0,155.0",1516,0.0984743982553482,0.05642148107290268,,,0.5942834615707397,0.489088773727417,0.019166422168139394,outputs/frame_checks/test_new_architecture_state/q067/q067_t0004.00_det01_context.png,outputs/frame_checks/test_new_architecture_state/q067/q067_t0004.00_det01_bbox_crop.png,outputs/frame_checks/test_new_architecture_state/q067/q067_t0004.00_det01_sam_mask.png,outputs/frame_checks/test_new_architecture_state/q067/q067_t0004.00_det01_masked_crop.png,outputs/frame_checks/test_new_architecture_state/q067/q067_t0004.00_det01_debug.png
test_new_architecture_state,q067,video_08,4.500,135,1,1,there are no cashiers at the checkout counters,cashiers at the checkout counters,cashiers at the checkout counters,0.325954794883728,"168.3,82.8,213.2,172.5","168.0,84.0,212.0,172.0",1486,0.10246822983026505,0.06130773946642876,,,0.5960010290145874,0.5318755467732748,0.08564246576557463,outputs/frame_checks/test_new_architecture_state/q067/q067_t0004.50_det01_context.png,outputs/frame_checks/test_new_architecture_state/q067/q067_t0004.50_det01_bbox_crop.png,outputs/frame_checks/test_new_architecture_state/q067/q067_t0004.50_det01_sam_mask.png,outputs/frame_checks/test_new_architecture_state/q067/q067_t0004.50_det01_masked_crop.png,outputs/frame_checks/test_new_architecture_state/q067/q067_t0004.50_det01_debug.png
test_new_architecture_state,q069,video_08,5.000,150,1,1,only one checkout counter is open,only one checkout counter,only one checkout counter,0.29971009492874146,"51.0,63.3,106.1,139.0","49.0,66.0,104.0,139.0",2221,0.15228024125099182,0.07055065780878067,,,0.24550041556358337,0.4214985211690267,0.005891025695983139,outputs/frame_checks/test_new_architecture_state/q069/q069_t0005.00_det01_context.png,outputs/frame_checks/test_new_architecture_state/q069/q069_t0005.00_det01_bbox_crop.png,outputs/frame_checks/test_new_architecture_state/q069/q069_t0005.00_det01_sam_mask.png,outputs/frame_checks/test_new_architecture_state/q069/q069_t0005.00_det01_masked_crop.png,outputs/frame_checks/test_new_architecture_state/q069/q069_t0005.00_det01_debug.png
test_new_architecture_state,q067,video_08,5.500,165,1,2,there are no cashiers at the checkout counters,cashiers at the checkout counters,cashiers at the checkout counters,0.29232969880104065,"14.9,126.5,84.6,191.4","15.0,128.0,83.0,190.0",3001,0.12015849351882935,0.06616159528493881,,,0.15560273677110673,0.6623047669728597,,outputs/frame_checks/test_new_architecture_state/q067/q067_t0005.50_det01_context.png,outputs/frame_checks/test_new_architecture_state/q067/q067_t0005.50_det01_bbox_crop.png,outputs/frame_checks/test_new_architecture_state/q067/q067_t0005.50_det01_sam_mask.png,outputs/frame_checks/test_new_architecture_state/q067/q067_t0005.50_det01_masked_crop.png,outputs/frame_checks/test_new_architecture_state/q067/q067_t0005.50_det01_debug.png
test_new_architecture_state,q069,video_08,5.500,165,1,1,only one checkout counter is open,only one checkout counter,only one checkout counter,0.32863903045654297,"50.4,63.2,106.0,139.0","49.0,66.0,104.0,139.0",2192,0.1476646214723587,0.06444025039672852,,,0.24444181919097902,0.42120932737986244,0.002194775002392989,outputs/frame_checks/test_new_architecture_state/q069/q069_t0005.50_det01_context.png,outputs/frame_checks/test_new_architecture_state/q069/q069_t0005.50_det01_bbox_crop.png,outputs/frame_checks/test_new_architecture_state/q069/q069_t0005.50_det01_sam_mask.png,outputs/frame_checks/test_new_architecture_state/q069/q069_t0005.50_det01_masked_crop.png,outputs/frame_checks/test_new_architecture_state/q069/q069_t0005.50_det01_debug.png
test_new_architecture_state,q069,video_08,6.000,180,1,1,only one checkout counter is open,only one checkout counter,only one checkout counter,0.3120332360267639,"49.7,63.2,106.1,139.1","49.0,66.0,104.0,139.0",2197,0.15166296064853668,0.06300029903650284,,,0.2433804154396057,0.42147030830383303,0.002186036565207347,outputs/frame_checks/test_new_architecture_state/q069/q069_t0006.00_det01_context.png,outputs/frame_checks/test_new_architecture_state/q069/q069_t0006.00_det01_bbox_crop.png,outputs/frame_checks/test_new_architecture_state/q069/q069_t0006.00_det01_sam_mask.png,outputs/frame_checks/test_new_architecture_state/q069/q069_t0006.00_det01_masked_crop.png,outputs/frame_checks/test_new_architecture_state/q069/q069_t0006.00_det01_debug.png
test_new_architecture_state,q068,video_08,12.500,375,1,1,there are no shopping carts in the frame,shopping carts in the frame,shopping carts in the frame,0.30276980996131897,"15.0,126.6,84.7,191.5","15.0,128.0,83.0,190.0",3021,0.11367343366146088,0.0916832759976387,,,0.15580544769763946,0.6627024332682292,,outputs/frame_checks/test_new_architecture_state/q068/q068_t0012.50_det01_context.png,outputs/frame_checks/test_new_architecture_state/q068/q068_t0012.50_det01_bbox_crop.png,outputs/frame_checks/test_new_architecture_state/q068/q068_t0012.50_det01_sam_mask.png,outputs/frame_checks/test_new_architecture_state/q068/q068_t0012.50_det01_masked_crop.png,outputs/frame_checks/test_new_architecture_state/q068/q068_t0012.50_det01_debug.png
test_new_architecture_state,q068,video_08,14.500,435,1,1,there are no shopping carts in the frame,shopping carts in the frame,shopping carts in the frame,0.3055399954319,"15.0,126.7,84.7,191.4","15.0,128.0,83.0,190.0",2920,0.10688658058643341,0.09987404197454453,,,0.1559157758951187,0.6626786549886068,5.6430749022189806e-05,outputs/frame_checks/test_new_architecture_state/q068/q068_t0014.50_det01_context.png,outputs/frame_checks/test_new_architecture_state/q068/q068_t0014.50_det01_bbox_crop.png,outputs/frame_checks/test_new_architecture_state/q068/q068_t0014.50_det01_sam_mask.png,outputs/frame_checks/test_new_architecture_state/q068/q068_t0014.50_det01_masked_crop.png,outputs/frame_checks/test_new_architecture_state/q068/q068_t0014.50_det01_debug.png
test_new_architecture_state,q068,video_08,16.000,480,1,1,there are no shopping carts in the frame,shopping carts in the frame,shopping carts in the frame,0.3162512183189392,"14.9,126.7,84.7,191.6","15.0,128.0,83.0,190.0",2933,0.11801259964704514,0.0980939269065857,,,0.1555351585149765,0.6630181630452474,0.00034002307803389673,outputs/frame_checks/test_new_architecture_state/q068/q068_t0016.00_det01_context.png,outputs/frame_checks/test_new_architecture_state/q068/q068_t0016.00_det01_bbox_crop.png,outputs/frame_checks/test_new_architecture_state/q068/q068_t0016.00_det01_sam_mask.png,outputs/frame_checks/test_new_architecture_state/q068/q068_t0016.00_det01_masked_crop.png,outputs/frame_checks/test_new_architecture_state/q068/q068_t0016.00_det01_debug.png
test_new_architecture_state,q069,video_08,16.000,480,1,1,only one checkout counter is open,only one checkout counter,only one checkout counter,0.31161975860595703,"50.4,63.2,106.0,139.0","49.0,66.0,104.0,139.0",2242,0.146714448928833,0.0967753604054451,,,0.24441453218460082,0.4212426980336507,0.0014451817810619942,outputs/frame_checks/test_new_architecture_state/q069/q069_t0016.00_det01_context.png,outputs/frame_checks/test_new_architecture_state/q069/q069_t0016.00_det01_bbox_crop.png,outputs/frame_checks/test_new_architecture_state/q069/q069_t0016.00_det01_sam_mask.png,outputs/frame_checks/test_new_architecture_state/q069/q069_t0016.00_det01_masked_crop.png,outputs/frame_checks/test_new_architecture_state/q069/q069_t0016.00_det01_debug.png
test_new_architecture_state,q068,video_08,16.500,495,1,1,there are no shopping carts in the frame,shopping carts in the frame,shopping carts in the frame,0.31264927983283997,"15.0,126.6,84.7,191.6","15.0,128.0,83.0,190.0",2910,0.11432620882987976,0.091283418238163,,,0.1557582885026932,0.6628478686014811,0.0005613811147379426,outputs/frame_checks/test_new_architecture_state/q068/q068_t0016.50_det01_context.png,outputs/frame_checks/test_new_architecture_state/q068/q068_t0016.50_det01_bbox_crop.png,outputs/frame_checks/test_new_architecture_state/q068/q068_t0016.50_det01_sam_mask.png,outputs/frame_checks/test_new_architecture_state/q068/q068_t0016.50_det01_masked_crop.png,outputs/frame_checks/test_new_architecture_state/q068/q068_t0016.50_det01_debug.png
test_new_architecture_state,q069,video_08,19.500,585,1,1,only one checkout counter is open,only one checkout counter,only one checkout counter,0.26964548230171204,"50.1,63.3,105.8,139.3","49.0,66.0,104.0,139.0",2234,0.14548860490322113,0.10129296034574509,,,0.24368091225624083,0.42207933266957604,0.0017597091403803644,outputs/frame_checks/test_new_architecture_state/q069/q069_t0019.50_det01_context.png,outputs/frame_checks/test_new_architecture_state/q069/q069_t0019.50_det01_bbox_crop.png,outputs/frame_checks/test_new_architecture_state/q069/q069_t0019.50_det01_sam_mask.png,outputs/frame_checks/test_new_architecture_state/q069/q069_t0019.50_det01_masked_crop.png,outputs/frame_checks/test_new_architecture_state/q069/q069_t0019.50_det01_debug.png
test_new_architecture_state,q067,video_08,22.500,675,1,4,there are no cashiers at the checkout counters,cashiers at the checkout counters,cashiers at the checkout counters,0.2921094298362732,"119.7,85.2,164.0,139.2","122.0,86.0,162.0,141.0",1098,0.11919267475605011,0.08150456845760345,,,0.44319854974746703,0.46758251190185546,0.4486457783963759,outputs/frame_checks/test_new_architecture_state/q067/q067_t0022.50_det01_context.png,outputs/frame_checks/test_new_architecture_state/q067/q067_t0022.50_det01_bbox_crop.png,outputs/frame_checks/test_new_architecture_state/q067/q067_t0022.50_det01_sam_mask.png,outputs/frame_checks/test_new_architecture_state/q067/q067_t0022.50_det01_masked_crop.png,outputs/frame_checks/test_new_architecture_state/q067/q067_t0022.50_det01_debug.png
test_new_architecture_state,q068,video_08,23.500,705,1,4,there are no shopping carts in the frame,shopping carts in the frame,shopping carts in the frame,0.27142542600631714,"247.9,29.4,266.2,55.9","250.0,30.0,265.0,55.0",304,0.09549984335899353,0.07070651650428772,,,0.8031699419021606,0.17760109504063923,0.012959938129129153,outputs/frame_checks/test_new_architecture_state/q068/q068_t0023.50_det01_context.png,outputs/frame_checks/test_new_architecture_state/q068/q068_t0023.50_det01_bbox_crop.png,outputs/frame_checks/test_new_architecture_state/q068/q068_t0023.50_det01_sam_mask.png,outputs/frame_checks/test_new_architecture_state/q068/q068_t0023.50_det01_masked_crop.png,outputs/frame_checks/test_new_architecture_state/q068/q068_t0023.50_det01_debug.png
test_new_architecture_state,q068,video_08,24.000,720,1,4,there are no shopping carts in the frame,shopping carts in the frame,shopping carts in the frame,0.2795769274234772,"248.3,29.9,265.9,57.9","250.0,30.0,265.0,57.0",334,0.10714095830917358,0.07377537339925766,,,0.8033557415008545,0.18294787009557087,0.010700004668954882,outputs/frame_checks/test_new_architecture_state/q068/q068_t0024.00_det01_context.png,outputs/frame_checks/test_new_architecture_state/q068/q068_t0024.00_det01_bbox_crop.png,outputs/frame_checks/test_new_architecture_state/q068/q068_t0024.00_det01_sam_mask.png,outputs/frame_checks/test_new_architecture_state/q068/q068_t0024.00_det01_masked_crop.png,outputs/frame_checks/test_new_architecture_state/q068/q068_t0024.00_det01_debug.png
test_new_architecture_state,q068,video_08,25.000,750,1,4,there are no shopping carts in the frame,shopping carts in the frame,shopping carts in the frame,0.3257215619087219,"247.7,29.6,266.1,62.3","249.0,30.0,265.0,62.0",416,0.11170583963394165,0.0748744010925293,,,0.8027371883392334,0.19144591093063354,0.007656813424049298,outputs/frame_checks/test_new_architecture_state/q068/q068_t0025.00_det01_context.png,outputs/frame_checks/test_new_architecture_state/q068/q068_t0025.00_det01_bbox_crop.png,outputs/frame_checks/test_new_architecture_state/q068/q068_t0025.00_det01_sam_mask.png,outputs/frame_checks/test_new_architecture_state/q068/q068_t0025.00_det01_masked_crop.png,outputs/frame_checks/test_new_architecture_state/q068/q068_t0025.00_det01_debug.png
test_new_architecture_state,q068,video_08,25.500,765,1,4,there are no shopping carts in the frame,shopping carts in the frame,shopping carts in the frame,0.25562745332717896,"248.0,29.8,266.9,65.6","249.0,30.0,266.0,65.0",464,0.13111941516399384,0.07849044352769852,,,0.8045916557312012,0.1987587849299113,0.015088694501140218,outputs/frame_checks/test_new_architecture_state/q068/q068_t0025.50_det01_context.png,outputs/frame_checks/test_new_architecture_state/q068/q068_t0025.50_det01_bbox_crop.png,outputs/frame_checks/test_new_architecture_state/q068/q068_t0025.50_det01_sam_mask.png,outputs/frame_checks/test_new_architecture_state/q068/q068_t0025.50_det01_masked_crop.png,outputs/frame_checks/test_new_architecture_state/q068/q068_t0025.50_det01_debug.png
test_new_architecture_state,q067,video_08,27.500,825,1,8,there are no cashiers at the checkout counters,cashiers at the checkout counters,cashiers at the checkout counters,0.2987569570541382,"14.8,126.5,84.8,191.6","15.0,128.0,83.0,190.0",3031,0.14782992005348206,0.06011652946472168,,,0.15554640889167787,0.662780475616455,,outputs/frame_checks/test_new_architecture_state/q067/q067_t0027.50_det01_context.png,outputs/frame_checks/test_new_architecture_state/q067/q067_t0027.50_det01_bbox_crop.png,outputs/frame_checks/test_new_architecture_state/q067/q067_t0027.50_det01_sam_mask.png,outputs/frame_checks/test_new_architecture_state/q067/q067_t0027.50_det01_masked_crop.png,outputs/frame_checks/test_new_architecture_state/q067/q067_t0027.50_det01_debug.png
test_new_architecture_state,q067,video_08,28.500,855,1,9,there are no cashiers at the checkout counters,cashiers at the checkout counters,cashiers at the checkout counters,0.2831275761127472,"217.6,55.5,304.3,146.1","214.0,56.0,308.0,146.0",2872,0.12601223587989807,0.12729421257972717,,,0.8155294418334961,0.4198166847229004,0.20026329661099,outputs/frame_checks/test_new_architecture_state/q067/q067_t0028.50_det01_context.png,outputs/frame_checks/test_new_architecture_state/q067/q067_t0028.50_det01_bbox_crop.png,outputs/frame_checks/test_new_architecture_state/q067/q067_t0028.50_det01_sam_mask.png,outputs/frame_checks/test_new_architecture_state/q067/q067_t0028.50_det01_masked_crop.png,outputs/frame_checks/test_new_architecture_state/q067/q067_t0028.50_det01_debug.png
test_new_architecture_state,q069,video_08,29.000,870,1,1,only one checkout counter is open,only one checkout counter,only one checkout counter,0.2744024097919464,"48.9,63.0,105.9,139.1","49.0,65.0,104.0,139.0",2251,0.14424943923950195,0.10595525801181793,,,0.24184911251068114,0.4210025866826375,0.0020344165260862044,outputs/frame_checks/test_new_architecture_state/q069/q069_t0029.00_det01_context.png,outputs/frame_checks/test_new_architecture_state/q069/q069_t0029.00_det01_bbox_crop.png,outputs/frame_checks/test_new_architecture_state/q069/q069_t0029.00_det01_sam_mask.png,outputs/frame_checks/test_new_architecture_state/q069/q069_t0029.00_det01_masked_crop.png,outputs/frame_checks/test_new_architecture_state/q069/q069_t0029.00_det01_debug.png
test_new_architecture_state,q067,video_08,32.500,975,1,12,there are no cashiers at the checkout counters,cashiers at the checkout counters,cashiers at the checkout counters,0.36961957812309265,"129.7,87.2,161.0,131.6","130.0,87.0,156.0,133.0",623,0.09468182921409607,0.03753690421581268,,,0.4542428731918335,0.4559488773345947,,outputs/frame_checks/test_new_architecture_state/q067/q067_t0032.50_det01_context.png,outputs/frame_checks/test_new_architecture_state/q067/q067_t0032.50_det01_bbox_crop.png,outputs/frame_checks/test_new_architecture_state/q067/q067_t0032.50_det01_sam_mask.png,outputs/frame_checks/test_new_architecture_state/q067/q067_t0032.50_det01_masked_crop.png,outputs/frame_checks/test_new_architecture_state/q067/q067_t0032.50_det01_debug.png
test_new_architecture_state,q067,video_08,33.000,990,1,12,there are no cashiers at the checkout counters,cashiers at the checkout counters,cashiers at the checkout counters,0.38582471013069153,"129.5,88.3,161.0,134.2","130.0,87.0,159.0,133.0",757,0.09889735281467438,0.04200145974755287,,,0.4538165330886841,0.46342719395955406,0.014980919254397816,outputs/frame_checks/test_new_architecture_state/q067/q067_t0033.00_det01_context.png,outputs/frame_checks/test_new_architecture_state/q067/q067_t0033.00_det01_bbox_crop.png,outputs/frame_checks/test_new_architecture_state/q067/q067_t0033.00_det01_sam_mask.png,outputs/frame_checks/test_new_architecture_state/q067/q067_t0033.00_det01_masked_crop.png,outputs/frame_checks/test_new_architecture_state/q067/q067_t0033.00_det01_debug.png
test_new_architecture_state,q069,video_08,51.000,1530,1,8,only one checkout counter is open,only one checkout counter,only one checkout counter,0.30051958560943604,"224.5,112.4,301.7,185.6","226.0,114.0,300.0,185.0",3543,0.13210923969745636,0.10736741125583649,,,0.8221613883972168,0.620891825358073,,outputs/frame_checks/test_new_architecture_state/q069/q069_t0051.00_det01_context.png,outputs/frame_checks/test_new_architecture_state/q069/q069_t0051.00_det01_bbox_crop.png,outputs/frame_checks/test_new_architecture_state/q069/q069_t0051.00_det01_sam_mask.png,outputs/frame_checks/test_new_architecture_state/q069/q069_t0051.00_det01_masked_crop.png,outputs/frame_checks/test_new_architecture_state/q069/q069_t0051.00_det01_debug.png
test_new_architecture_state,q068,video_08,62.500,1875,1,7,there are no shopping carts in the frame,shopping carts in the frame,shopping carts in the frame,0.28840142488479614,"15.0,126.4,84.7,191.4","15.0,128.0,83.0,190.0",3046,0.11477038264274597,0.09990725666284561,,,0.15575673878192903,0.6621891816457113,,outputs/frame_checks/test_new_architecture_state/q068/q068_t0062.50_det01_context.png,outputs/frame_checks/test_new_architecture_state/q068/q068_t0062.50_det01_bbox_crop.png,outputs/frame_checks/test_new_architecture_state/q068/q068_t0062.50_det01_sam_mask.png,outputs/frame_checks/test_new_architecture_state/q068/q068_t0062.50_det01_masked_crop.png,outputs/frame_checks/test_new_architecture_state/q068/q068_t0062.50_det01_debug.png
test_new_architecture_state,q068,video_08,73.000,2190,1,8,there are no shopping carts in the frame,shopping carts in the frame,shopping carts in the frame,0.3086552321910858,"242.6,29.7,260.7,56.5","244.0,30.0,259.0,56.0",338,0.14230877161026,0.07404656708240509,,,0.7864107608795166,0.1794527490933736,0.017920302777361063,outputs/frame_checks/test_new_architecture_state/q068/q068_t0073.00_det01_context.png,outputs/frame_checks/test_new_architecture_state/q068/q068_t0073.00_det01_bbox_crop.png,outputs/frame_checks/test_new_architecture_state/q068/q068_t0073.00_det01_sam_mask.png,outputs/frame_checks/test_new_architecture_state/q068/q068_t0073.00_det01_masked_crop.png,outputs/frame_checks/test_new_architecture_state/q068/q068_t0073.00_det01_debug.png
test_new_architecture_state,q067,video_08,75.000,2250,1,35,there are no cashiers at the checkout counters,cashiers at the checkout counters,cashiers at the checkout counters,0.288364052772522,"207.7,71.8,244.3,132.6","209.0,73.0,243.0,133.0",692,0.11143878102302551,0.043541017919778824,,,0.7063215255737305,0.4259250958760579,0.001102850099662822,outputs/frame_checks/test_new_architecture_state/q067/q067_t0075.00_det01_context.png,outputs/frame_checks/test_new_architecture_state/q067/q067_t0075.00_det01_bbox_crop.png,outputs/frame_checks/test_new_architecture_state/q067/q067_t0075.00_det01_sam_mask.png,outputs/frame_checks/test_new_architecture_state/q067/q067_t0075.00_det01_masked_crop.png,outputs/frame_checks/test_new_architecture_state/q067/q067_t0075.00_det01_debug.png
test_new_architecture_state,q069,video_08,75.000,2250,1,11,only one checkout counter is open,only one checkout counter,only one checkout counter,0.28806716203689575,"49.4,63.1,106.0,139.1","49.0,66.0,104.0,139.0",2246,0.14751918613910675,0.09628209471702576,,,0.24284244775772096,0.42122474511464436,0.0021375053671415178,outputs/frame_checks/test_new_architecture_state/q069/q069_t0075.00_det01_context.png,outputs/frame_checks/test_new_architecture_state/q069/q069_t0075.00_det01_bbox_crop.png,outputs/frame_checks/test_new_architecture_state/q069/q069_t0075.00_det01_sam_mask.png,outputs/frame_checks/test_new_architecture_state/q069/q069_t0075.00_det01_masked_crop.png,outputs/frame_checks/test_new_architecture_state/q069/q069_t0075.00_det01_debug.png
test_new_architecture_state,q068,video_08,81.500,2445,1,9,there are no shopping carts in the frame,shopping carts in the frame,shopping carts in the frame,0.30261003971099854,"15.0,126.7,84.7,191.5","15.0,128.0,83.0,190.0",3102,0.10331910848617554,0.08314869552850723,,,0.15578174591064453,0.6628698031107585,,outputs/frame_checks/test_new_architecture_state/q068/q068_t0081.50_det01_context.png,outputs/frame_checks/test_new_architecture_state/q068/q068_t0081.50_det01_bbox_crop.png,outputs/frame_checks/test_new_architecture_state/q068/q068_t0081.50_det01_sam_mask.png,outputs/frame_checks/test_new_architecture_state/q068/q068_t0081.50_det01_masked_crop.png,outputs/frame_checks/test_new_architecture_state/q068/q068_t0081.50_det01_debug.png
test_new_architecture_state,q069,video_08,83.500,2505,1,11,only one checkout counter is open,only one checkout counter,only one checkout counter,0.3131851851940155,"51.2,63.3,106.0,139.1","55.0,65.0,104.0,139.0",2246,0.14907288551330566,0.10858464986085892,,,0.24570101499557495,0.4216801643371582,0.0012657842457687717,outputs/frame_checks/test_new_architecture_state/q069/q069_t0083.50_det01_context.png,outputs/frame_checks/test_new_architecture_state/q069/q069_t0083.50_det01_bbox_crop.png,outputs/frame_checks/test_new_architecture_state/q069/q069_t0083.50_det01_sam_mask.png,outputs/frame_checks/test_new_architecture_state/q069/q069_t0083.50_det01_masked_crop.png,outputs/frame_checks/test_new_architecture_state/q069/q069_t0083.50_det01_debug.png
test_new_architecture_state,q069,video_08,84.000,2520,1,11,only one checkout counter is open,only one checkout counter,only one checkout counter,0.30588799715042114,"51.0,63.3,106.1,139.1","55.0,66.0,104.0,139.0",2240,0.1490751951932907,0.11293062567710876,,,0.2454674780368805,0.4215239445368449,0.0005619399864262939,outputs/frame_checks/test_new_architecture_state/q069/q069_t0084.00_det01_context.png,outputs/frame_checks/test_new_architecture_state/q069/q069_t0084.00_det01_bbox_crop.png,outputs/frame_checks/test_new_architecture_state/q069/q069_t0084.00_det01_sam_mask.png,outputs/frame_checks/test_new_architecture_state/q069/q069_t0084.00_det01_masked_crop.png,outputs/frame_checks/test_new_architecture_state/q069/q069_t0084.00_det01_debug.png
test_new_architecture_state,q069,video_08,85.500,2565,1,11,only one checkout counter is open,only one checkout counter,only one checkout counter,0.33230796456336975,"49.1,63.0,106.0,139.0","49.0,66.0,104.0,139.0",2244,0.14217542111873627,0.08847957849502563,,,0.24239641427993774,0.42093078295389813,0.0014252000552055822,outputs/frame_checks/test_new_architecture_state/q069/q069_t0085.50_det01_context.png,outputs/frame_checks/test_new_architecture_state/q069/q069_t0085.50_det01_bbox_crop.png,outputs/frame_checks/test_new_architecture_state/q069/q069_t0085.50_det01_sam_mask.png,outputs/frame_checks/test_new_architecture_state/q069/q069_t0085.50_det01_masked_crop.png,outputs/frame_checks/test_new_architecture_state/q069/q069_t0085.50_det01_debug.png
test_new_architecture_state,q069,video_08,86.000,2580,1,11,only one checkout counter is open,only one checkout counter,only one checkout counter,0.33235666155815125,"50.5,63.1,106.0,139.0","55.0,66.0,104.0,139.0",2234,0.1482446938753128,0.08947912603616714,,,0.24447495341300965,0.4209144592285156,0.004157206461902834,outputs/frame_checks/test_new_architecture_state/q069/q069_t0086.00_det01_context.png,outputs/frame_checks/test_new_architecture_state/q069/q069_t0086.00_det01_bbox_crop.png,outputs/frame_checks/test_new_architecture_state/q069/q069_t0086.00_det01_sam_mask.png,outputs/frame_checks/test_new_architecture_state/q069/q069_t0086.00_det01_masked_crop.png,outputs/frame_checks/test_new_architecture_state/q069/q069_t0086.00_det01_debug.png
test_new_architecture_state,q069,video_08,89.000,2670,1,11,only one checkout counter is open,only one checkout counter,only one checkout counter,0.32067951560020447,"49.9,63.1,106.1,139.1","49.0,65.0,104.0,139.0",2245,0.15071254968643188,0.11860014498233795,,,0.24384115934371947,0.42125924428304035,0.0018073023985253841,outputs/frame_checks/test_new_architecture_state/q069/q069_t0089.00_det01_context.png,outputs/frame_checks/test_new_architecture_state/q069/q069_t0089.00_det01_bbox_crop.png,outputs/frame_checks/test_new_architecture_state/q069/q069_t0089.00_det01_sam_mask.png,outputs/frame_checks/test_new_architecture_state/q069/q069_t0089.00_det01_masked_crop.png,outputs/frame_checks/test_new_architecture_state/q069/q069_t0089.00_det01_debug.png
test_new_architecture_state,q068,video_08,96.500,2895,1,11,there are no shopping carts in the frame,shopping carts in the frame,shopping carts in the frame,0.2589789628982544,"255.5,63.4,285.2,109.9","257.0,66.0,285.0,111.0",779,0.12011773139238358,0.11763668060302734,,,0.8447976589202881,0.3608918428421021,0.06543733786738584,outputs/frame_checks/test_new_architecture_state/q068/q068_t0096.50_det01_context.png,outputs/frame_checks/test_new_architecture_state/q068/q068_t0096.50_det01_bbox_crop.png,outputs/frame_checks/test_new_architecture_state/q068/q068_t0096.50_det01_sam_mask.png,outputs/frame_checks/test_new_architecture_state/q068/q068_t0096.50_det01_masked_crop.png,outputs/frame_checks/test_new_architecture_state/q068/q068_t0096.50_det01_debug.png
test_new_architecture_state,q068,video_08,98.000,2940,1,11,there are no shopping carts in the frame,shopping carts in the frame,shopping carts in the frame,0.2783493101596832,"267.4,88.3,298.8,119.7","269.0,89.0,298.0,119.0",666,0.13673469424247742,0.046849265694618225,,,0.8846804618835449,0.433299986521403,0.061991970719415916,outputs/frame_checks/test_new_architecture_state/q068/q068_t0098.00_det01_context.png,outputs/frame_checks/test_new_architecture_state/q068/q068_t0098.00_det01_bbox_crop.png,outputs/frame_checks/test_new_architecture_state/q068/q068_t0098.00_det01_sam_mask.png,outputs/frame_checks/test_new_architecture_state/q068/q068_t0098.00_det01_masked_crop.png,outputs/frame_checks/test_new_architecture_state/q068/q068_t0098.00_det01_debug.png
test_new_architecture_state,q067,video_08,99.500,2985,1,49,there are no cashiers at the checkout counters,cashiers at the checkout counters,cashiers at the checkout counters,0.2792731821537018,"134.9,44.4,200.3,115.0","174.0,45.0,199.0,108.0",959,0.12102679908275604,0.027228742837905884,,,0.5237514972686768,0.33225470383961997,0.006586270673009069,outputs/frame_checks/test_new_architecture_state/q067/q067_t0099.50_det01_context.png,outputs/frame_checks/test_new_architecture_state/q067/q067_t0099.50_det01_bbox_crop.png,outputs/frame_checks/test_new_architecture_state/q067/q067_t0099.50_det01_sam_mask.png,outputs/frame_checks/test_new_architecture_state/q067/q067_t0099.50_det01_masked_crop.png,outputs/frame_checks/test_new_architecture_state/q067/q067_t0099.50_det01_debug.png
test_new_architecture_state,q068,video_08,134.500,4035,1,13,there are no shopping carts in the frame,shopping carts in the frame,shopping carts in the frame,0.33368295431137085,"282.5,106.8,318.5,157.5","284.0,108.0,318.0,157.0",1037,0.1272241771221161,0.06889533251523972,,,0.93913893699646,0.5507278601328532,0.0010510855046974089,outputs/frame_checks/test_new_architecture_state/q068/q068_t0134.50_det01_context.png,outputs/frame_checks/test_new_architecture_state/q068/q068_t0134.50_det01_bbox_crop.png,outputs/frame_checks/test_new_architecture_state/q068/q068_t0134.50_det01_sam_mask.png,outputs/frame_checks/test_new_architecture_state/q068/q068_t0134.50_det01_masked_crop.png,outputs/frame_checks/test_new_architecture_state/q068/q068_t0134.50_det01_debug.png
test_new_architecture_state,q067,video_08,149.500,4485,1,56,there are no cashiers at the checkout counters,cashiers at the checkout counters,cashiers at the checkout counters,0.28120291233062744,"164.5,70.8,210.5,159.5","165.0,71.0,209.0,159.0",1920,0.098607137799263,0.06340999901294708,,,0.5858987092971801,0.4798866907755534,0.011603274878116378,outputs/frame_checks/test_new_architecture_state/q067/q067_t0149.50_det01_context.png,outputs/frame_checks/test_new_architecture_state/q067/q067_t0149.50_det01_bbox_crop.png,outputs/frame_checks/test_new_architecture_state/q067/q067_t0149.50_det01_sam_mask.png,outputs/frame_checks/test_new_architecture_state/q067/q067_t0149.50_det01_masked_crop.png,outputs/frame_checks/test_new_architecture_state/q067/q067_t0149.50_det01_debug.png
test_new_architecture_state,q068,video_08,151.000,4530,1,14,there are no shopping carts in the frame,shopping carts in the frame,shopping carts in the frame,0.26755470037460327,"14.6,126.6,84.8,191.4","15.0,128.0,83.0,190.0",3063,0.11267956346273422,0.08826130628585815,,,0.15533649623394014,0.662486203511556,0.000279951354955818,outputs/frame_checks/test_new_architecture_state/q068/q068_t0151.00_det01_context.png,outputs/frame_checks/test_new_architecture_state/q068/q068_t0151.00_det01_bbox_crop.png,outputs/frame_checks/test_new_architecture_state/q068/q068_t0151.00_det01_sam_mask.png,outputs/frame_checks/test_new_architecture_state/q068/q068_t0151.00_det01_masked_crop.png,outputs/frame_checks/test_new_architecture_state/q068/q068_t0151.00_det01_debug.png
test_new_architecture_state,q068,video_08,161.000,4830,1,16,there are no shopping carts in the frame,shopping carts in the frame,shopping carts in the frame,0.2743491530418396,"287.4,143.0,319.6,198.2","292.0,145.0,320.0,197.0",899,0.12172509729862213,0.11914468556642532,,,0.9484963417053223,0.710765266418457,,outputs/frame_checks/test_new_architecture_state/q068/q068_t0161.00_det01_context.png,outputs/frame_checks/test_new_architecture_state/q068/q068_t0161.00_det01_bbox_crop.png,outputs/frame_checks/test_new_architecture_state/q068/q068_t0161.00_det01_sam_mask.png,outputs/frame_checks/test_new_architecture_state/q068/q068_t0161.00_det01_masked_crop.png,outputs/frame_checks/test_new_architecture_state/q068/q068_t0161.00_det01_debug.png
test_new_architecture_state,q067,video_08,191.000,5730,1,74,there are no cashiers at the checkout counters,cashiers at the checkout counters,cashiers at the checkout counters,0.2739098370075226,"14.8,126.7,84.7,191.5","15.0,128.0,83.0,190.0",3163,0.14818716049194336,0.04900423064827919,,,0.15540195852518082,0.6627857208251953,,outputs/frame_checks/test_new_architecture_state/q067/q067_t0191.00_det01_context.png,outputs/frame_checks/test_new_architecture_state/q067/q067_t0191.00_det01_bbox_crop.png,outputs/frame_checks/test_new_architecture_state/q067/q067_t0191.00_det01_sam_mask.png,outputs/frame_checks/test_new_architecture_state/q067/q067_t0191.00_det01_masked_crop.png,outputs/frame_checks/test_new_architecture_state/q067/q067_t0191.00_det01_debug.png
test_new_architecture_state,q067,video_08,192.500,5775,1,74,there are no cashiers at the checkout counters,cashiers at the checkout counters,cashiers at the checkout counters,0.2745579183101654,"14.8,126.5,84.6,191.5","15.0,128.0,83.0,190.0",3104,0.14668288826942444,0.04488861933350563,,,0.15533272922039032,0.6625167051951091,0.0002167656692935909,outputs/frame_checks/test_new_architecture_state/q067/q067_t0192.50_det01_context.png,outputs/frame_checks/test_new_architecture_state/q067/q067_t0192.50_det01_bbox_crop.png,outputs/frame_checks/test_new_architecture_state/q067/q067_t0192.50_det01_sam_mask.png,outputs/frame_checks/test_new_architecture_state/q067/q067_t0192.50_det01_masked_crop.png,outputs/frame_checks/test_new_architecture_state/q067/q067_t0192.50_det01_debug.png
test_new_architecture_state,q068,video_08,197.500,5925,1,20,there are no shopping carts in the frame,shopping carts in the frame,shopping carts in the frame,0.2687453031539917,"284.2,99.7,318.9,160.0","288.0,101.0,319.0,160.0",1075,0.10804325342178345,0.12525241076946259,,,0.9423294067382812,0.5410432974497478,,outputs/frame_checks/test_new_architecture_state/q068/q068_t0197.50_det01_context.png,outputs/frame_checks/test_new_architecture_state/q068/q068_t0197.50_det01_bbox_crop.png,outputs/frame_checks/test_new_architecture_state/q068/q068_t0197.50_det01_sam_mask.png,outputs/frame_checks/test_new_architecture_state/q068/q068_t0197.50_det01_masked_crop.png,outputs/frame_checks/test_new_architecture_state/q068/q068_t0197.50_det01_debug.png
test_new_architecture_state,q068,video_08,198.000,5940,1,20,there are no shopping carts in the frame,shopping carts in the frame,shopping carts in the frame,0.2679266929626465,"284.2,99.6,318.8,159.8","288.0,101.0,319.0,160.0",1079,0.11347828805446625,0.13175374269485474,,,0.9423185348510742,0.5404044310251872,0.0012779178476917024,outputs/frame_checks/test_new_architecture_state/q068/q068_t0198.00_det01_context.png,outputs/frame_checks/test_new_architecture_state/q068/q068_t0198.00_det01_bbox_crop.png,outputs/frame_checks/test_new_architecture_state/q068/q068_t0198.00_det01_sam_mask.png,outputs/frame_checks/test_new_architecture_state/q068/q068_t0198.00_det01_masked_crop.png,outputs/frame_checks/test_new_architecture_state/q068/q068_t0198.00_det01_debug.png
test_new_architecture_state,q068,video_08,199.500,5985,1,20,there are no shopping carts in the frame,shopping carts in the frame,shopping carts in the frame,0.27903130650520325,"285.6,99.8,319.3,159.6","288.0,101.0,319.0,160.0",1057,0.12479396164417267,0.13395965099334717,,,0.9451975345611572,0.5404693444569906,0.007731604467132418,outputs/frame_checks/test_new_architecture_state/q068/q068_t0199.50_det01_context.png,outputs/frame_checks/test_new_architecture_state/q068/q068_t0199.50_det01_bbox_crop.png,outputs/frame_checks/test_new_architecture_state/q068/q068_t0199.50_det01_sam_mask.png,outputs/frame_checks/test_new_architecture_state/q068/q068_t0199.50_det01_masked_crop.png,outputs/frame_checks/test_new_architecture_state/q068/q068_t0199.50_det01_debug.png
test_new_architecture_state,q068,video_08,205.500,6165,1,20,there are no shopping carts in the frame,shopping carts in the frame,shopping carts in the frame,0.27547791600227356,"283.8,99.5,318.9,159.6","287.0,101.0,319.0,160.0",1119,0.10851608216762543,0.136979341506958,,,0.9416140079498291,0.5399133682250976,0.0011607536179762342,outputs/frame_checks/test_new_architecture_state/q068/q068_t0205.50_det01_context.png,outputs/frame_checks/test_new_architecture_state/q068/q068_t0205.50_det01_bbox_crop.png,outputs/frame_checks/test_new_architecture_state/q068/q068_t0205.50_det01_sam_mask.png,outputs/frame_checks/test_new_architecture_state/q068/q068_t0205.50_det01_masked_crop.png,outputs/frame_checks/test_new_architecture_state/q068/q068_t0205.50_det01_debug.png
test_new_architecture_state,q067,video_08,224.500,6735,1,88,there are no cashiers at the checkout counters,cashiers at the checkout counters,cashiers at the checkout counters,0.31109076738357544,"131.8,65.3,152.5,126.1","133.0,65.0,151.0,125.0",534,0.09466440230607986,0.022283973172307014,,,0.4440778732299805,0.39880986213684083,0.0015234312095000857,outputs/frame_checks/test_new_architecture_state/q067/q067_t0224.50_det01_context.png,outputs/frame_checks/test_new_architecture_state/q067/q067_t0224.50_det01_bbox_crop.png,outputs/frame_checks/test_new_architecture_state/q067/q067_t0224.50_det01_sam_mask.png,outputs/frame_checks/test_new_architecture_state/q067/q067_t0224.50_det01_masked_crop.png,outputs/frame_checks/test_new_architecture_state/q067/q067_t0224.50_det01_debug.png
test_new_architecture_state,q067,video_08,242.000,7260,1,97,there are no cashiers at the checkout counters,cashiers at the checkout counters,cashiers at the checkout counters,0.41437724232673645,"273.4,84.9,299.9,131.7","274.0,86.0,299.0,135.0",770,0.0419154018163681,0.047253336757421494,,,0.8957908630371094,0.4514392534891764,0.00391029566222259,outputs/frame_checks/test_new_architecture_state/q067/q067_t0242.00_det01_context.png,outputs/frame_checks/test_new_architecture_state/q067/q067_t0242.00_det01_bbox_crop.png,outputs/frame_checks/test_new_architecture_state/q067/q067_t0242.00_det01_sam_mask.png,outputs/frame_checks/test_new_architecture_state/q067/q067_t0242.00_det01_masked_crop.png,outputs/frame_checks/test_new_architecture_state/q067/q067_t0242.00_det01_debug.png
