query_id,time,sam3_presence,video_id
q007,0.0,5.9664249420166016e-05,video_01
q007,1.0,6.920099258422852e-05,video_01
q007,2.0,8.350610733032227e-05,video_01
q007,3.0,5.692243576049805e-05,video_01
q007,4.0,5.435943603515625e-05,video_01
q007,5.0,4.5418739318847656e-05,video_01
q007,6.0,5.02467155456543e-05,video_01
q007,7.0,5.02467155456543e-05,video_01
q007,8.0,6.604194641113281e-05,video_01
q007,9.0,8.481740951538086e-05,video_01
q007,10.0,0.0001398324966430664,video_01
q007,11.0,5.650520324707031e-05,video_01
q007,12.0,0.0002269744873046875,video_01
q007,13.0,0.017578125,video_01
q007,14.0,5.269050598144531e-05,video_01
q007,15.0,5.435943603515625e-05,video_01
q007,16.0,5.435943603515625e-05,video_01
q007,17.0,5.692243576049805e-05,video_01
q007,18.0,5.435943603515625e-05,video_01
q007,19.0,6.556510925292969e-05,video_01
q007,20.0,0.00010073184967041016,video_01
q007,21.0,8.219480514526367e-05,video_01
q007,22.0,4.5418739318847656e-05,video_01
q007,23.0,5.519390106201172e-05,video_01
q007,24.0,6.556510925292969e-05,video_01
q007,25.0,0.0002472400665283203,video_01
q007,26.0,8.153915405273438e-05,video_01
q007,27.0,0.00019109249114990234,video_01
q007,28.0,0.00010889768600463867,video_01
q007,29.0,9.840726852416992e-05,video_01
q007,30.0,0.0004029273986816406,video_01
q007,31.0,0.00010150671005249023,video_01
q007,32.0,0.0007524490356445312,video_01
q007,33.0,0.0002472400665283203,video_01
q007,34.0,0.0003769397735595703,video_01
q007,35.0,0.00011146068572998047,video_01
q007,36.0,0.00011593103408813477,video_01
q007,37.0,8.028745651245117e-05,video_01
q007,38.0,7.367134094238281e-05,video_01
q007,39.0,0.0003199577331542969,video_01
q007,40.0,9.03010368347168e-05,video_01
q007,41.0,0.00029587745666503906,video_01
q007,42.0,0.0004305839538574219,video_01
q007,43.0,0.00014770030975341797,video_01
q007,44.0,0.00013446807861328125,video_01
q007,45.0,0.0002512931823730469,video_01
q007,46.0,0.00016999244689941406,video_01
q007,47.0,0.00021827220916748047,video_01
q007,48.0,0.0007700920104980469,video_01
q007,49.0,7.253885269165039e-05,video_01
q007,50.0,7.784366607666016e-05,video_01
q007,51.0,8.416175842285156e-05,video_01
q007,52.0,5.918741226196289e-05,video_01
q007,53.0,0.0007467269897460938,video_01
q007,54.0,0.00019562244415283203,video_01
q007,55.0,5.918741226196289e-05,video_01
q007,56.0,0.0001055598258972168,video_01
q007,57.0,0.00016999244689941406,video_01
q007,58.0,0.0001302957534790039,video_01
q007,59.0,8.285045623779297e-05,video_01
q007,60.0,6.973743438720703e-05,video_01
q007,61.0,8.612871170043945e-05,video_01
q007,62.0,6.759166717529297e-05,video_01
q007,63.0,5.02467155456543e-05,video_01
q007,64.0,0.0001881122589111328,video_01
q007,65.0,5.519390106201172e-05,video_01
q007,66.0,5.519390106201172e-05,video_01
q007,67.0,5.435943603515625e-05,video_01
q007,68.0,0.0001366138458251953,video_01
q007,69.0,8.153915405273438e-05,video_01
q007,70.0,0.000110626220703125,video_01
q007,71.0,5.9664249420166016e-05,video_01
q007,72.0,7.599592208862305e-05,video_01
q007,73.0,0.00019109249114990234,video_01
q007,74.0,8.350610733032227e-05,video_01
q007,75.0,6.866455078125e-05,video_01
q007,76.0,5.269050598144531e-05,video_01
q007,77.0,0.0007948875427246094,video_01
q007,78.0,9.685754776000977e-05,video_01
q007,79.0,5.692243576049805e-05,video_01
q007,80.0,9.244680404663086e-05,video_01
q007,81.0,5.739927291870117e-05,video_01
q007,82.0,0.00010973215103149414,video_01
q007,83.0,4.756450653076172e-05,video_01
q007,84.0,8.821487426757812e-05,video_01
q007,85.0,5.1021575927734375e-05,video_01
q007,86.0,4.869699478149414e-05,video_01
q007,87.0,0.000537872314453125,video_01
q007,88.0,0.00011146068572998047,video_01
q007,89.0,0.0020751953125,video_01
q007,90.0,0.00127410888671875,video_01
q007,91.0,0.0016813278198242188,video_01
q007,92.0,5.227327346801758e-05,video_01
q007,93.0,0.0001080632209777832,video_01
q007,94.0,7.843971252441406e-05,video_01
q007,95.0,8.612871170043945e-05,video_01
q007,96.0,9.763240814208984e-05,video_01
q007,97.0,0.0013093948364257812,video_01
q007,98.0,0.01214599609375,video_01
q007,99.0,0.001495361328125,video_01
q007,100.0,0.005001068115234375,video_01
q007,101.0,0.01262664794921875,video_01
q007,102.0,0.059112548828125,video_01
q007,103.0,0.0325927734375,video_01
q007,104.0,0.122314453125,video_01
q007,105.0,0.033660888671875,video_01
q007,106.0,0.028167724609375,video_01
q007,107.0,0.01666259765625,video_01
q007,108.0,0.0087432861328125,video_01
q007,109.0,0.042633056640625,video_01
q007,110.0,0.021820068359375,video_01
q007,111.0,0.001361846923828125,video_01
q007,112.0,0.0043487548828125,video_01
q007,113.0,0.0015668869018554688,video_01
q007,114.0,0.00250244140625,video_01
q007,115.0,0.0115966796875,video_01
q007,116.0,0.0010242462158203125,video_01
q007,117.0,0.0142822265625,video_01
q007,118.0,0.0135345458984375,video_01
q007,119.0,0.010528564453125,video_01
q007,120.0,0.004680633544921875,video_01
q007,121.0,0.0036792755126953125,video_01
q007,122.0,0.00208282470703125,video_01
q007,123.0,0.0170440673828125,video_01
q007,124.0,0.0060272216796875,video_01
q007,125.0,0.0416259765625,video_01
q007,126.0,0.07452392578125,video_01
q007,127.0,0.004055023193359375,video_01
q007,128.0,0.0019121170043945312,video_01
q007,129.0,0.00023055076599121094,video_01
q007,130.0,5.02467155456543e-05,video_01
q007,131.0,5.1021575927734375e-05,video_01
q007,132.0,6.157159805297852e-05,video_01
q007,133.0,5.1856040954589844e-05,video_01
q007,134.0,0.0299224853515625,video_01
q007,135.0,0.2294921875,video_01
q007,136.0,0.1453857421875,video_01
q007,137.0,0.03033447265625,video_01
q007,138.0,0.07318115234375,video_01
q007,139.0,0.444580078125,video_01
q007,140.0,0.1934814453125,video_01
q007,141.0,0.4208984375,video_01
q007,142.0,0.25732421875,video_01
q007,143.0,0.007843017578125,video_01
q007,144.0,0.1729736328125,video_01
q007,145.0,0.00937652587890625,video_01
q007,146.0,0.23583984375,video_01
q007,147.0,0.11358642578125,video_01
q007,148.0,0.464599609375,video_01
q007,149.0,0.708984375,video_01
q007,150.0,0.116943359375,video_01
q007,151.0,0.37939453125,video_01
q007,152.0,0.2398681640625,video_01
q007,153.0,0.53369140625,video_01
q007,154.0,0.1619873046875,video_01
q007,155.0,0.499267578125,video_01
q007,156.0,0.4990234375,video_01
q007,157.0,0.60693359375,video_01
q007,158.0,0.336181640625,video_01
q007,159.0,0.351318359375,video_01
q007,160.0,0.6123046875,video_01
q007,161.0,0.428466796875,video_01
q007,162.0,0.0116424560546875,video_01
q007,163.0,0.059326171875,video_01
q007,164.0,0.0185089111328125,video_01
q007,165.0,0.07891845703125,video_01
q007,166.0,0.03204345703125,video_01
q007,167.0,0.008544921875,video_01
q007,168.0,0.015716552734375,video_01
q007,169.0,0.271728515625,video_01
q007,170.0,0.27490234375,video_01
q007,171.0,0.00881195068359375,video_01
q007,172.0,0.279541015625,video_01
q007,173.0,0.2015380859375,video_01
q007,174.0,0.015838623046875,video_01
q007,175.0,0.05389404296875,video_01
q007,176.0,0.0838623046875,video_01
q007,177.0,0.280029296875,video_01
q007,178.0,0.71923828125,video_01
q007,179.0,0.60888671875,video_01
q007,180.0,0.2144775390625,video_01
q007,181.0,0.0101318359375,video_01
q007,182.0,0.005706787109375,video_01
q007,183.0,0.0032863616943359375,video_01
q007,184.0,0.01233673095703125,video_01
q007,185.0,0.2147216796875,video_01
q007,186.0,0.00392913818359375,video_01
q007,187.0,0.00815582275390625,video_01
q007,188.0,0.03240966796875,video_01
q007,189.0,0.004383087158203125,video_01
q007,190.0,0.0838623046875,video_01
q007,191.0,0.4970703125,video_01
q007,192.0,0.458740234375,video_01
q007,193.0,0.61328125,video_01
q007,194.0,0.033721923828125,video_01
q007,195.0,0.0262603759765625,video_01
q007,196.0,0.045257568359375,video_01
q007,197.0,0.06866455078125,video_01
q007,198.0,0.1077880859375,video_01
q007,199.0,0.060302734375,video_01
q007,200.0,0.60791015625,video_01
q007,201.0,0.38232421875,video_01
q007,202.0,0.6826171875,video_01
q007,203.0,0.340087890625,video_01
q007,204.0,0.194580078125,video_01
q007,205.0,0.68505859375,video_01
q007,206.0,0.2257080078125,video_01
q007,207.0,0.14599609375,video_01
q007,208.0,0.1763916015625,video_01
q007,209.0,0.50634765625,video_01
q007,210.0,0.79541015625,video_01
q007,211.0,0.50146484375,video_01
q007,212.0,0.8232421875,video_01
q007,213.0,0.8427734375,video_01
q007,214.0,0.8662109375,video_01
q007,215.0,0.67041015625,video_01
q007,216.0,0.03759765625,video_01
q007,217.0,0.206787109375,video_01
q007,218.0,0.267822265625,video_01
q007,219.0,0.275146484375,video_01
q007,220.0,0.88720703125,video_01
q008,0.0,0.433349609375,video_01
q008,1.0,0.71728515625,video_01
q008,2.0,0.3427734375,video_01
q008,3.0,0.7802734375,video_01
q008,4.0,0.12359619140625,video_01
q008,5.0,0.127685546875,video_01
q008,6.0,0.06903076171875,video_01
q008,7.0,0.1343994140625,video_01
q008,8.0,0.22509765625,video_01
q008,9.0,0.939453125,video_01
q008,10.0,0.17919921875,video_01
q008,11.0,0.86376953125,video_01
q008,12.0,0.09893798828125,video_01
q008,13.0,0.42138671875,video_01
q008,14.0,0.06243896484375,video_01
q008,15.0,0.1280517578125,video_01
q008,16.0,0.13525390625,video_01
q008,17.0,0.6591796875,video_01
q008,18.0,0.15966796875,video_01
q008,19.0,0.08477783203125,video_01
q008,20.0,0.06982421875,video_01
q008,21.0,0.060760498046875,video_01
q008,22.0,0.182861328125,video_01
q008,23.0,0.1961669921875,video_01
q008,24.0,0.654296875,video_01
q008,25.0,0.84716796875,video_01
q008,26.0,0.92041015625,video_01
q008,27.0,0.76025390625,video_01
q008,28.0,0.0738525390625,video_01
q008,29.0,0.67822265625,video_01
q008,30.0,0.76953125,video_01
q008,31.0,0.9833984375,video_01
q008,32.0,0.94970703125,video_01
q008,33.0,0.1990966796875,video_01
q008,34.0,0.1395263671875,video_01
q008,35.0,0.0948486328125,video_01
q008,36.0,0.39990234375,video_01
q008,37.0,0.1778564453125,video_01
q008,38.0,0.278564453125,video_01
q008,39.0,0.58203125,video_01
q008,40.0,0.70263671875,video_01
q008,41.0,0.7392578125,video_01
q008,42.0,0.08343505859375,video_01
q008,43.0,0.125732421875,video_01
q008,44.0,0.10760498046875,video_01
q008,45.0,0.11260986328125,video_01
q008,46.0,0.091064453125,video_01
q008,47.0,0.1221923828125,video_01
q008,48.0,0.07989501953125,video_01
q008,49.0,0.08038330078125,video_01
q008,50.0,0.09234619140625,video_01
q008,51.0,0.10650634765625,video_01
q008,52.0,0.1094970703125,video_01
q008,53.0,0.1229248046875,video_01
q008,54.0,0.0966796875,video_01
q008,55.0,0.09503173828125,video_01
q008,56.0,0.10577392578125,video_01
q008,57.0,0.09368896484375,video_01
q008,58.0,0.10968017578125,video_01
q008,59.0,0.10321044921875,video_01
q008,60.0,0.1083984375,video_01
q008,61.0,0.1134033203125,video_01
q008,62.0,0.09722900390625,video_01
q008,63.0,0.085693359375,video_01
q008,64.0,0.09234619140625,video_01
q008,65.0,0.123046875,video_01
q008,66.0,0.14208984375,video_01
q008,67.0,0.1104736328125,video_01
q008,68.0,0.10723876953125,video_01
q008,69.0,0.171142578125,video_01
q008,70.0,0.1358642578125,video_01
q008,71.0,0.1490478515625,video_01
q008,72.0,0.1343994140625,video_01
q008,73.0,0.135498046875,video_01
q008,74.0,0.11737060546875,video_01
q008,75.0,0.1695556640625,video_01
q008,76.0,0.08587646484375,video_01
q008,77.0,0.55712890625,video_01
q008,78.0,0.1705322265625,video_01
q008,79.0,0.09039306640625,video_01
q008,80.0,0.290771484375,video_01
q008,81.0,0.1866455078125,video_01
q008,82.0,0.2276611328125,video_01
q008,83.0,0.092529296875,video_01
q008,84.0,0.10595703125,video_01
q008,85.0,0.08270263671875,video_01
q008,86.0,0.0299224853515625,video_01
q008,87.0,0.0740966796875,video_01
q008,88.0,0.0843505859375,video_01
q008,89.0,0.0615234375,video_01
q008,90.0,0.271240234375,video_01
q008,91.0,0.08477783203125,video_01
q008,92.0,0.062225341796875,video_01
q008,93.0,0.21142578125,video_01
q008,94.0,0.10614013671875,video_01
q008,95.0,0.7763671875,video_01
q008,96.0,0.106689453125,video_01
q008,97.0,0.0823974609375,video_01
q008,98.0,0.05242919921875,video_01
q008,99.0,0.05059814453125,video_01
q008,100.0,0.1331787109375,video_01
q008,101.0,0.11578369140625,video_01
q008,102.0,0.09515380859375,video_01
q008,103.0,0.06439208984375,video_01
q008,104.0,0.947265625,video_01
q008,105.0,0.06719970703125,video_01
q008,106.0,0.218017578125,video_01
q008,107.0,0.1083984375,video_01
q008,108.0,0.54150390625,video_01
q008,109.0,0.50732421875,video_01
q008,110.0,0.2476806640625,video_01
q008,111.0,0.69677734375,video_01
q008,112.0,0.95263671875,video_01
q008,113.0,0.99169921875,video_01
q008,114.0,0.9931640625,video_01
q008,115.0,0.9951171875,video_01
q008,116.0,0.97412109375,video_01
q008,117.0,0.9921875,video_01
q008,118.0,0.99560546875,video_01
q008,119.0,0.9931640625,video_01
q008,120.0,0.990234375,video_01
q008,121.0,0.99072265625,video_01
q008,122.0,0.99169921875,video_01
q008,123.0,0.98779296875,video_01
q008,124.0,0.98046875,video_01
q008,125.0,0.9560546875,video_01
q008,126.0,0.93798828125,video_01
q008,127.0,0.87255859375,video_01
q008,128.0,0.1177978515625,video_01
q008,129.0,0.06439208984375,video_01
q008,130.0,0.0200653076171875,video_01
q008,131.0,0.03277587890625,video_01
q008,132.0,0.041534423828125,video_01
q008,133.0,0.04083251953125,video_01
q008,134.0,0.046722412109375,video_01
q008,135.0,0.1746826171875,video_01
q008,136.0,0.454833984375,video_01
q008,137.0,0.3134765625,video_01
q008,138.0,0.057373046875,video_01
q008,139.0,0.650390625,video_01
q008,140.0,0.379638671875,video_01
q008,141.0,0.37939453125,video_01
q008,142.0,0.0965576171875,video_01
q008,143.0,0.39306640625,video_01
q008,144.0,0.316162109375,video_01
q008,145.0,0.1134033203125,video_01
q008,146.0,0.298095703125,video_01
q008,147.0,0.34375,video_01
q008,148.0,0.2529296875,video_01
q008,149.0,0.2666015625,video_01
q008,150.0,0.097900390625,video_01
q008,151.0,0.1597900390625,video_01
q008,152.0,0.22216796875,video_01
q008,153.0,0.2578125,video_01
q008,154.0,0.27978515625,video_01
q008,155.0,0.245849609375,video_01
q008,156.0,0.89013671875,video_01
q008,157.0,0.378662109375,video_01
q008,158.0,0.371826171875,video_01
q008,159.0,0.58251953125,video_01
q008,160.0,0.428466796875,video_01
q008,161.0,0.4287109375,video_01
q008,162.0,0.28173828125,video_01
q008,163.0,0.280029296875,video_01
q008,164.0,0.1871337890625,video_01
q008,165.0,0.22509765625,video_01
q008,166.0,0.2027587890625,video_01
q008,167.0,0.72607421875,video_01
q008,168.0,0.55810546875,video_01
q008,169.0,0.232666015625,video_01
q008,170.0,0.44775390625,video_01
q008,171.0,0.296875,video_01
q008,172.0,0.96435546875,video_01
q008,173.0,0.35888671875,video_01
q008,174.0,0.98193359375,video_01
q008,175.0,0.254150390625,video_01
q008,176.0,0.2110595703125,video_01
q008,177.0,0.435791015625,video_01
q008,178.0,0.43310546875,video_01
q008,179.0,0.59423828125,video_01
q008,180.0,0.943359375,video_01
q008,181.0,0.9931640625,video_01
q008,182.0,0.99462890625,video_01
q008,183.0,0.99462890625,video_01
q008,184.0,0.498291015625,video_01
q008,185.0,0.94677734375,video_01
q008,186.0,0.39306640625,video_01
q008,187.0,0.1258544921875,video_01
q008,188.0,0.27783203125,video_01
q008,189.0,0.63525390625,video_01
q008,190.0,0.93798828125,video_01
q008,191.0,0.5712890625,video_01
q008,192.0,0.7353515625,video_01
q008,193.0,0.79833984375,video_01
q008,194.0,0.90283203125,video_01
q008,195.0,0.8896484375,video_01
q008,196.0,0.720703125,video_01
q008,197.0,0.65380859375,video_01
q008,198.0,0.732421875,video_01
q008,199.0,0.90869140625,video_01
q008,200.0,0.73486328125,video_01
q008,201.0,0.3310546875,video_01
q008,202.0,0.42578125,video_01
q008,203.0,0.88037109375,video_01
q008,204.0,0.97265625,video_01
q008,205.0,0.9970703125,video_01
q008,206.0,0.99560546875,video_01
q008,207.0,0.9970703125,video_01
q008,208.0,0.87255859375,video_01
q008,209.0,0.37255859375,video_01
q008,210.0,0.6513671875,video_01
q008,211.0,0.681640625,video_01
q008,212.0,0.359375,video_01
q008,213.0,0.541015625,video_01
q008,214.0,0.54248046875,video_01
q008,215.0,0.7470703125,video_01
q008,216.0,0.54736328125,video_01
q008,217.0,0.5595703125,video_01
q008,218.0,0.70361328125,video_01
q008,219.0,0.6708984375,video_01
q008,220.0,0.658203125,video_01
q009,0.0,5.9664249420166016e-05,video_01
q009,1.0,6.920099258422852e-05,video_01
q009,2.0,8.350610733032227e-05,video_01
q009,3.0,5.692243576049805e-05,video_01
q009,4.0,5.435943603515625e-05,video_01
q009,5.0,4.5418739318847656e-05,video_01
q009,6.0,5.02467155456543e-05,video_01
q009,7.0,5.02467155456543e-05,video_01
q009,8.0,6.604194641113281e-05,video_01
q009,9.0,8.481740951538086e-05,video_01
q009,10.0,0.0001398324966430664,video_01
q009,11.0,5.650520324707031e-05,video_01
q009,12.0,0.0002269744873046875,video_01
q009,13.0,0.017578125,video_01
q009,14.0,5.269050598144531e-05,video_01
q009,15.0,5.435943603515625e-05,video_01
q009,16.0,5.435943603515625e-05,video_01
q009,17.0,5.692243576049805e-05,video_01
q009,18.0,5.435943603515625e-05,video_01
q009,19.0,6.556510925292969e-05,video_01
q009,20.0,0.00010073184967041016,video_01
q009,21.0,8.219480514526367e-05,video_01
q009,22.0,4.5418739318847656e-05,video_01
q009,23.0,5.519390106201172e-05,video_01
q009,24.0,6.556510925292969e-05,video_01
q009,25.0,0.0002472400665283203,video_01
q009,26.0,8.153915405273438e-05,video_01
q009,27.0,0.00019109249114990234,video_01
q009,28.0,0.00010889768600463867,video_01
q009,29.0,9.840726852416992e-05,video_01
q009,30.0,0.0004029273986816406,video_01
q009,31.0,0.00010150671005249023,video_01
q009,32.0,0.0007524490356445312,video_01
q009,33.0,0.0002472400665283203,video_01
q009,34.0,0.0003769397735595703,video_01
q009,35.0,0.00011146068572998047,video_01
q009,36.0,0.00011593103408813477,video_01
q009,37.0,8.028745651245117e-05,video_01
q009,38.0,7.367134094238281e-05,video_01
q009,39.0,0.0003199577331542969,video_01
q009,40.0,9.03010368347168e-05,video_01
q009,41.0,0.00029587745666503906,video_01
q009,42.0,0.0004305839538574219,video_01
q009,43.0,0.00014770030975341797,video_01
q009,44.0,0.00013446807861328125,video_01
q009,45.0,0.0002512931823730469,video_01
q009,46.0,0.00016999244689941406,video_01
q009,47.0,0.00021827220916748047,video_01
q009,48.0,0.0007700920104980469,video_01
q009,49.0,7.253885269165039e-05,video_01
q009,50.0,7.784366607666016e-05,video_01
q009,51.0,8.416175842285156e-05,video_01
q009,52.0,5.918741226196289e-05,video_01
q009,53.0,0.0007467269897460938,video_01
q009,54.0,0.00019562244415283203,video_01
q009,55.0,5.918741226196289e-05,video_01
q009,56.0,0.0001055598258972168,video_01
q009,57.0,0.00016999244689941406,video_01
q009,58.0,0.0001302957534790039,video_01
q009,59.0,8.285045623779297e-05,video_01
q009,60.0,6.973743438720703e-05,video_01
q009,61.0,8.612871170043945e-05,video_01
q009,62.0,6.759166717529297e-05,video_01
q009,63.0,5.02467155456543e-05,video_01
q009,64.0,0.0001881122589111328,video_01
q009,65.0,5.519390106201172e-05,video_01
q009,66.0,5.519390106201172e-05,video_01
q009,67.0,5.435943603515625e-05,video_01
q009,68.0,0.0001366138458251953,video_01
q009,69.0,8.153915405273438e-05,video_01
q009,70.0,0.000110626220703125,video_01
q009,71.0,5.9664249420166016e-05,video_01
q009,72.0,7.599592208862305e-05,video_01
q009,73.0,0.00019109249114990234,video_01
q009,74.0,8.350610733032227e-05,video_01
q009,75.0,6.866455078125e-05,video_01
q009,76.0,5.269050598144531e-05,video_01
q009,77.0,0.0007948875427246094,video_01
q009,78.0,9.685754776000977e-05,video_01
q009,79.0,5.692243576049805e-05,video_01
q009,80.0,9.244680404663086e-05,video_01
q009,81.0,5.739927291870117e-05,video_01
q009,82.0,0.00010973215103149414,video_01
q009,83.0,4.756450653076172e-05,video_01
q009,84.0,8.821487426757812e-05,video_01
q009,85.0,5.1021575927734375e-05,video_01
q009,86.0,4.869699478149414e-05,video_01
q009,87.0,0.000537872314453125,video_01
q009,88.0,0.00011146068572998047,video_01
q009,89.0,0.0020751953125,video_01
q009,90.0,0.00127410888671875,video_01
q009,91.0,0.0016813278198242188,video_01
q009,92.0,5.227327346801758e-05,video_01
q009,93.0,0.0001080632209777832,video_01
q009,94.0,7.843971252441406e-05,video_01
q009,95.0,8.612871170043945e-05,video_01
q009,96.0,9.763240814208984e-05,video_01
q009,97.0,0.0013093948364257812,video_01
q009,98.0,0.01214599609375,video_01
q009,99.0,0.001495361328125,video_01
q009,100.0,0.005001068115234375,video_01
q009,101.0,0.01262664794921875,video_01
q009,102.0,0.059112548828125,video_01
q009,103.0,0.0325927734375,video_01
q009,104.0,0.122314453125,video_01
q009,105.0,0.033660888671875,video_01
q009,106.0,0.028167724609375,video_01
q009,107.0,0.01666259765625,video_01
q009,108.0,0.0087432861328125,video_01
q009,109.0,0.042633056640625,video_01
q009,110.0,0.021820068359375,video_01
q009,111.0,0.001361846923828125,video_01
q009,112.0,0.0043487548828125,video_01
q009,113.0,0.0015668869018554688,video_01
q009,114.0,0.00250244140625,video_01
q009,115.0,0.0115966796875,video_01
q009,116.0,0.0010242462158203125,video_01
q009,117.0,0.0142822265625,video_01
q009,118.0,0.0135345458984375,video_01
q009,119.0,0.010528564453125,video_01
q009,120.0,0.004680633544921875,video_01
q009,121.0,0.0036792755126953125,video_01
q009,122.0,0.00208282470703125,video_01
q009,123.0,0.0170440673828125,video_01
q009,124.0,0.0060272216796875,video_01
q009,125.0,0.0416259765625,video_01
q009,126.0,0.07452392578125,video_01
q009,127.0,0.004055023193359375,video_01
q009,128.0,0.0019121170043945312,video_01
q009,129.0,0.00023055076599121094,video_01
q009,130.0,5.02467155456543e-05,video_01
q009,131.0,5.1021575927734375e-05,video_01
q009,132.0,6.157159805297852e-05,video_01
q009,133.0,5.1856040954589844e-05,video_01
q009,134.0,0.0299224853515625,video_01
q009,135.0,0.2294921875,video_01
q009,136.0,0.1453857421875,video_01
q009,137.0,0.03033447265625,video_01
q009,138.0,0.07318115234375,video_01
q009,139.0,0.444580078125,video_01
q009,140.0,0.1934814453125,video_01
q009,141.0,0.4208984375,video_01
q009,142.0,0.25732421875,video_01
q009,143.0,0.007843017578125,video_01
q009,144.0,0.1729736328125,video_01
q009,145.0,0.00937652587890625,video_01
q009,146.0,0.23583984375,video_01
q009,147.0,0.11358642578125,video_01
q009,148.0,0.464599609375,video_01
q009,149.0,0.708984375,video_01
q009,150.0,0.116943359375,video_01
q009,151.0,0.37939453125,video_01
q009,152.0,0.2398681640625,video_01
q009,153.0,0.53369140625,video_01
q009,154.0,0.1619873046875,video_01
q009,155.0,0.499267578125,video_01
q009,156.0,0.4990234375,video_01
q009,157.0,0.60693359375,video_01
q009,158.0,0.336181640625,video_01
q009,159.0,0.351318359375,video_01
q009,160.0,0.6123046875,video_01
q009,161.0,0.428466796875,video_01
q009,162.0,0.0116424560546875,video_01
q009,163.0,0.059326171875,video_01
q009,164.0,0.0185089111328125,video_01
q009,165.0,0.07891845703125,video_01
q009,166.0,0.03204345703125,video_01
q009,167.0,0.008544921875,video_01
q009,168.0,0.015716552734375,video_01
q009,169.0,0.271728515625,video_01
q009,170.0,0.27490234375,video_01
q009,171.0,0.00881195068359375,video_01
q009,172.0,0.279541015625,video_01
q009,173.0,0.2015380859375,video_01
q009,174.0,0.015838623046875,video_01
q009,175.0,0.05389404296875,video_01
q009,176.0,0.0838623046875,video_01
q009,177.0,0.280029296875,video_01
q009,178.0,0.71923828125,video_01
q009,179.0,0.60888671875,video_01
q009,180.0,0.2144775390625,video_01
q009,181.0,0.0101318359375,video_01
q009,182.0,0.005706787109375,video_01
q009,183.0,0.0032863616943359375,video_01
q009,184.0,0.01233673095703125,video_01
q009,185.0,0.2147216796875,video_01
q009,186.0,0.00392913818359375,video_01
q009,187.0,0.00815582275390625,video_01
q009,188.0,0.03240966796875,video_01
q009,189.0,0.004383087158203125,video_01
q009,190.0,0.0838623046875,video_01
q009,191.0,0.4970703125,video_01
q009,192.0,0.458740234375,video_01
q009,193.0,0.61328125,video_01
q009,194.0,0.033721923828125,video_01
q009,195.0,0.0262603759765625,video_01
q009,196.0,0.045257568359375,video_01
q009,197.0,0.06866455078125,video_01
q009,198.0,0.1077880859375,video_01
q009,199.0,0.060302734375,video_01
q009,200.0,0.60791015625,video_01
q009,201.0,0.38232421875,video_01
q009,202.0,0.6826171875,video_01
q009,203.0,0.340087890625,video_01
q009,204.0,0.194580078125,video_01
q009,205.0,0.68505859375,video_01
q009,206.0,0.2257080078125,video_01
q009,207.0,0.14599609375,video_01
q009,208.0,0.1763916015625,video_01
q009,209.0,0.50634765625,video_01
q009,210.0,0.79541015625,video_01
q009,211.0,0.50146484375,video_01
q009,212.0,0.8232421875,video_01
q009,213.0,0.8427734375,video_01
q009,214.0,0.8662109375,video_01
q009,215.0,0.67041015625,video_01
q009,216.0,0.03759765625,video_01
q009,217.0,0.206787109375,video_01
q009,218.0,0.267822265625,video_01
q009,219.0,0.275146484375,video_01
q009,220.0,0.88720703125,video_01
q016,0.0,0.11260986328125,video_02
q016,1.0010000000000001,0.011688232421875,video_02
q016,2.0020000000000002,0.01116180419921875,video_02
q016,3.003,0.091064453125,video_02
q016,4.0040000000000004,0.01282501220703125,video_02
q016,5.005,0.018798828125,video_02
q016,6.006,0.012054443359375,video_02
q016,7.007000000000001,0.01282501220703125,video_02
q016,8.008000000000001,0.215576171875,video_02
q016,9.009,0.01678466796875,video_02
q016,10.01,0.0139007568359375,video_02
q016,11.011000000000001,0.00937652587890625,video_02
q016,12.012,0.358154296875,video_02
q016,13.013,0.0222015380859375,video_02
q016,14.014000000000001,0.0131683349609375,video_02
q016,15.015,0.0125732421875,video_02
q016,16.016000000000002,0.0147857666015625,video_02
q016,16.983633333333334,0.013275146484375,video_02
q016,17.984633333333335,0.01666259765625,video_02
q016,18.985633333333332,0.0164642333984375,video_02
q016,19.986633333333334,0.0131683349609375,video_02
q016,20.987633333333335,0.0182952880859375,video_02
q016,21.988633333333333,0.0162200927734375,video_02
q016,22.989633333333334,0.0167236328125,video_02
q016,23.990633333333335,0.0164031982421875,video_02
q016,24.991633333333333,0.0220794677734375,video_02
q016,25.992633333333334,0.02001953125,video_02
q016,26.993633333333335,0.01332855224609375,video_02
q016,27.994633333333333,0.025177001953125,video_02
q016,28.995633333333334,0.0200653076171875,video_02
q016,29.996633333333335,0.0305023193359375,video_02
q016,30.997633333333333,0.041839599609375,video_02
q016,31.998633333333334,0.03314208984375,video_02
q016,32.999633333333335,0.044586181640625,video_02
q016,34.00063333333333,0.038909912109375,video_02
q016,35.00163333333333,0.0164031982421875,video_02
q016,36.002633333333335,0.01495361328125,video_02
q016,37.00363333333333,0.0174407958984375,video_02
q016,38.00463333333333,0.0284881591796875,video_02
q016,39.005633333333336,0.02532958984375,video_02
q016,40.00663333333333,0.027069091796875,video_02
q016,41.00763333333333,0.01495361328125,video_02
q016,42.008633333333336,0.033843994140625,video_02
q016,43.00963333333333,0.0210113525390625,video_02
q016,44.01063333333333,0.0210113525390625,video_02
q016,45.011633333333336,0.01262664794921875,video_02
q016,46.01263333333333,0.0192413330078125,video_02
q016,47.01363333333333,0.018585205078125,video_02
q016,48.014633333333336,0.03143310546875,video_02
q016,49.015633333333334,0.03802490234375,video_02
q016,50.01663333333333,0.25634765625,video_02
q016,50.98426666666667,0.04327392578125,video_02
q016,51.98526666666667,0.029754638671875,video_02
q016,52.986266666666666,0.8955078125,video_02
q016,53.98726666666667,0.047515869140625,video_02
q016,54.98826666666667,0.038116455078125,video_02
q016,55.989266666666666,0.0241851806640625,video_02
q016,56.99026666666667,0.027008056640625,video_02
q016,57.99126666666667,0.0285491943359375,video_02
q016,58.992266666666666,0.020965576171875,video_02
q016,59.99326666666667,0.12939453125,video_02
q016,60.99426666666667,0.04681396484375,video_02
q016,61.995266666666666,0.03253173828125,video_02
q016,62.99626666666667,0.044342041015625,video_02
q016,63.99726666666667,0.045257568359375,video_02
q016,64.99826666666667,0.043121337890625,video_02
q016,65.99926666666667,0.1942138671875,video_02
q016,67.00026666666666,0.2135009765625,video_02
q016,68.00126666666667,0.62109375,video_02
q016,69.00226666666667,0.98583984375,video_02
q016,70.00326666666666,0.99609375,video_02
q016,71.00426666666667,0.99609375,video_02
q016,72.00526666666667,0.9970703125,video_02
q016,73.00626666666666,0.99755859375,video_02
q016,74.00726666666667,0.99853515625,video_02
q016,75.00826666666667,0.99853515625,video_02
q016,76.00926666666666,0.998046875,video_02
q016,77.01026666666667,0.9970703125,video_02
q016,78.01126666666667,0.99658203125,video_02
q016,79.01226666666666,0.99609375,video_02
q016,80.01326666666667,0.99609375,video_02
q016,81.01426666666667,0.99609375,video_02
q016,82.01526666666666,0.99609375,video_02
q016,83.01626666666667,0.99658203125,video_02
q016,83.9839,0.99609375,video_02
q016,84.9849,0.99609375,video_02
q016,85.9859,0.99560546875,video_02
q016,86.9869,0.99560546875,video_02
q016,87.9879,0.99658203125,video_02
q016,88.9889,0.99658203125,video_02
q016,89.9899,0.99609375,video_02
q016,90.9909,0.99560546875,video_02
q016,91.9919,0.99560546875,video_02
q016,92.9929,0.99609375,video_02
q016,93.9939,0.99658203125,video_02
q016,94.9949,0.99609375,video_02
q016,95.9959,0.99658203125,video_02
q016,96.9969,0.99658203125,video_02
q016,97.9979,0.99658203125,video_02
q016,98.9989,0.99658203125,video_02
q016,99.9999,0.99658203125,video_02
q016,101.0009,0.99609375,video_02
q016,102.0019,0.99658203125,video_02
q016,103.0029,0.99658203125,video_02
q016,104.0039,0.99609375,video_02
q016,105.0049,0.99658203125,video_02
q016,106.0059,0.99658203125,video_02
q016,107.0069,0.99609375,video_02
q016,108.0079,0.99658203125,video_02
q016,109.0089,0.99658203125,video_02
q016,110.0099,0.99658203125,video_02
q016,111.0109,0.99658203125,video_02
q016,112.0119,0.99658203125,video_02
q016,113.0129,0.99658203125,video_02
q016,114.0139,0.99560546875,video_02
q016,115.0149,0.99560546875,video_02
q016,116.0159,0.99609375,video_02
q016,116.98353333333334,0.99658203125,video_02
q016,117.98453333333333,0.99658203125,video_02
q016,118.98553333333334,0.99560546875,video_02
q016,119.98653333333334,0.99609375,video_02
q016,120.98753333333333,0.99560546875,video_02
q016,121.98853333333334,0.99560546875,video_02
q016,122.98953333333334,0.9951171875,video_02
q016,123.99053333333333,0.99560546875,video_02
q016,124.99153333333334,0.99560546875,video_02
q016,125.99253333333334,0.99609375,video_02
q016,126.99353333333333,0.99560546875,video_02
q016,127.99453333333334,0.99609375,video_02
q016,128.99553333333333,0.99609375,video_02
q016,129.99653333333333,0.99609375,video_02
q016,130.99753333333334,0.9951171875,video_02
q016,131.99853333333334,0.99560546875,video_02
q016,132.99953333333335,0.994140625,video_02
q016,134.00053333333332,0.99462890625,video_02
q016,135.00153333333333,0.9931640625,video_02
q016,136.00253333333333,0.99462890625,video_02
q016,137.00353333333334,0.99560546875,video_02
q016,138.00453333333334,0.99609375,video_02
q016,139.00553333333335,0.99609375,video_02
q016,140.00653333333332,0.99560546875,video_02
q016,141.00753333333333,0.99560546875,video_02
q016,142.00853333333333,0.9951171875,video_02
q016,143.00953333333334,0.99609375,video_02
q016,144.01053333333334,0.9951171875,video_02
q016,145.01153333333335,0.99560546875,video_02
q016,146.01253333333332,0.99609375,video_02
q016,147.01353333333333,0.99658203125,video_02
q016,148.01453333333333,0.99609375,video_02
q016,149.01553333333334,0.99609375,video_02
q016,150.01653333333334,0.99609375,video_02
q016,150.98416666666668,0.99609375,video_02
q016,151.98516666666666,0.99560546875,video_02
q016,152.98616666666666,0.99609375,video_02
q016,153.98716666666667,0.99609375,video_02
q016,154.98816666666667,0.99609375,video_02
q016,155.98916666666668,0.99609375,video_02
q016,156.99016666666668,0.99609375,video_02
q016,157.99116666666666,0.99609375,video_02
q016,158.99216666666666,0.99658203125,video_02
q016,159.99316666666667,0.99560546875,video_02
q016,160.99416666666667,0.99658203125,video_02
q016,161.99516666666668,0.99609375,video_02
q016,162.99616666666668,0.99365234375,video_02
q016,163.99716666666666,0.9951171875,video_02
q016,164.99816666666666,0.9951171875,video_02
q016,165.99916666666667,0.99560546875,video_02
q016,167.00016666666667,0.99609375,video_02
q016,168.00116666666668,0.99658203125,video_02
q016,169.00216666666668,0.99755859375,video_02
q016,170.00316666666666,0.99755859375,video_02
q016,171.00416666666666,0.9970703125,video_02
q016,172.00516666666667,0.99609375,video_02
q016,173.00616666666667,0.99560546875,video_02
q016,174.00716666666668,0.99609375,video_02
q016,175.00816666666668,0.99658203125,video_02
q016,176.00916666666666,0.998046875,video_02
q016,177.01016666666666,0.998046875,video_02
q016,178.01116666666667,0.99169921875,video_02
q016,179.01216666666667,0.9931640625,video_02
q016,180.01316666666668,0.98779296875,video_02
q016,181.01416666666668,0.970703125,video_02
q016,182.01516666666666,0.95458984375,video_02
q016,183.01616666666666,0.0224609375,video_02
q016,183.9838,0.01129150390625,video_02
q016,184.9848,0.043121337890625,video_02
q016,185.9858,0.01422882080078125,video_02
q016,186.98680000000002,0.0147857666015625,video_02
q016,187.9878,0.015777587890625,video_02
q016,188.9888,0.01519012451171875,video_02
q016,189.9898,0.00930023193359375,video_02
q016,190.9908,0.01812744140625,video_02
q016,191.9918,0.0190887451171875,video_02
q016,192.99280000000002,0.012054443359375,video_02
q016,193.9938,0.01495361328125,video_02
q016,194.9948,0.01229095458984375,video_02
q016,195.9958,0.014007568359375,video_02
q016,196.9968,0.0161590576171875,video_02
q016,197.9978,0.0163421630859375,video_02
q016,198.99880000000002,0.017852783203125,video_02
q016,199.9998,0.0164031982421875,video_02
q016,201.0008,0.01525115966796875,video_02
q016,202.0018,0.0118255615234375,video_02
q016,203.0028,0.01406097412109375,video_02
q016,204.0038,0.0127716064453125,video_02
q016,205.00480000000002,0.0136871337890625,video_02
q016,206.0058,0.01560211181640625,video_02
q016,207.0068,0.01507568359375,video_02
q016,208.0078,0.017303466796875,video_02
q016,209.0088,0.01214599609375,video_02
q016,210.0098,0.01129150390625,video_02
q016,211.01080000000002,0.013427734375,video_02
q016,212.0118,0.0121002197265625,video_02
q016,213.0128,0.0125274658203125,video_02
q016,214.0138,0.0127716064453125,video_02
q016,215.0148,0.014007568359375,video_02
q016,216.0158,0.0141754150390625,video_02
q016,216.98343333333332,0.01233673095703125,video_02
q016,217.98443333333333,0.015960693359375,video_02
q016,218.98543333333333,0.262939453125,video_02
q016,219.98643333333334,0.499755859375,video_02
q016,220.98743333333334,0.900390625,video_02
q016,221.98843333333335,0.014617919921875,video_02
q016,222.98943333333332,0.01036834716796875,video_02
q016,223.99043333333333,0.01337432861328125,video_02
q016,224.99143333333333,0.015777587890625,video_02
q016,225.99243333333334,0.0205230712890625,video_02
q016,226.99343333333334,0.884765625,video_02
q016,227.99443333333335,0.94482421875,video_02
q016,228.99543333333332,0.0235595703125,video_02
q016,229.99643333333333,0.6328125,video_02
q016,230.99743333333333,0.876953125,video_02
q016,231.99843333333334,0.0162811279296875,video_02
q016,232.99943333333334,0.0129241943359375,video_02
q016,234.00043333333335,0.01490020751953125,video_02
q016,235.00143333333332,0.01132965087890625,video_02
q016,236.00243333333333,0.0167236328125,video_02
q016,237.00343333333333,0.01763916015625,video_02
q016,238.00443333333334,0.01678466796875,video_02
q016,239.00543333333334,0.021575927734375,video_02
q016,240.00643333333335,0.01525115966796875,video_02
q016,241.00743333333332,0.0141754150390625,video_02
q016,242.00843333333333,0.0127716064453125,video_02
q016,243.00943333333333,0.017852783203125,video_02
q016,244.01043333333334,0.013427734375,video_02
q016,245.01143333333334,0.012725830078125,video_02
q016,246.01243333333335,0.01242828369140625,video_02
q016,247.01343333333332,0.01495361328125,video_02
q016,248.01443333333333,0.0137939453125,video_02
q016,249.01543333333333,0.01473236083984375,video_02
q016,250.01643333333334,0.01238250732421875,video_02
q016,250.98406666666668,0.0154266357421875,video_02
q016,251.98506666666668,0.01467132568359375,video_02
q016,252.98606666666666,0.0164031982421875,video_02
q016,253.98706666666666,0.01287078857421875,video_02
q016,254.98806666666667,0.0142822265625,video_02
q016,255.98906666666667,0.01560211181640625,video_02
q016,256.9900666666667,0.010650634765625,video_02
q016,257.99106666666665,0.012481689453125,video_02
q016,258.9920666666667,0.01467132568359375,video_02
q016,259.99306666666666,0.0196075439453125,video_02
q016,260.9940666666667,0.011505126953125,video_02
q016,261.9950666666667,0.0162200927734375,video_02
q016,262.99606666666665,0.0153656005859375,video_02
q016,263.9970666666667,0.0187225341796875,video_02
q016,264.99806666666666,0.018402099609375,video_02
q016,265.9990666666667,0.0185089111328125,video_02
q016,267.00006666666667,0.017578125,video_02
q016,268.00106666666665,0.016021728515625,video_02
q016,269.0020666666667,0.017181396484375,video_02
q016,270.00306666666665,0.01094818115234375,video_02
q016,271.0040666666667,0.0161590576171875,video_02
q016,272.00506666666666,0.01233673095703125,video_02
q016,273.0060666666667,0.0163421630859375,video_02
q016,274.0070666666667,0.0173797607421875,video_02
q016,275.00806666666665,0.01267242431640625,video_02
q016,276.0090666666667,0.014617919921875,video_02
q016,277.01006666666666,0.0156707763671875,video_02
q016,278.0110666666667,0.0153045654296875,video_02
q016,279.01206666666667,0.018768310546875,video_02
q016,280.01306666666665,0.019012451171875,video_02
q016,281.0140666666667,0.018829345703125,video_02
q016,282.01506666666666,0.0210113525390625,video_02
q016,283.0160666666667,0.0167236328125,video_02
q016,283.9837,0.01971435546875,video_02
q016,284.98470000000003,0.0228424072265625,video_02
q016,285.9857,0.01490020751953125,video_02
q016,286.9867,0.019683837890625,video_02
q016,287.9877,0.0191650390625,video_02
q016,288.9887,0.017242431640625,video_02
q016,289.9897,0.016845703125,video_02
q016,290.9907,0.017913818359375,video_02
q016,291.9917,0.017578125,video_02
q016,292.9927,0.0121002197265625,video_02
q016,293.9937,0.0177154541015625,video_02
q016,294.9947,0.017578125,video_02
q016,295.9957,0.0224609375,video_02
q016,296.99670000000003,0.017303466796875,video_02
q016,297.9977,0.015716552734375,video_02
q016,298.9987,0.01348114013671875,video_02
q016,299.9997,0.0131683349609375,video_02
q016,301.0007,0.01751708984375,video_02
q016,302.0017,0.018402099609375,video_02
q017,0.0,0.9990234375,video_02
q017,1.0010000000000001,0.99853515625,video_02
q017,2.0020000000000002,0.99853515625,video_02
q017,3.003,0.99853515625,video_02
q017,4.0040000000000004,0.9990234375,video_02
q017,5.005,0.9990234375,video_02
q017,6.006,0.998046875,video_02
q017,7.007000000000001,0.9970703125,video_02
q017,8.008000000000001,0.99853515625,video_02
q017,9.009,0.9990234375,video_02
q017,10.01,0.99853515625,video_02
q017,11.011000000000001,0.9990234375,video_02
q017,12.012,0.99853515625,video_02
q017,13.013,0.9990234375,video_02
q017,14.014000000000001,0.9990234375,video_02
q017,15.015,0.99853515625,video_02
q017,16.016000000000002,0.99853515625,video_02
q017,16.983633333333334,0.9990234375,video_02
q017,17.984633333333335,0.9990234375,video_02
q017,18.985633333333332,0.99951171875,video_02
q017,19.986633333333334,0.99951171875,video_02
q017,20.987633333333335,0.9990234375,video_02
q017,21.988633333333333,0.9990234375,video_02
q017,22.989633333333334,0.99951171875,video_02
q017,23.990633333333335,0.9990234375,video_02
q017,24.991633333333333,0.99951171875,video_02
q017,25.992633333333334,0.99951171875,video_02
q017,26.993633333333335,0.9990234375,video_02
q017,27.994633333333333,0.99951171875,video_02
q017,28.995633333333334,0.9990234375,video_02
q017,29.996633333333335,0.9990234375,video_02
q017,30.997633333333333,0.9990234375,video_02
q017,31.998633333333334,0.99951171875,video_02
q017,32.999633333333335,0.99951171875,video_02
q017,34.00063333333333,0.99951171875,video_02
q017,35.00163333333333,0.99951171875,video_02
q017,36.002633333333335,0.99951171875,video_02
q017,37.00363333333333,0.99951171875,video_02
q017,38.00463333333333,0.99951171875,video_02
q017,39.005633333333336,0.99951171875,video_02
q017,40.00663333333333,0.99951171875,video_02
q017,41.00763333333333,0.99951171875,video_02
q017,42.008633333333336,0.99951171875,video_02
q017,43.00963333333333,0.99951171875,video_02
q017,44.01063333333333,0.99951171875,video_02
q017,45.011633333333336,0.99951171875,video_02
q017,46.01263333333333,0.99951171875,video_02
q017,47.01363333333333,0.99951171875,video_02
q017,48.014633333333336,0.99951171875,video_02
q017,49.015633333333334,0.99951171875,video_02
q017,50.01663333333333,0.99951171875,video_02
q017,50.98426666666667,0.99951171875,video_02
q017,51.98526666666667,0.99951171875,video_02
q017,52.986266666666666,0.99951171875,video_02
q017,53.98726666666667,0.99951171875,video_02
q017,54.98826666666667,0.99951171875,video_02
q017,55.989266666666666,0.99951171875,video_02
q017,56.99026666666667,0.99951171875,video_02
q017,57.99126666666667,0.99951171875,video_02
q017,58.992266666666666,0.99951171875,video_02
q017,59.99326666666667,0.99951171875,video_02
q017,60.99426666666667,0.99951171875,video_02
q017,61.995266666666666,0.99951171875,video_02
q017,62.99626666666667,0.99951171875,video_02
q017,63.99726666666667,0.99951171875,video_02
q017,64.99826666666667,0.99951171875,video_02
q017,65.99926666666667,0.99951171875,video_02
q017,67.00026666666666,0.99951171875,video_02
q017,68.00126666666667,0.99951171875,video_02
q017,69.00226666666667,0.99951171875,video_02
q017,70.00326666666666,0.99951171875,video_02
q017,71.00426666666667,0.99951171875,video_02
q017,72.00526666666667,0.99951171875,video_02
q017,73.00626666666666,0.99951171875,video_02
q017,74.00726666666667,0.99951171875,video_02
q017,75.00826666666667,0.99951171875,video_02
q017,76.00926666666666,0.99951171875,video_02
q017,77.01026666666667,1.0,video_02
q017,78.01126666666667,0.99951171875,video_02
q017,79.01226666666666,0.99951171875,video_02
q017,80.01326666666667,1.0,video_02
q017,81.01426666666667,1.0,video_02
q017,82.01526666666666,1.0,video_02
q017,83.01626666666667,0.99951171875,video_02
q017,83.9839,1.0,video_02
q017,84.9849,1.0,video_02
q017,85.9859,1.0,video_02
q017,86.9869,1.0,video_02
q017,87.9879,1.0,video_02
q017,88.9889,1.0,video_02
q017,89.9899,1.0,video_02
q017,90.9909,1.0,video_02
q017,91.9919,1.0,video_02
q017,92.9929,1.0,video_02
q017,93.9939,1.0,video_02
q017,94.9949,1.0,video_02
q017,95.9959,1.0,video_02
q017,96.9969,1.0,video_02
q017,97.9979,1.0,video_02
q017,98.9989,1.0,video_02
q017,99.9999,1.0,video_02
q017,101.0009,1.0,video_02
q017,102.0019,1.0,video_02
q017,103.0029,1.0,video_02
q017,104.0039,1.0,video_02
q017,105.0049,1.0,video_02
q017,106.0059,1.0,video_02
q017,107.0069,1.0,video_02
q017,108.0079,1.0,video_02
q017,109.0089,1.0,video_02
q017,110.0099,1.0,video_02
q017,111.0109,1.0,video_02
q017,112.0119,1.0,video_02
q017,113.0129,1.0,video_02
q017,114.0139,1.0,video_02
q017,115.0149,1.0,video_02
q017,116.0159,1.0,video_02
q017,116.98353333333334,1.0,video_02
q017,117.98453333333333,1.0,video_02
q017,118.98553333333334,1.0,video_02
q017,119.98653333333334,1.0,video_02
q017,120.98753333333333,1.0,video_02
q017,121.98853333333334,1.0,video_02
q017,122.98953333333334,1.0,video_02
q017,123.99053333333333,1.0,video_02
q017,124.99153333333334,1.0,video_02
q017,125.99253333333334,1.0,video_02
q017,126.99353333333333,1.0,video_02
q017,127.99453333333334,1.0,video_02
q017,128.99553333333333,1.0,video_02
q017,129.99653333333333,1.0,video_02
q017,130.99753333333334,0.99951171875,video_02
q017,131.99853333333334,0.99951171875,video_02
q017,132.99953333333335,1.0,video_02
q017,134.00053333333332,0.99951171875,video_02
q017,135.00153333333333,1.0,video_02
q017,136.00253333333333,1.0,video_02
q017,137.00353333333334,0.99951171875,video_02
q017,138.00453333333334,1.0,video_02
q017,139.00553333333335,1.0,video_02
q017,140.00653333333332,0.99951171875,video_02
q017,141.00753333333333,0.99951171875,video_02
q017,142.00853333333333,0.99951171875,video_02
q017,143.00953333333334,0.99951171875,video_02
q017,144.01053333333334,0.99951171875,video_02
q017,145.01153333333335,1.0,video_02
q017,146.01253333333332,1.0,video_02
q017,147.01353333333333,1.0,video_02
q017,148.01453333333333,1.0,video_02
q017,149.01553333333334,0.99951171875,video_02
q017,150.01653333333334,0.99951171875,video_02
q017,150.98416666666668,0.99951171875,video_02
q017,151.98516666666666,0.99951171875,video_02
q017,152.98616666666666,0.99951171875,video_02
q017,153.98716666666667,1.0,video_02
q017,154.98816666666667,0.99951171875,video_02
q017,155.98916666666668,0.99951171875,video_02
q017,156.99016666666668,0.99951171875,video_02
q017,157.99116666666666,1.0,video_02
q017,158.99216666666666,1.0,video_02
q017,159.99316666666667,1.0,video_02
q017,160.99416666666667,1.0,video_02
q017,161.99516666666668,1.0,video_02
q017,162.99616666666668,1.0,video_02
q017,163.99716666666666,0.99951171875,video_02
q017,164.99816666666666,0.99951171875,video_02
q017,165.99916666666667,0.99951171875,video_02
q017,167.00016666666667,0.99951171875,video_02
q017,168.00116666666668,0.99951171875,video_02
q017,169.00216666666668,0.99951171875,video_02
q017,170.00316666666666,0.99951171875,video_02
q017,171.00416666666666,0.99951171875,video_02
q017,172.00516666666667,0.99951171875,video_02
q017,173.00616666666667,0.99951171875,video_02
q017,174.00716666666668,0.99951171875,video_02
q017,175.00816666666668,0.99951171875,video_02
q017,176.00916666666666,0.99951171875,video_02
q017,177.01016666666666,0.99951171875,video_02
q017,178.01116666666667,0.99951171875,video_02
q017,179.01216666666667,0.99951171875,video_02
q017,180.01316666666668,0.99951171875,video_02
q017,181.01416666666668,0.99951171875,video_02
q017,182.01516666666666,0.99951171875,video_02
q017,183.01616666666666,0.99951171875,video_02
q017,183.9838,0.99951171875,video_02
q017,184.9848,0.99951171875,video_02
q017,185.9858,0.99951171875,video_02
q017,186.98680000000002,0.99951171875,video_02
q017,187.9878,0.99951171875,video_02
q017,188.9888,0.99951171875,video_02
q017,189.9898,0.99951171875,video_02
q017,190.9908,0.99951171875,video_02
q017,191.9918,0.99951171875,video_02
q017,192.99280000000002,0.99951171875,video_02
q017,193.9938,0.99951171875,video_02
q017,194.9948,0.99951171875,video_02
q017,195.9958,0.99951171875,video_02
q017,196.9968,0.99951171875,video_02
q017,197.9978,0.99951171875,video_02
q017,198.99880000000002,0.99951171875,video_02
q017,199.9998,0.99951171875,video_02
q017,201.0008,0.99951171875,video_02
q017,202.0018,0.99951171875,video_02
q017,203.0028,0.99951171875,video_02
q017,204.0038,0.99951171875,video_02
q017,205.00480000000002,0.99951171875,video_02
q017,206.0058,0.99951171875,video_02
q017,207.0068,0.99951171875,video_02
q017,208.0078,0.99951171875,video_02
q017,209.0088,0.99951171875,video_02
q017,210.0098,0.99951171875,video_02
q017,211.01080000000002,0.99951171875,video_02
q017,212.0118,0.99951171875,video_02
q017,213.0128,0.99951171875,video_02
q017,214.0138,0.99951171875,video_02
q017,215.0148,0.99951171875,video_02
q017,216.0158,0.99951171875,video_02
q017,216.98343333333332,0.99951171875,video_02
q017,217.98443333333333,0.99951171875,video_02
q017,218.98543333333333,0.99951171875,video_02
q017,219.98643333333334,0.99951171875,video_02
q017,220.98743333333334,0.99951171875,video_02
q017,221.98843333333335,0.99951171875,video_02
q017,222.98943333333332,0.99951171875,video_02
q017,223.99043333333333,0.99951171875,video_02
q017,224.99143333333333,0.99951171875,video_02
q017,225.99243333333334,0.99951171875,video_02
q017,226.99343333333334,0.99951171875,video_02
q017,227.99443333333335,0.99951171875,video_02
q017,228.99543333333332,0.99951171875,video_02
q017,229.99643333333333,0.99951171875,video_02
q017,230.99743333333333,0.99951171875,video_02
q017,231.99843333333334,0.99951171875,video_02
q017,232.99943333333334,0.99951171875,video_02
q017,234.00043333333335,0.99951171875,video_02
q017,235.00143333333332,0.99951171875,video_02
q017,236.00243333333333,0.99951171875,video_02
q017,237.00343333333333,0.99951171875,video_02
q017,238.00443333333334,0.99951171875,video_02
q017,239.00543333333334,0.99951171875,video_02
q017,240.00643333333335,0.99951171875,video_02
q017,241.00743333333332,0.99951171875,video_02
q017,242.00843333333333,0.99951171875,video_02
q017,243.00943333333333,0.99951171875,video_02
q017,244.01043333333334,0.99951171875,video_02
q017,245.01143333333334,0.99951171875,video_02
q017,246.01243333333335,0.99951171875,video_02
q017,247.01343333333332,0.99951171875,video_02
q017,248.01443333333333,0.99951171875,video_02
q017,249.01543333333333,0.99951171875,video_02
q017,250.01643333333334,0.99951171875,video_02
q017,250.98406666666668,0.99951171875,video_02
q017,251.98506666666668,0.99951171875,video_02
q017,252.98606666666666,0.99951171875,video_02
q017,253.98706666666666,0.99951171875,video_02
q017,254.98806666666667,0.99951171875,video_02
q017,255.98906666666667,0.99951171875,video_02
q017,256.9900666666667,0.99951171875,video_02
q017,257.99106666666665,0.99951171875,video_02
q017,258.9920666666667,0.99951171875,video_02
q017,259.99306666666666,0.99951171875,video_02
q017,260.9940666666667,0.99951171875,video_02
q017,261.9950666666667,0.99951171875,video_02
q017,262.99606666666665,0.99951171875,video_02
q017,263.9970666666667,0.99951171875,video_02
q017,264.99806666666666,0.99951171875,video_02
q017,265.9990666666667,0.99951171875,video_02
q017,267.00006666666667,0.99951171875,video_02
q017,268.00106666666665,0.99951171875,video_02
q017,269.0020666666667,0.99951171875,video_02
q017,270.00306666666665,0.99951171875,video_02
q017,271.0040666666667,0.99951171875,video_02
q017,272.00506666666666,0.99951171875,video_02
q017,273.0060666666667,0.99951171875,video_02
q017,274.0070666666667,0.99951171875,video_02
q017,275.00806666666665,0.99951171875,video_02
q017,276.0090666666667,0.99951171875,video_02
q017,277.01006666666666,0.99951171875,video_02
q017,278.0110666666667,0.99951171875,video_02
q017,279.01206666666667,0.99951171875,video_02
q017,280.01306666666665,0.99951171875,video_02
q017,281.0140666666667,0.99951171875,video_02
q017,282.01506666666666,0.99951171875,video_02
q017,283.0160666666667,0.99951171875,video_02
q017,283.9837,0.99951171875,video_02
q017,284.98470000000003,0.99951171875,video_02
q017,285.9857,0.99951171875,video_02
q017,286.9867,0.99951171875,video_02
q017,287.9877,0.99951171875,video_02
q017,288.9887,0.99951171875,video_02
q017,289.9897,0.99951171875,video_02
q017,290.9907,0.99951171875,video_02
q017,291.9917,0.99951171875,video_02
q017,292.9927,0.99951171875,video_02
q017,293.9937,0.99951171875,video_02
q017,294.9947,0.99951171875,video_02
q017,295.9957,0.99951171875,video_02
q017,296.99670000000003,0.99951171875,video_02
q017,297.9977,0.99951171875,video_02
q017,298.9987,0.99951171875,video_02
q017,299.9997,0.99951171875,video_02
q017,301.0007,0.99951171875,video_02
q017,302.0017,0.99951171875,video_02
q018,0.0,0.9990234375,video_02
q018,1.0010000000000001,0.99853515625,video_02
q018,2.0020000000000002,0.99853515625,video_02
q018,3.003,0.99853515625,video_02
q018,4.0040000000000004,0.9990234375,video_02
q018,5.005,0.9990234375,video_02
q018,6.006,0.99853515625,video_02
q018,7.007000000000001,0.9970703125,video_02
q018,8.008000000000001,0.998046875,video_02
q018,9.009,0.9990234375,video_02
q018,10.01,0.99853515625,video_02
q018,11.011000000000001,0.99853515625,video_02
q018,12.012,0.99853515625,video_02
q018,13.013,0.99853515625,video_02
q018,14.014000000000001,0.9990234375,video_02
q018,15.015,0.99853515625,video_02
q018,16.016000000000002,0.99853515625,video_02
q018,16.983633333333334,0.99853515625,video_02
q018,17.984633333333335,0.99853515625,video_02
q018,18.985633333333332,0.9990234375,video_02
q018,19.986633333333334,0.9990234375,video_02
q018,20.987633333333335,0.99853515625,video_02
q018,21.988633333333333,0.9990234375,video_02
q018,22.989633333333334,0.99951171875,video_02
q018,23.990633333333335,0.9990234375,video_02
q018,24.991633333333333,0.9990234375,video_02
q018,25.992633333333334,0.9990234375,video_02
q018,26.993633333333335,0.9990234375,video_02
q018,27.994633333333333,0.9990234375,video_02
q018,28.995633333333334,0.9990234375,video_02
q018,29.996633333333335,0.9990234375,video_02
q018,30.997633333333333,0.99853515625,video_02
q018,31.998633333333334,0.9990234375,video_02
q018,32.999633333333335,0.9990234375,video_02
q018,34.00063333333333,0.9990234375,video_02
q018,35.00163333333333,0.9990234375,video_02
q018,36.002633333333335,0.9990234375,video_02
q018,37.00363333333333,0.9990234375,video_02
q018,38.00463333333333,0.9990234375,video_02
q018,39.005633333333336,0.9990234375,video_02
q018,40.00663333333333,0.9990234375,video_02
q018,41.00763333333333,0.9990234375,video_02
q018,42.008633333333336,0.99951171875,video_02
q018,43.00963333333333,0.99951171875,video_02
q018,44.01063333333333,0.99951171875,video_02
q018,45.011633333333336,0.9990234375,video_02
q018,46.01263333333333,0.99951171875,video_02
q018,47.01363333333333,0.99951171875,video_02
q018,48.014633333333336,0.9990234375,video_02
q018,49.015633333333334,0.9990234375,video_02
q018,50.01663333333333,0.9990234375,video_02
q018,50.98426666666667,0.99951171875,video_02
q018,51.98526666666667,0.99951171875,video_02
q018,52.986266666666666,0.9990234375,video_02
q018,53.98726666666667,0.99951171875,video_02
q018,54.98826666666667,0.99951171875,video_02
q018,55.989266666666666,0.9990234375,video_02
q018,56.99026666666667,0.9990234375,video_02
q018,57.99126666666667,0.99951171875,video_02
q018,58.992266666666666,0.9990234375,video_02
q018,59.99326666666667,0.99951171875,video_02
q018,60.99426666666667,0.99951171875,video_02
q018,61.995266666666666,0.99951171875,video_02
q018,62.99626666666667,0.99951171875,video_02
q018,63.99726666666667,0.99951171875,video_02
q018,64.99826666666667,0.99951171875,video_02
q018,65.99926666666667,0.99951171875,video_02
q018,67.00026666666666,0.99951171875,video_02
q018,68.00126666666667,0.9990234375,video_02
q018,69.00226666666667,0.99951171875,video_02
q018,70.00326666666666,0.9990234375,video_02
q018,71.00426666666667,0.9990234375,video_02
q018,72.00526666666667,0.9990234375,video_02
q018,73.00626666666666,0.99951171875,video_02
q018,74.00726666666667,0.9990234375,video_02
q018,75.00826666666667,0.99951171875,video_02
q018,76.00926666666666,0.99951171875,video_02
q018,77.01026666666667,0.99951171875,video_02
q018,78.01126666666667,0.99951171875,video_02
q018,79.01226666666666,0.99951171875,video_02
q018,80.01326666666667,0.99951171875,video_02
q018,81.01426666666667,0.99951171875,video_02
q018,82.01526666666666,0.99951171875,video_02
q018,83.01626666666667,0.99951171875,video_02
q018,83.9839,0.99951171875,video_02
q018,84.9849,0.99951171875,video_02
q018,85.9859,1.0,video_02
q018,86.9869,0.99951171875,video_02
q018,87.9879,1.0,video_02
q018,88.9889,0.99951171875,video_02
q018,89.9899,0.99951171875,video_02
q018,90.9909,0.99951171875,video_02
q018,91.9919,0.99951171875,video_02
q018,92.9929,0.99951171875,video_02
q018,93.9939,1.0,video_02
q018,94.9949,0.99951171875,video_02
q018,95.9959,0.99951171875,video_02
q018,96.9969,0.99951171875,video_02
q018,97.9979,0.99951171875,video_02
q018,98.9989,0.99951171875,video_02
q018,99.9999,0.99951171875,video_02
q018,101.0009,0.99951171875,video_02
q018,102.0019,0.99951171875,video_02
q018,103.0029,0.99951171875,video_02
q018,104.0039,0.99951171875,video_02
q018,105.0049,0.99951171875,video_02
q018,106.0059,0.99951171875,video_02
q018,107.0069,0.99951171875,video_02
q018,108.0079,0.99951171875,video_02
q018,109.0089,0.99951171875,video_02
q018,110.0099,0.99951171875,video_02
q018,111.0109,0.99951171875,video_02
q018,112.0119,0.99951171875,video_02
q018,113.0129,0.99951171875,video_02
q018,114.0139,1.0,video_02
q018,115.0149,1.0,video_02
q018,116.0159,1.0,video_02
q018,116.98353333333334,1.0,video_02
q018,117.98453333333333,0.99951171875,video_02
q018,118.98553333333334,1.0,video_02
q018,119.98653333333334,1.0,video_02
q018,120.98753333333333,0.99951171875,video_02
q018,121.98853333333334,0.99951171875,video_02
q018,122.98953333333334,0.99951171875,video_02
q018,123.99053333333333,0.99951171875,video_02
q018,124.99153333333334,0.99951171875,video_02
q018,125.99253333333334,0.99951171875,video_02
q018,126.99353333333333,0.99951171875,video_02
q018,127.99453333333334,0.99951171875,video_02
q018,128.99553333333333,0.99951171875,video_02
q018,129.99653333333333,0.99951171875,video_02
q018,130.99753333333334,0.99951171875,video_02
q018,131.99853333333334,0.99951171875,video_02
q018,132.99953333333335,0.99951171875,video_02
q018,134.00053333333332,0.99951171875,video_02
q018,135.00153333333333,0.99951171875,video_02
q018,136.00253333333333,0.99951171875,video_02
q018,137.00353333333334,0.99951171875,video_02
q018,138.00453333333334,0.99951171875,video_02
q018,139.00553333333335,0.99951171875,video_02
q018,140.00653333333332,0.99951171875,video_02
q018,141.00753333333333,0.99951171875,video_02
q018,142.00853333333333,0.99951171875,video_02
q018,143.00953333333334,0.99951171875,video_02
q018,144.01053333333334,0.99951171875,video_02
q018,145.01153333333335,0.99951171875,video_02
q018,146.01253333333332,0.99951171875,video_02
q018,147.01353333333333,0.99951171875,video_02
q018,148.01453333333333,0.99951171875,video_02
q018,149.01553333333334,0.99951171875,video_02
q018,150.01653333333334,0.99951171875,video_02
q018,150.98416666666668,0.99951171875,video_02
q018,151.98516666666666,0.99951171875,video_02
q018,152.98616666666666,0.99951171875,video_02
q018,153.98716666666667,0.99951171875,video_02
q018,154.98816666666667,0.99951171875,video_02
q018,155.98916666666668,0.99951171875,video_02
q018,156.99016666666668,0.99951171875,video_02
q018,157.99116666666666,0.99951171875,video_02
q018,158.99216666666666,0.99951171875,video_02
q018,159.99316666666667,1.0,video_02
q018,160.99416666666667,0.99951171875,video_02
q018,161.99516666666668,0.99951171875,video_02
q018,162.99616666666668,0.99951171875,video_02
q018,163.99716666666666,0.99951171875,video_02
q018,164.99816666666666,0.99951171875,video_02
q018,165.99916666666667,0.99951171875,video_02
q018,167.00016666666667,0.99951171875,video_02
q018,168.00116666666668,0.99951171875,video_02
q018,169.00216666666668,0.99951171875,video_02
q018,170.00316666666666,0.99951171875,video_02
q018,171.00416666666666,0.99951171875,video_02
q018,172.00516666666667,0.99951171875,video_02
q018,173.00616666666667,0.99951171875,video_02
q018,174.00716666666668,0.99951171875,video_02
q018,175.00816666666668,0.99951171875,video_02
q018,176.00916666666666,0.99951171875,video_02
q018,177.01016666666666,0.99951171875,video_02
q018,178.01116666666667,0.99951171875,video_02
q018,179.01216666666667,0.99951171875,video_02
q018,180.01316666666668,0.99951171875,video_02
q018,181.01416666666668,0.99951171875,video_02
q018,182.01516666666666,0.99951171875,video_02
q018,183.01616666666666,0.99951171875,video_02
q018,183.9838,0.99951171875,video_02
q018,184.9848,0.99951171875,video_02
q018,185.9858,0.99951171875,video_02
q018,186.98680000000002,0.99951171875,video_02
q018,187.9878,0.99951171875,video_02
q018,188.9888,0.99951171875,video_02
q018,189.9898,0.99951171875,video_02
q018,190.9908,0.99951171875,video_02
q018,191.9918,0.99951171875,video_02
q018,192.99280000000002,0.99951171875,video_02
q018,193.9938,0.99951171875,video_02
q018,194.9948,0.99951171875,video_02
q018,195.9958,0.99951171875,video_02
q018,196.9968,0.99951171875,video_02
q018,197.9978,0.99951171875,video_02
q018,198.99880000000002,0.99951171875,video_02
q018,199.9998,0.99951171875,video_02
q018,201.0008,0.99951171875,video_02
q018,202.0018,0.99951171875,video_02
q018,203.0028,0.99951171875,video_02
q018,204.0038,0.99951171875,video_02
q018,205.00480000000002,0.99951171875,video_02
q018,206.0058,0.99951171875,video_02
q018,207.0068,0.99951171875,video_02
q018,208.0078,0.99951171875,video_02
q018,209.0088,0.99951171875,video_02
q018,210.0098,0.99951171875,video_02
q018,211.01080000000002,0.99951171875,video_02
q018,212.0118,0.99951171875,video_02
q018,213.0128,0.99951171875,video_02
q018,214.0138,0.99951171875,video_02
q018,215.0148,0.99951171875,video_02
q018,216.0158,0.99951171875,video_02
q018,216.98343333333332,0.99951171875,video_02
q018,217.98443333333333,0.99951171875,video_02
q018,218.98543333333333,0.99951171875,video_02
q018,219.98643333333334,0.99951171875,video_02
q018,220.98743333333334,0.99951171875,video_02
q018,221.98843333333335,0.99951171875,video_02
q018,222.98943333333332,0.99951171875,video_02
q018,223.99043333333333,0.99951171875,video_02
q018,224.99143333333333,0.99951171875,video_02
q018,225.99243333333334,0.99951171875,video_02
q018,226.99343333333334,0.99951171875,video_02
q018,227.99443333333335,0.99951171875,video_02
q018,228.99543333333332,0.99951171875,video_02
q018,229.99643333333333,0.99951171875,video_02
q018,230.99743333333333,0.99951171875,video_02
q018,231.99843333333334,0.99951171875,video_02
q018,232.99943333333334,0.99951171875,video_02
q018,234.00043333333335,0.99951171875,video_02
q018,235.00143333333332,0.99951171875,video_02
q018,236.00243333333333,0.99951171875,video_02
q018,237.00343333333333,0.99951171875,video_02
q018,238.00443333333334,0.99951171875,video_02
q018,239.00543333333334,0.99951171875,video_02
q018,240.00643333333335,0.99951171875,video_02
q018,241.00743333333332,0.99951171875,video_02
q018,242.00843333333333,0.99951171875,video_02
q018,243.00943333333333,0.99951171875,video_02
q018,244.01043333333334,0.99951171875,video_02
q018,245.01143333333334,0.99951171875,video_02
q018,246.01243333333335,0.99951171875,video_02
q018,247.01343333333332,0.99951171875,video_02
q018,248.01443333333333,0.99951171875,video_02
q018,249.01543333333333,0.99951171875,video_02
q018,250.01643333333334,0.99951171875,video_02
q018,250.98406666666668,0.99951171875,video_02
q018,251.98506666666668,0.99951171875,video_02
q018,252.98606666666666,0.99951171875,video_02
q018,253.98706666666666,0.99951171875,video_02
q018,254.98806666666667,0.99951171875,video_02
q018,255.98906666666667,0.99951171875,video_02
q018,256.9900666666667,0.99951171875,video_02
q018,257.99106666666665,0.99951171875,video_02
q018,258.9920666666667,0.99951171875,video_02
q018,259.99306666666666,0.99951171875,video_02
q018,260.9940666666667,0.99951171875,video_02
q018,261.9950666666667,0.99951171875,video_02
q018,262.99606666666665,0.99951171875,video_02
q018,263.9970666666667,0.99951171875,video_02
q018,264.99806666666666,0.99951171875,video_02
q018,265.9990666666667,0.99951171875,video_02
q018,267.00006666666667,0.99951171875,video_02
q018,268.00106666666665,0.99951171875,video_02
q018,269.0020666666667,0.99951171875,video_02
q018,270.00306666666665,0.99951171875,video_02
q018,271.0040666666667,0.99951171875,video_02
q018,272.00506666666666,0.99951171875,video_02
q018,273.0060666666667,0.99951171875,video_02
q018,274.0070666666667,0.99951171875,video_02
q018,275.00806666666665,0.99951171875,video_02
q018,276.0090666666667,0.99951171875,video_02
q018,277.01006666666666,0.99951171875,video_02
q018,278.0110666666667,0.99951171875,video_02
q018,279.01206666666667,0.99951171875,video_02
q018,280.01306666666665,0.99951171875,video_02
q018,281.0140666666667,0.99951171875,video_02
q018,282.01506666666666,0.99951171875,video_02
q018,283.0160666666667,0.99951171875,video_02
q018,283.9837,0.99951171875,video_02
q018,284.98470000000003,0.99951171875,video_02
q018,285.9857,0.99951171875,video_02
q018,286.9867,0.99951171875,video_02
q018,287.9877,0.99951171875,video_02
q018,288.9887,0.99951171875,video_02
q018,289.9897,0.99951171875,video_02
q018,290.9907,0.99951171875,video_02
q018,291.9917,0.99951171875,video_02
q018,292.9927,0.99951171875,video_02
q018,293.9937,0.99951171875,video_02
q018,294.9947,0.99951171875,video_02
q018,295.9957,0.99951171875,video_02
q018,296.99670000000003,0.99951171875,video_02
q018,297.9977,0.99951171875,video_02
q018,298.9987,0.99951171875,video_02
q018,299.9997,0.99951171875,video_02
q018,301.0007,0.99951171875,video_02
q018,302.0017,0.99951171875,video_02
q025,0.0,0.99853515625,video_03
q025,1.0008340283569641,0.9990234375,video_03
q025,2.0016680567139282,0.99951171875,video_03
q025,3.0025020850708923,0.99951171875,video_03
q025,4.0033361134278564,0.99951171875,video_03
q025,5.004170141784821,0.9990234375,video_03
q025,6.005004170141785,0.99951171875,video_03
q025,7.005838198498749,1.0,video_03
q025,8.006672226855713,1.0,video_03
q025,9.007506255212677,1.0,video_03
q025,10.008340283569641,1.0,video_03
q025,11.009174311926605,1.0,video_03
q025,12.01000834028357,1.0,video_03
q025,13.010842368640533,1.0,video_03
q025,14.011676396997498,1.0,video_03
q025,15.012510425354462,1.0,video_03
q025,16.013344453711426,1.0,video_03
q025,17.01417848206839,1.0,video_03
q025,18.015012510425354,1.0,video_03
q025,19.01584653878232,1.0,video_03
q025,20.016680567139282,1.0,video_03
q025,21.017514595496248,1.0,video_03
q025,22.01834862385321,1.0,video_03
q025,23.019182652210176,1.0,video_03
q025,24.02001668056714,1.0,video_03
q025,25.020850708924105,1.0,video_03
q025,25.97998331943286,1.0,video_03
q025,26.980817347789824,1.0,video_03
q025,27.98165137614679,1.0,video_03
q025,28.982485404503752,1.0,video_03
q025,29.983319432860718,1.0,video_03
q025,30.98415346121768,0.99853515625,video_03
q025,31.984987489574646,0.99951171875,video_03
q025,32.98582151793161,0.99658203125,video_03
q025,33.986655546288574,0.99951171875,video_03
q025,34.98748957464554,0.98388671875,video_03
q025,35.9883236030025,0.99462890625,video_03
q025,36.98915763135947,0.99853515625,video_03
q025,37.98999165971643,0.9931640625,video_03
q025,38.99082568807339,0.99853515625,video_03
q025,39.991659716430355,1.0,video_03
q025,40.992493744787325,0.97216796875,video_03
q025,41.99332777314429,0.9853515625,video_03
q025,42.99416180150125,0.947265625,video_03
q025,43.99499582985821,0.89111328125,video_03
q025,44.99582985821518,0.435546875,video_03
q025,45.996663886572144,0.66259765625,video_03
q025,46.997497914929106,0.2210693359375,video_03
q025,47.99833194328607,0.332275390625,video_03
q025,48.99916597164304,0.241455078125,video_03
q025,50.0,0.2198486328125,video_03
q025,51.00083402835696,0.33056640625,video_03
q025,52.001668056713925,0.3486328125,video_03
q025,53.002502085070894,0.312255859375,video_03
q025,54.003336113427856,0.308349609375,video_03
q025,55.00417014178482,0.3212890625,video_03
q025,56.00500417014178,0.2161865234375,video_03
q025,57.00583819849875,0.30078125,video_03
q025,58.00667222685571,0.410400390625,video_03
q025,59.007506255212675,0.99951171875,video_03
q025,60.00834028356964,0.99951171875,video_03
q025,61.00917431192661,0.9990234375,video_03
q025,62.01000834028357,0.96875,video_03
q025,63.01084236864053,0.9990234375,video_03
q025,64.0116763969975,0.9609375,video_03
q025,65.01251042535446,0.2548828125,video_03
q025,66.01334445371143,0.1990966796875,video_03
q025,67.01417848206839,0.2626953125,video_03
q025,68.01501251042535,0.998046875,video_03
q025,69.01584653878231,0.9990234375,video_03
q025,70.01668056713928,0.99951171875,video_03
q025,71.01751459549625,0.99951171875,video_03
q025,72.01834862385321,0.99951171875,video_03
q025,73.01918265221018,0.99951171875,video_03
q025,74.02001668056714,0.99951171875,video_03
q025,74.9791492910759,1.0,video_03
q025,75.97998331943286,1.0,video_03
q025,76.98081734778982,1.0,video_03
q025,77.98165137614679,1.0,video_03
q025,78.98248540450375,1.0,video_03
q025,79.98331943286071,1.0,video_03
q025,80.98415346121767,1.0,video_03
q025,81.98498748957465,1.0,video_03
q025,82.98582151793161,1.0,video_03
q025,83.98665554628857,1.0,video_03
q025,84.98748957464554,1.0,video_03
q025,85.9883236030025,1.0,video_03
q025,86.98915763135946,1.0,video_03
q025,87.98999165971642,1.0,video_03
q025,88.99082568807339,1.0,video_03
q025,89.99165971643036,1.0,video_03
q025,90.99249374478732,1.0,video_03
q025,91.99332777314429,1.0,video_03
q025,92.99416180150125,1.0,video_03
q025,93.99499582985821,1.0,video_03
q025,94.99582985821517,1.0,video_03
q025,95.99666388657214,1.0,video_03
q025,96.9974979149291,1.0,video_03
q025,97.99833194328608,1.0,video_03
q025,98.99916597164304,1.0,video_03
q025,100.0,1.0,video_03
q025,101.00083402835696,1.0,video_03
q025,102.00166805671392,1.0,video_03
q025,103.00250208507089,1.0,video_03
q025,104.00333611342785,1.0,video_03
q025,105.00417014178483,1.0,video_03
q025,106.00500417014179,1.0,video_03
q025,107.00583819849875,0.99951171875,video_03
q025,108.00667222685571,1.0,video_03
q025,109.00750625521268,1.0,video_03
q025,110.00834028356964,1.0,video_03
q025,111.0091743119266,1.0,video_03
q025,112.01000834028356,1.0,video_03
q025,113.01084236864054,1.0,video_03
q025,114.0116763969975,1.0,video_03
q025,115.01251042535446,1.0,video_03
q025,116.01334445371143,1.0,video_03
q025,117.01417848206839,0.99951171875,video_03
q025,118.01501251042535,0.9990234375,video_03
q025,119.01584653878231,0.99951171875,video_03
q025,120.01668056713928,0.99951171875,video_03
q025,121.01751459549625,0.99951171875,video_03
q025,122.01834862385321,1.0,video_03
q025,123.01918265221018,0.99951171875,video_03
q025,124.02001668056714,0.9990234375,video_03
q025,125.0208507089241,0.99951171875,video_03
q025,125.97998331943286,0.99951171875,video_03
q025,126.98081734778982,0.99951171875,video_03
q025,127.98165137614679,0.99951171875,video_03
q025,128.98248540450376,1.0,video_03
q025,129.98331943286072,1.0,video_03
q025,130.9841534612177,1.0,video_03
q025,131.98498748957465,1.0,video_03
q025,132.9858215179316,1.0,video_03
q025,133.98665554628857,1.0,video_03
q025,134.98748957464554,1.0,video_03
q025,135.9883236030025,1.0,video_03
q025,136.98915763135946,0.99951171875,video_03
q025,137.98999165971642,1.0,video_03
q025,138.9908256880734,1.0,video_03
q025,139.99165971643035,1.0,video_03
q025,140.9924937447873,0.99951171875,video_03
q025,141.99332777314427,1.0,video_03
q025,142.99416180150124,1.0,video_03
q025,143.99499582985823,1.0,video_03
q025,144.9958298582152,1.0,video_03
q025,145.99666388657215,0.99951171875,video_03
q025,146.9974979149291,0.99951171875,video_03
q025,147.99833194328608,1.0,video_03
q025,148.99916597164304,0.99853515625,video_03
q025,150.0,0.99951171875,video_03
q025,151.00083402835696,0.99951171875,video_03
q025,152.00166805671392,0.99951171875,video_03
q025,153.0025020850709,0.99951171875,video_03
q025,154.00333611342785,0.99951171875,video_03
q025,155.0041701417848,0.99755859375,video_03
q025,156.00500417014177,0.9912109375,video_03
q025,157.00583819849874,0.9951171875,video_03
q025,158.0066722268557,0.99462890625,video_03
q025,159.00750625521266,0.99462890625,video_03
q025,160.00834028356965,0.9951171875,video_03
q025,161.0091743119266,0.99560546875,video_03
q025,162.01000834028358,0.9970703125,video_03
q025,163.01084236864054,0.99755859375,video_03
q025,164.0116763969975,0.994140625,video_03
q025,165.01251042535446,0.99169921875,video_03
q025,166.01334445371143,0.99609375,video_03
q025,167.0141784820684,0.9970703125,video_03
q025,168.01501251042535,0.998046875,video_03
q025,169.0158465387823,0.99658203125,video_03
q025,170.01668056713928,0.9990234375,video_03
q025,171.01751459549624,1.0,video_03
q025,172.0183486238532,1.0,video_03
q025,173.01918265221016,1.0,video_03
q025,174.02001668056712,1.0,video_03
q025,174.97914929107588,1.0,video_03
q025,175.97998331943285,1.0,video_03
q025,176.9808173477898,1.0,video_03
q025,177.98165137614677,1.0,video_03
q025,178.98248540450376,1.0,video_03
q025,179.98331943286072,1.0,video_03
q025,180.9841534612177,1.0,video_03
q025,181.98498748957465,1.0,video_03
q025,182.9858215179316,1.0,video_03
q025,183.98665554628857,1.0,video_03
q025,184.98748957464554,1.0,video_03
q025,185.9883236030025,1.0,video_03
q025,186.98915763135946,1.0,video_03
q025,187.98999165971642,1.0,video_03
q025,188.9908256880734,1.0,video_03
q025,189.99165971643035,1.0,video_03
q025,190.9924937447873,1.0,video_03
q025,191.99332777314427,1.0,video_03
q025,192.99416180150124,1.0,video_03
q025,193.9949958298582,1.0,video_03
q025,194.9958298582152,0.99951171875,video_03
q025,195.99666388657215,1.0,video_03
q025,196.9974979149291,1.0,video_03
q025,197.99833194328608,1.0,video_03
q025,198.99916597164304,1.0,video_03
q025,200.0,1.0,video_03
q025,201.00083402835696,1.0,video_03
q025,202.00166805671392,1.0,video_03
q025,203.0025020850709,1.0,video_03
q025,204.00333611342785,1.0,video_03
q025,205.0041701417848,1.0,video_03
q025,206.00500417014177,1.0,video_03
q025,207.00583819849874,1.0,video_03
q025,208.0066722268557,1.0,video_03
q025,209.00750625521266,1.0,video_03
q025,210.00834028356965,1.0,video_03
q025,211.0091743119266,1.0,video_03
q025,212.01000834028358,1.0,video_03
q025,213.01084236864054,1.0,video_03
q025,214.0116763969975,1.0,video_03
q025,215.01251042535446,1.0,video_03
q025,216.01334445371143,0.99951171875,video_03
q025,217.0141784820684,0.99951171875,video_03
q025,218.01501251042535,0.99951171875,video_03
q025,219.0158465387823,0.9990234375,video_03
q025,220.01668056713928,0.99951171875,video_03
q025,221.01751459549624,1.0,video_03
q025,222.0183486238532,1.0,video_03
q025,223.01918265221016,1.0,video_03
q025,224.02001668056712,1.0,video_03
q025,225.0208507089241,1.0,video_03
q025,225.97998331943285,1.0,video_03
q025,226.9808173477898,1.0,video_03
q025,227.98165137614677,1.0,video_03
q025,228.98248540450376,1.0,video_03
q025,229.98331943286072,1.0,video_03
q025,230.9841534612177,1.0,video_03
q025,231.98498748957465,1.0,video_03
q025,232.9858215179316,0.99951171875,video_03
q025,233.98665554628857,1.0,video_03
q025,234.98748957464554,1.0,video_03
q025,235.9883236030025,1.0,video_03
q025,236.98915763135946,0.9990234375,video_03
q025,237.98999165971642,1.0,video_03
q025,238.9908256880734,1.0,video_03
q025,239.99165971643035,1.0,video_03
q025,240.9924937447873,0.99951171875,video_03
q025,241.99332777314427,1.0,video_03
q025,242.99416180150124,1.0,video_03
q025,243.9949958298582,1.0,video_03
q025,244.9958298582152,1.0,video_03
q025,245.99666388657215,1.0,video_03
q025,246.9974979149291,1.0,video_03
q025,247.99833194328608,1.0,video_03
q025,248.99916597164304,1.0,video_03
q025,250.0,1.0,video_03
q025,251.00083402835696,0.99951171875,video_03
q025,252.00166805671392,1.0,video_03
q025,253.0025020850709,1.0,video_03
q025,254.00333611342785,1.0,video_03
q025,255.0041701417848,1.0,video_03
q025,256.0050041701418,1.0,video_03
q025,257.00583819849874,1.0,video_03
q025,258.0066722268557,1.0,video_03
q025,259.00750625521266,1.0,video_03
q025,260.0083402835696,1.0,video_03
q025,261.0091743119266,1.0,video_03
q025,262.01000834028355,0.99951171875,video_03
q025,263.0108423686405,1.0,video_03
q025,264.0116763969975,1.0,video_03
q025,265.01251042535444,1.0,video_03
q025,266.0133444537114,1.0,video_03
q025,267.01417848206836,0.99951171875,video_03
q025,268.0150125104253,1.0,video_03
q025,269.01584653878234,1.0,video_03
q025,270.0166805671393,0.99951171875,video_03
q025,271.01751459549627,0.99951171875,video_03
q025,272.0183486238532,0.99951171875,video_03
q025,273.0191826522102,0.99951171875,video_03
q025,274.02001668056715,1.0,video_03
q025,274.9791492910759,1.0,video_03
q025,275.97998331943285,1.0,video_03
q025,276.9808173477898,1.0,video_03
q025,277.9816513761468,1.0,video_03
q025,278.98248540450373,1.0,video_03
q025,279.9833194328607,1.0,video_03
q025,280.98415346121766,1.0,video_03
q025,281.9849874895746,1.0,video_03
q025,282.9858215179316,0.99951171875,video_03
q025,283.98665554628855,1.0,video_03
q025,284.9874895746455,1.0,video_03
q025,285.98832360300247,1.0,video_03
q025,286.98915763135943,1.0,video_03
q025,287.98999165971645,0.99951171875,video_03
q025,288.9908256880734,0.99951171875,video_03
q025,289.9916597164304,0.99951171875,video_03
q025,290.99249374478734,0.99951171875,video_03
q025,291.9933277731443,0.99853515625,video_03
q025,292.99416180150126,0.9990234375,video_03
q025,293.9949958298582,0.9873046875,video_03
q025,294.9958298582152,0.99072265625,video_03
q025,295.99666388657215,0.9990234375,video_03
q025,296.9974979149291,0.9990234375,video_03
q025,297.9983319432861,0.9990234375,video_03
q025,298.99916597164304,0.998046875,video_03
q025,300.0,0.998046875,video_03
q025,301.00083402835696,0.998046875,video_03
q026,0.0,0.038604736328125,video_03
q026,1.0008340283569641,0.0287628173828125,video_03
q026,2.0016680567139282,0.055206298828125,video_03
q026,3.0025020850708923,0.0504150390625,video_03
q026,4.0033361134278564,0.118408203125,video_03
q026,5.004170141784821,0.060089111328125,video_03
q026,6.005004170141785,0.038238525390625,video_03
q026,7.005838198498749,0.037750244140625,video_03
q026,8.006672226855713,0.015899658203125,video_03
q026,9.007506255212677,0.01934814453125,video_03
q026,10.008340283569641,0.030914306640625,video_03
q026,11.009174311926605,0.035675048828125,video_03
q026,12.01000834028357,0.0207977294921875,video_03
q026,13.010842368640533,0.01953125,video_03
q026,14.011676396997498,0.0127716064453125,video_03
q026,15.012510425354462,0.0439453125,video_03
q026,16.013344453711426,0.02203369140625,video_03
q026,17.01417848206839,0.019500732421875,video_03
q026,18.015012510425354,0.0257110595703125,video_03
q026,19.01584653878232,0.205810546875,video_03
q026,20.016680567139282,0.28076171875,video_03
q026,21.017514595496248,0.0299835205078125,video_03
q026,22.01834862385321,0.058013916015625,video_03
q026,23.019182652210176,0.0755615234375,video_03
q026,24.02001668056714,0.05450439453125,video_03
q026,25.020850708924105,0.05419921875,video_03
q026,25.97998331943286,0.032958984375,video_03
q026,26.980817347789824,0.058990478515625,video_03
q026,27.98165137614679,0.10577392578125,video_03
q026,28.982485404503752,0.07342529296875,video_03
q026,29.983319432860718,0.07135009765625,video_03
q026,30.98415346121768,0.04107666015625,video_03
q026,31.984987489574646,0.0333251953125,video_03
q026,32.98582151793161,0.0173797607421875,video_03
q026,33.986655546288574,0.321533203125,video_03
q026,34.98748957464554,0.1041259765625,video_03
q026,35.9883236030025,0.018646240234375,video_03
q026,36.98915763135947,0.070068359375,video_03
q026,37.98999165971643,0.0517578125,video_03
q026,38.99082568807339,0.03662109375,video_03
q026,39.991659716430355,0.0144500732421875,video_03
q026,40.992493744787325,0.0316162109375,video_03
q026,41.99332777314429,0.1806640625,video_03
q026,42.99416180150125,0.0280609130859375,video_03
q026,43.99499582985821,0.0171051025390625,video_03
q026,44.99582985821518,0.0170440673828125,video_03
q026,45.996663886572144,0.01374053955078125,video_03
q026,46.997497914929106,0.0253753662109375,video_03
q026,47.99833194328607,0.00963592529296875,video_03
q026,48.99916597164304,0.0592041015625,video_03
q026,50.0,0.01267242431640625,video_03
q026,51.00083402835696,0.005489349365234375,video_03
q026,52.001668056713925,0.004199981689453125,video_03
q026,53.002502085070894,0.00530242919921875,video_03
q026,54.003336113427856,0.00577545166015625,video_03
q026,55.00417014178482,0.0108184814453125,video_03
q026,56.00500417014178,0.005279541015625,video_03
q026,57.00583819849875,0.0103302001953125,video_03
q026,58.00667222685571,0.0074310302734375,video_03
q026,59.007506255212675,0.00621795654296875,video_03
q026,60.00834028356964,0.005706787109375,video_03
q026,61.00917431192661,0.00669097900390625,video_03
q026,62.01000834028357,0.0141754150390625,video_03
q026,63.01084236864053,0.0582275390625,video_03
q026,64.0116763969975,0.0306243896484375,video_03
q026,65.01251042535446,0.0153656005859375,video_03
q026,66.01334445371143,0.02044677734375,video_03
q026,67.01417848206839,0.018768310546875,video_03
q026,68.01501251042535,0.01078033447265625,video_03
q026,69.01584653878231,0.00933837890625,video_03
q026,70.01668056713928,0.00690460205078125,video_03
q026,71.01751459549625,0.0184783935546875,video_03
q026,72.01834862385321,0.03643798828125,video_03
q026,73.01918265221018,0.01056671142578125,video_03
q026,74.02001668056714,0.13671875,video_03
q026,74.9791492910759,0.0153656005859375,video_03
q026,75.97998331943286,0.007038116455078125,video_03
q026,76.98081734778982,0.01233673095703125,video_03
q026,77.98165137614679,0.005001068115234375,video_03
q026,78.98248540450375,0.021087646484375,video_03
q026,79.98331943286071,0.1055908203125,video_03
q026,80.98415346121767,0.033843994140625,video_03
q026,81.98498748957465,0.046630859375,video_03
q026,82.98582151793161,0.0640869140625,video_03
q026,83.98665554628857,0.0204925537109375,video_03
q026,84.98748957464554,0.009124755859375,video_03
q026,85.9883236030025,0.0379638671875,video_03
q026,86.98915763135946,0.06536865234375,video_03
q026,87.98999165971642,0.0150146484375,video_03
q026,88.99082568807339,0.04931640625,video_03
q026,89.99165971643036,0.11474609375,video_03
q026,90.99249374478732,0.0867919921875,video_03
q026,91.99332777314429,0.0260009765625,video_03
q026,92.99416180150125,0.04595947265625,video_03
q026,93.99499582985821,0.02056884765625,video_03
q026,94.99582985821517,0.004962921142578125,video_03
q026,95.99666388657214,0.217529296875,video_03
q026,96.9974979149291,0.17138671875,video_03
q026,97.99833194328608,0.017242431640625,video_03
q026,98.99916597164304,0.042022705078125,video_03
q026,100.0,0.04559326171875,video_03
q026,101.00083402835696,0.0188751220703125,video_03
q026,102.00166805671392,0.0153656005859375,video_03
q026,103.00250208507089,0.01262664794921875,video_03
q026,104.00333611342785,0.02606201171875,video_03
q026,105.00417014178483,0.04217529296875,video_03
q026,106.00500417014179,0.029205322265625,video_03
q026,107.00583819849875,0.042816162109375,video_03
q026,108.00667222685571,0.044921875,video_03
q026,109.00750625521268,0.03314208984375,video_03
q026,110.00834028356964,0.09417724609375,video_03
q026,111.0091743119266,0.0220794677734375,video_03
q026,112.01000834028356,0.04931640625,video_03
q026,113.01084236864054,0.03253173828125,video_03
q026,114.0116763969975,0.037384033203125,video_03
q026,115.01251042535446,0.02508544921875,video_03
q026,116.01334445371143,0.04620361328125,video_03
q026,117.01417848206839,0.01525115966796875,video_03
q026,118.01501251042535,0.0142822265625,video_03
q026,119.01584653878231,0.0129241943359375,video_03
q026,120.01668056713928,0.00757598876953125,video_03
q026,121.01751459549625,0.0097808837890625,video_03
q026,122.01834862385321,0.021240234375,video_03
q026,123.01918265221018,0.027069091796875,video_03
q026,124.02001668056714,0.0229339599609375,video_03
q026,125.0208507089241,0.02655029296875,video_03
q026,125.97998331943286,0.029083251953125,video_03
q026,126.98081734778982,0.0296478271484375,video_03
q026,127.98165137614679,0.0139007568359375,video_03
q026,128.98248540450376,0.0321044921875,video_03
q026,129.98331943286072,0.06768798828125,video_03
q026,130.9841534612177,0.063232421875,video_03
q026,131.98498748957465,0.1131591796875,video_03
q026,132.9858215179316,0.0190887451171875,video_03
q026,133.98665554628857,0.07366943359375,video_03
q026,134.98748957464554,0.10931396484375,video_03
q026,135.9883236030025,0.08477783203125,video_03
q026,136.98915763135946,0.03839111328125,video_03
q026,137.98999165971642,0.022369384765625,video_03
q026,138.9908256880734,0.01094818115234375,video_03
q026,139.99165971643035,0.1007080078125,video_03
q026,140.9924937447873,0.017578125,video_03
q026,141.99332777314427,0.07159423828125,video_03
q026,142.99416180150124,0.1055908203125,video_03
q026,143.99499582985823,0.09857177734375,video_03
q026,144.9958298582152,0.01467132568359375,video_03
q026,145.99666388657215,0.00885009765625,video_03
q026,146.9974979149291,0.0137939453125,video_03
q026,147.99833194328608,0.030670166015625,video_03
q026,148.99916597164304,0.05718994140625,video_03
q026,150.0,0.07330322265625,video_03
q026,151.00083402835696,0.03125,video_03
q026,152.00166805671392,0.03515625,video_03
q026,153.0025020850709,0.06634521484375,video_03
q026,154.00333611342785,0.03125,video_03
q026,155.0041701417848,0.0156707763671875,video_03
q026,156.00500417014177,0.00963592529296875,video_03
q026,157.00583819849874,0.0153656005859375,video_03
q026,158.0066722268557,0.0097808837890625,video_03
q026,159.00750625521266,0.01358795166015625,video_03
q026,160.00834028356965,0.00821685791015625,video_03
q026,161.0091743119266,0.0090179443359375,video_03
q026,162.01000834028358,0.03265380859375,video_03
q026,163.01084236864054,0.0103302001953125,video_03
q026,164.0116763969975,0.01433563232421875,video_03
q026,165.01251042535446,0.01348114013671875,video_03
q026,166.01334445371143,0.01267242431640625,video_03
q026,167.0141784820684,0.01036834716796875,video_03
q026,168.01501251042535,0.005489349365234375,video_03
q026,169.0158465387823,0.005062103271484375,video_03
q026,170.01668056713928,0.0103302001953125,video_03
q026,171.01751459549624,0.08416748046875,video_03
q026,172.0183486238532,0.005062103271484375,video_03
q026,173.01918265221016,0.0079345703125,video_03
q026,174.02001668056712,0.040374755859375,video_03
q026,174.97914929107588,0.029876708984375,video_03
q026,175.97998331943285,0.01094818115234375,video_03
q026,176.9808173477898,0.0143890380859375,video_03
q026,177.98165137614677,0.005664825439453125,video_03
q026,178.98248540450376,0.01287078857421875,video_03
q026,179.98331943286072,0.0278472900390625,video_03
q026,180.9841534612177,0.060302734375,video_03
q026,181.98498748957465,0.040771484375,video_03
q026,182.9858215179316,0.0188751220703125,video_03
q026,183.98665554628857,0.0120086669921875,video_03
q026,184.98748957464554,0.0129241943359375,video_03
q026,185.9883236030025,0.029754638671875,video_03
q026,186.98915763135946,0.04376220703125,video_03
q026,187.98999165971642,0.034942626953125,video_03
q026,188.9908256880734,0.0282135009765625,video_03
q026,189.99165971643035,0.01525115966796875,video_03
q026,190.9924937447873,0.11553955078125,video_03
q026,191.99332777314427,0.0374755859375,video_03
q026,192.99416180150124,0.045257568359375,video_03
q026,193.9949958298582,0.0207977294921875,video_03
q026,194.9958298582152,0.0228424072265625,video_03
q026,195.99666388657215,0.006122589111328125,video_03
q026,196.9974979149291,0.0341796875,video_03
q026,197.99833194328608,0.0300445556640625,video_03
q026,198.99916597164304,0.01282501220703125,video_03
q026,200.0,0.0180206298828125,video_03
q026,201.00083402835696,0.07904052734375,video_03
q026,202.00166805671392,0.0633544921875,video_03
q026,203.0025020850709,0.061187744140625,video_03
q026,204.00333611342785,0.0411376953125,video_03
q026,205.0041701417848,0.03704833984375,video_03
q026,206.00500417014177,0.0141754150390625,video_03
q026,207.00583819849874,0.0297088623046875,video_03
q026,208.0066722268557,0.008880615234375,video_03
q026,209.00750625521266,0.0186920166015625,video_03
q026,210.00834028356965,0.00945281982421875,video_03
q026,211.0091743119266,0.005062103271484375,video_03
q026,212.01000834028358,0.0182647705078125,video_03
q026,213.01084236864054,0.00881195068359375,video_03
q026,214.0116763969975,0.034881591796875,video_03
q026,215.01251042535446,0.00997161865234375,video_03
q026,216.01334445371143,0.0200653076171875,video_03
q026,217.0141784820684,0.00763702392578125,video_03
q026,218.01501251042535,0.00609588623046875,video_03
q026,219.0158465387823,0.037750244140625,video_03
q026,220.01668056713928,0.013427734375,video_03
q026,221.01751459549624,0.017913818359375,video_03
q026,222.0183486238532,0.010009765625,video_03
q026,223.01918265221016,0.03302001953125,video_03
q026,224.02001668056712,0.0153045654296875,video_03
q026,225.0208507089241,0.03155517578125,video_03
q026,225.97998331943285,0.04400634765625,video_03
q026,226.9808173477898,0.01666259765625,video_03
q026,227.98165137614677,0.00933837890625,video_03
q026,228.98248540450376,0.017852783203125,video_03
q026,229.98331943286072,0.0312042236328125,video_03
q026,230.9841534612177,0.09027099609375,video_03
q026,231.98498748957465,0.04052734375,video_03
q026,232.9858215179316,0.08831787109375,video_03
q026,233.98665554628857,0.04376220703125,video_03
q026,234.98748957464554,0.0272674560546875,video_03
q026,235.9883236030025,0.024749755859375,video_03
q026,236.98915763135946,0.01214599609375,video_03
q026,237.98999165971642,0.0154876708984375,video_03
q026,238.9908256880734,0.035888671875,video_03
q026,239.99165971643035,0.04327392578125,video_03
q026,240.9924937447873,0.038330078125,video_03
q026,241.99332777314427,0.2022705078125,video_03
q026,242.99416180150124,0.01450347900390625,video_03
q026,243.9949958298582,0.03289794921875,video_03
q026,244.9958298582152,0.03607177734375,video_03
q026,245.99666388657215,0.041473388671875,video_03
q026,246.9974979149291,0.1514892578125,video_03
q026,247.99833194328608,0.020843505859375,video_03
q026,248.99916597164304,0.029876708984375,video_03
q026,250.0,0.021942138671875,video_03
q026,251.00083402835696,0.0489501953125,video_03
q026,252.00166805671392,0.06268310546875,video_03
q026,253.0025020850709,0.033782958984375,video_03
q026,254.00333611342785,0.0099334716796875,video_03
q026,255.0041701417848,0.0802001953125,video_03
q026,256.0050041701418,0.03033447265625,video_03
q026,257.00583819849874,0.024139404296875,video_03
q026,258.0066722268557,0.0242767333984375,video_03
q026,259.00750625521266,0.02215576171875,video_03
q026,260.0083402835696,0.0070953369140625,video_03
q026,261.0091743119266,0.0207977294921875,video_03
q026,262.01000834028355,0.03460693359375,video_03
q026,263.0108423686405,0.039642333984375,video_03
q026,264.0116763969975,0.06304931640625,video_03
q026,265.01251042535444,0.01229095458984375,video_03
q026,266.0133444537114,0.0379638671875,video_03
q026,267.01417848206836,0.032470703125,video_03
q026,268.0150125104253,0.03424072265625,video_03
q026,269.01584653878234,0.0279541015625,video_03
q026,270.0166805671393,0.03271484375,video_03
q026,271.01751459549627,0.047698974609375,video_03
q026,272.0183486238532,0.030670166015625,video_03
q026,273.0191826522102,0.019378662109375,video_03
q026,274.02001668056715,0.014617919921875,video_03
q026,274.9791492910759,0.029541015625,video_03
q026,275.97998331943285,0.02655029296875,video_03
q026,276.9808173477898,0.036895751953125,video_03
q026,277.9816513761468,0.049591064453125,video_03
q026,278.98248540450373,0.0322265625,video_03
q026,279.9833194328607,0.0282135009765625,video_03
q026,280.98415346121766,0.018829345703125,video_03
q026,281.9849874895746,0.053314208984375,video_03
q026,282.9858215179316,0.0439453125,video_03
q026,283.98665554628855,0.0174407958984375,video_03
q026,284.9874895746455,0.01473236083984375,video_03
q026,285.98832360300247,0.018646240234375,video_03
q026,286.98915763135943,0.021209716796875,video_03
q026,287.98999165971645,0.07489013671875,video_03
q026,288.9908256880734,0.035888671875,video_03
q026,289.9916597164304,0.0115509033203125,video_03
q026,290.99249374478734,0.0304412841796875,video_03
q026,291.9933277731443,0.0301055908203125,video_03
q026,292.99416180150126,0.013427734375,video_03
q026,293.9949958298582,0.036773681640625,video_03
q026,294.9958298582152,0.039337158203125,video_03
q026,295.99666388657215,0.02880859375,video_03
q026,296.9974979149291,0.020294189453125,video_03
q026,297.9983319432861,0.0251312255859375,video_03
q026,298.99916597164304,0.029815673828125,video_03
q026,300.0,0.043701171875,video_03
q026,301.00083402835696,0.063720703125,video_03
q027,0.0,0.99853515625,video_03
q027,1.0008340283569641,0.9990234375,video_03
q027,2.0016680567139282,0.99951171875,video_03
q027,3.0025020850708923,0.99951171875,video_03
q027,4.0033361134278564,0.99951171875,video_03
q027,5.004170141784821,0.9990234375,video_03
q027,6.005004170141785,0.99951171875,video_03
q027,7.005838198498749,1.0,video_03
q027,8.006672226855713,1.0,video_03
q027,9.007506255212677,1.0,video_03
q027,10.008340283569641,1.0,video_03
q027,11.009174311926605,1.0,video_03
q027,12.01000834028357,1.0,video_03
q027,13.010842368640533,1.0,video_03
q027,14.011676396997498,1.0,video_03
q027,15.012510425354462,1.0,video_03
q027,16.013344453711426,1.0,video_03
q027,17.01417848206839,1.0,video_03
q027,18.015012510425354,1.0,video_03
q027,19.01584653878232,1.0,video_03
q027,20.016680567139282,1.0,video_03
q027,21.017514595496248,1.0,video_03
q027,22.01834862385321,1.0,video_03
q027,23.019182652210176,1.0,video_03
q027,24.02001668056714,1.0,video_03
q027,25.020850708924105,1.0,video_03
q027,25.97998331943286,1.0,video_03
q027,26.980817347789824,1.0,video_03
q027,27.98165137614679,1.0,video_03
q027,28.982485404503752,1.0,video_03
q027,29.983319432860718,1.0,video_03
q027,30.98415346121768,0.99853515625,video_03
q027,31.984987489574646,0.99951171875,video_03
q027,32.98582151793161,0.99658203125,video_03
q027,33.986655546288574,0.99951171875,video_03
q027,34.98748957464554,0.98388671875,video_03
q027,35.9883236030025,0.99462890625,video_03
q027,36.98915763135947,0.99853515625,video_03
q027,37.98999165971643,0.9931640625,video_03
q027,38.99082568807339,0.99853515625,video_03
q027,39.991659716430355,1.0,video_03
q027,40.992493744787325,0.97216796875,video_03
q027,41.99332777314429,0.9853515625,video_03
q027,42.99416180150125,0.947265625,video_03
q027,43.99499582985821,0.89111328125,video_03
q027,44.99582985821518,0.435546875,video_03
q027,45.996663886572144,0.66259765625,video_03
q027,46.997497914929106,0.2210693359375,video_03
q027,47.99833194328607,0.332275390625,video_03
q027,48.99916597164304,0.241455078125,video_03
q027,50.0,0.2198486328125,video_03
q027,51.00083402835696,0.33056640625,video_03
q027,52.001668056713925,0.3486328125,video_03
q027,53.002502085070894,0.312255859375,video_03
q027,54.003336113427856,0.308349609375,video_03
q027,55.00417014178482,0.3212890625,video_03
q027,56.00500417014178,0.2161865234375,video_03
q027,57.00583819849875,0.30078125,video_03
q027,58.00667222685571,0.410400390625,video_03
q027,59.007506255212675,0.99951171875,video_03
q027,60.00834028356964,0.99951171875,video_03
q027,61.00917431192661,0.9990234375,video_03
q027,62.01000834028357,0.96875,video_03
q027,63.01084236864053,0.9990234375,video_03
q027,64.0116763969975,0.9609375,video_03
q027,65.01251042535446,0.2548828125,video_03
q027,66.01334445371143,0.1990966796875,video_03
q027,67.01417848206839,0.2626953125,video_03
q027,68.01501251042535,0.998046875,video_03
q027,69.01584653878231,0.9990234375,video_03
q027,70.01668056713928,0.99951171875,video_03
q027,71.01751459549625,0.99951171875,video_03
q027,72.01834862385321,0.99951171875,video_03
q027,73.01918265221018,0.99951171875,video_03
q027,74.02001668056714,0.99951171875,video_03
q027,74.9791492910759,1.0,video_03
q027,75.97998331943286,1.0,video_03
q027,76.98081734778982,1.0,video_03
q027,77.98165137614679,1.0,video_03
q027,78.98248540450375,1.0,video_03
q027,79.98331943286071,1.0,video_03
q027,80.98415346121767,1.0,video_03
q027,81.98498748957465,1.0,video_03
q027,82.98582151793161,1.0,video_03
q027,83.98665554628857,1.0,video_03
q027,84.98748957464554,1.0,video_03
q027,85.9883236030025,1.0,video_03
q027,86.98915763135946,1.0,video_03
q027,87.98999165971642,1.0,video_03
q027,88.99082568807339,1.0,video_03
q027,89.99165971643036,1.0,video_03
q027,90.99249374478732,1.0,video_03
q027,91.99332777314429,1.0,video_03
q027,92.99416180150125,1.0,video_03
q027,93.99499582985821,1.0,video_03
q027,94.99582985821517,1.0,video_03
q027,95.99666388657214,1.0,video_03
q027,96.9974979149291,1.0,video_03
q027,97.99833194328608,1.0,video_03
q027,98.99916597164304,1.0,video_03
q027,100.0,1.0,video_03
q027,101.00083402835696,1.0,video_03
q027,102.00166805671392,1.0,video_03
q027,103.00250208507089,1.0,video_03
q027,104.00333611342785,1.0,video_03
q027,105.00417014178483,1.0,video_03
q027,106.00500417014179,1.0,video_03
q027,107.00583819849875,0.99951171875,video_03
q027,108.00667222685571,1.0,video_03
q027,109.00750625521268,1.0,video_03
q027,110.00834028356964,1.0,video_03
q027,111.0091743119266,1.0,video_03
q027,112.01000834028356,1.0,video_03
q027,113.01084236864054,1.0,video_03
q027,114.0116763969975,1.0,video_03
q027,115.01251042535446,1.0,video_03
q027,116.01334445371143,1.0,video_03
q027,117.01417848206839,0.99951171875,video_03
q027,118.01501251042535,0.9990234375,video_03
q027,119.01584653878231,0.99951171875,video_03
q027,120.01668056713928,0.99951171875,video_03
q027,121.01751459549625,0.99951171875,video_03
q027,122.01834862385321,1.0,video_03
q027,123.01918265221018,0.99951171875,video_03
q027,124.02001668056714,0.9990234375,video_03
q027,125.0208507089241,0.99951171875,video_03
q027,125.97998331943286,0.99951171875,video_03
q027,126.98081734778982,0.99951171875,video_03
q027,127.98165137614679,0.99951171875,video_03
q027,128.98248540450376,1.0,video_03
q027,129.98331943286072,1.0,video_03
q027,130.9841534612177,1.0,video_03
q027,131.98498748957465,1.0,video_03
q027,132.9858215179316,1.0,video_03
q027,133.98665554628857,1.0,video_03
q027,134.98748957464554,1.0,video_03
q027,135.9883236030025,1.0,video_03
q027,136.98915763135946,0.99951171875,video_03
q027,137.98999165971642,1.0,video_03
q027,138.9908256880734,1.0,video_03
q027,139.99165971643035,1.0,video_03
q027,140.9924937447873,0.99951171875,video_03
q027,141.99332777314427,1.0,video_03
q027,142.99416180150124,1.0,video_03
q027,143.99499582985823,1.0,video_03
q027,144.9958298582152,1.0,video_03
q027,145.99666388657215,0.99951171875,video_03
q027,146.9974979149291,0.99951171875,video_03
q027,147.99833194328608,1.0,video_03
q027,148.99916597164304,0.99853515625,video_03
q027,150.0,0.99951171875,video_03
q027,151.00083402835696,0.99951171875,video_03
q027,152.00166805671392,0.99951171875,video_03
q027,153.0025020850709,0.99951171875,video_03
q027,154.00333611342785,0.99951171875,video_03
q027,155.0041701417848,0.99755859375,video_03
q027,156.00500417014177,0.9912109375,video_03
q027,157.00583819849874,0.9951171875,video_03
q027,158.0066722268557,0.99462890625,video_03
q027,159.00750625521266,0.99462890625,video_03
q027,160.00834028356965,0.9951171875,video_03
q027,161.0091743119266,0.99560546875,video_03
q027,162.01000834028358,0.9970703125,video_03
q027,163.01084236864054,0.99755859375,video_03
q027,164.0116763969975,0.994140625,video_03
q027,165.01251042535446,0.99169921875,video_03
q027,166.01334445371143,0.99609375,video_03
q027,167.0141784820684,0.9970703125,video_03
q027,168.01501251042535,0.998046875,video_03
q027,169.0158465387823,0.99658203125,video_03
q027,170.01668056713928,0.9990234375,video_03
q027,171.01751459549624,1.0,video_03
q027,172.0183486238532,1.0,video_03
q027,173.01918265221016,1.0,video_03
q027,174.02001668056712,1.0,video_03
q027,174.97914929107588,1.0,video_03
q027,175.97998331943285,1.0,video_03
q027,176.9808173477898,1.0,video_03
q027,177.98165137614677,1.0,video_03
q027,178.98248540450376,1.0,video_03
q027,179.98331943286072,1.0,video_03
q027,180.9841534612177,1.0,video_03
q027,181.98498748957465,1.0,video_03
q027,182.9858215179316,1.0,video_03
q027,183.98665554628857,1.0,video_03
q027,184.98748957464554,1.0,video_03
q027,185.9883236030025,1.0,video_03
q027,186.98915763135946,1.0,video_03
q027,187.98999165971642,1.0,video_03
q027,188.9908256880734,1.0,video_03
q027,189.99165971643035,1.0,video_03
q027,190.9924937447873,1.0,video_03
q027,191.99332777314427,1.0,video_03
q027,192.99416180150124,1.0,video_03
q027,193.9949958298582,1.0,video_03
q027,194.9958298582152,0.99951171875,video_03
q027,195.99666388657215,1.0,video_03
q027,196.9974979149291,1.0,video_03
q027,197.99833194328608,1.0,video_03
q027,198.99916597164304,1.0,video_03
q027,200.0,1.0,video_03
q027,201.00083402835696,1.0,video_03
q027,202.00166805671392,1.0,video_03
q027,203.0025020850709,1.0,video_03
q027,204.00333611342785,1.0,video_03
q027,205.0041701417848,1.0,video_03
q027,206.00500417014177,1.0,video_03
q027,207.00583819849874,1.0,video_03
q027,208.0066722268557,1.0,video_03
q027,209.00750625521266,1.0,video_03
q027,210.00834028356965,1.0,video_03
q027,211.0091743119266,1.0,video_03
q027,212.01000834028358,1.0,video_03
q027,213.01084236864054,1.0,video_03
q027,214.0116763969975,1.0,video_03
q027,215.01251042535446,1.0,video_03
q027,216.01334445371143,0.99951171875,video_03
q027,217.0141784820684,0.99951171875,video_03
q027,218.01501251042535,0.99951171875,video_03
q027,219.0158465387823,0.9990234375,video_03
q027,220.01668056713928,0.99951171875,video_03
q027,221.01751459549624,1.0,video_03
q027,222.0183486238532,1.0,video_03
q027,223.01918265221016,1.0,video_03
q027,224.02001668056712,1.0,video_03
q027,225.0208507089241,1.0,video_03
q027,225.97998331943285,1.0,video_03
q027,226.9808173477898,1.0,video_03
q027,227.98165137614677,1.0,video_03
q027,228.98248540450376,1.0,video_03
q027,229.98331943286072,1.0,video_03
q027,230.9841534612177,1.0,video_03
q027,231.98498748957465,1.0,video_03
q027,232.9858215179316,0.99951171875,video_03
q027,233.98665554628857,1.0,video_03
q027,234.98748957464554,1.0,video_03
q027,235.9883236030025,1.0,video_03
q027,236.98915763135946,0.9990234375,video_03
q027,237.98999165971642,1.0,video_03
q027,238.9908256880734,1.0,video_03
q027,239.99165971643035,1.0,video_03
q027,240.9924937447873,0.99951171875,video_03
q027,241.99332777314427,1.0,video_03
q027,242.99416180150124,1.0,video_03
q027,243.9949958298582,1.0,video_03
q027,244.9958298582152,1.0,video_03
q027,245.99666388657215,1.0,video_03
q027,246.9974979149291,1.0,video_03
q027,247.99833194328608,1.0,video_03
q027,248.99916597164304,1.0,video_03
q027,250.0,1.0,video_03
q027,251.00083402835696,0.99951171875,video_03
q027,252.00166805671392,1.0,video_03
q027,253.0025020850709,1.0,video_03
q027,254.00333611342785,1.0,video_03
q027,255.0041701417848,1.0,video_03
q027,256.0050041701418,1.0,video_03
q027,257.00583819849874,1.0,video_03
q027,258.0066722268557,1.0,video_03
q027,259.00750625521266,1.0,video_03
q027,260.0083402835696,1.0,video_03
q027,261.0091743119266,1.0,video_03
q027,262.01000834028355,0.99951171875,video_03
q027,263.0108423686405,1.0,video_03
q027,264.0116763969975,1.0,video_03
q027,265.01251042535444,1.0,video_03
q027,266.0133444537114,1.0,video_03
q027,267.01417848206836,0.99951171875,video_03
q027,268.0150125104253,1.0,video_03
q027,269.01584653878234,1.0,video_03
q027,270.0166805671393,0.99951171875,video_03
q027,271.01751459549627,0.99951171875,video_03
q027,272.0183486238532,0.99951171875,video_03
q027,273.0191826522102,0.99951171875,video_03
q027,274.02001668056715,1.0,video_03
q027,274.9791492910759,1.0,video_03
q027,275.97998331943285,1.0,video_03
q027,276.9808173477898,1.0,video_03
q027,277.9816513761468,1.0,video_03
q027,278.98248540450373,1.0,video_03
q027,279.9833194328607,1.0,video_03
q027,280.98415346121766,1.0,video_03
q027,281.9849874895746,1.0,video_03
q027,282.9858215179316,0.99951171875,video_03
q027,283.98665554628855,1.0,video_03
q027,284.9874895746455,1.0,video_03
q027,285.98832360300247,1.0,video_03
q027,286.98915763135943,1.0,video_03
q027,287.98999165971645,0.99951171875,video_03
q027,288.9908256880734,0.99951171875,video_03
q027,289.9916597164304,0.99951171875,video_03
q027,290.99249374478734,0.99951171875,video_03
q027,291.9933277731443,0.99853515625,video_03
q027,292.99416180150126,0.9990234375,video_03
q027,293.9949958298582,0.9873046875,video_03
q027,294.9958298582152,0.99072265625,video_03
q027,295.99666388657215,0.9990234375,video_03
q027,296.9974979149291,0.9990234375,video_03
q027,297.9983319432861,0.9990234375,video_03
q027,298.99916597164304,0.998046875,video_03
q027,300.0,0.998046875,video_03
q027,301.00083402835696,0.998046875,video_03
q034,0.0,0.998046875,video_04
q034,0.9999953703703703,0.288818359375,video_04
q034,1.9999907407407407,0.2391357421875,video_04
q034,2.9999861111111112,0.282470703125,video_04
q034,3.9999814814814814,0.2841796875,video_04
q034,4.9999768518518515,0.20556640625,video_04
q034,5.9999722222222225,0.2410888671875,video_04
q034,6.999967592592593,0.98046875,video_04
q034,7.999962962962963,0.9970703125,video_04
q034,8.999958333333334,0.99658203125,video_04
q034,9.999953703703703,0.99853515625,video_04
q034,10.999949074074074,0.99658203125,video_04
q034,11.999944444444445,0.9814453125,video_04
q034,12.999939814814814,0.25341796875,video_04
q034,13.999935185185185,0.26513671875,video_04
q034,14.999930555555554,0.2081298828125,video_04
q034,15.999925925925925,0.99609375,video_04
q034,16.999921296296296,0.99658203125,video_04
q034,17.999916666666667,0.89208984375,video_04
q034,18.999912037037035,0.998046875,video_04
q034,19.999907407407406,0.99951171875,video_04
q034,20.999902777777777,0.99951171875,video_04
q034,21.999898148148148,0.9990234375,video_04
q034,22.99989351851852,0.99853515625,video_04
q034,23.99988888888889,0.99853515625,video_04
q034,24.999884259259257,0.99951171875,video_04
q034,25.99987962962963,0.99853515625,video_04
q034,26.999875,0.99853515625,video_04
q034,27.99987037037037,0.99755859375,video_04
q034,28.99986574074074,0.998046875,video_04
q034,29.99986111111111,0.99755859375,video_04
q034,30.99985648148148,0.9990234375,video_04
q034,31.99985185185185,0.9990234375,video_04
q034,32.99984722222222,0.9990234375,video_04
q034,33.99984259259259,0.998046875,video_04
q034,34.999837962962964,0.99951171875,video_04
q034,35.999833333333335,0.99951171875,video_04
q034,36.999828703703706,0.99951171875,video_04
q034,37.99982407407407,0.98974609375,video_04
q034,38.99981944444444,0.9990234375,video_04
q034,39.99981481481481,0.9990234375,video_04
q034,40.99981018518518,0.99853515625,video_04
q034,41.999805555555554,0.9501953125,video_04
q034,42.999800925925925,0.62890625,video_04
q034,43.999796296296296,0.414794921875,video_04
q034,44.99979166666667,0.9267578125,video_04
q034,45.99978703703704,0.91064453125,video_04
q034,46.99978240740741,0.27685546875,video_04
q034,47.99977777777778,0.2230224609375,video_04
q034,48.999773148148144,0.275634765625,video_04
q034,49.999768518518515,0.99169921875,video_04
q034,50.999763888888886,0.99853515625,video_04
q034,51.99975925925926,0.9990234375,video_04
q034,52.99975462962963,0.9990234375,video_04
q034,53.99975,0.99853515625,video_04
q034,54.99974537037037,0.99853515625,video_04
q034,55.99974074074074,0.9990234375,video_04
q034,56.99973611111111,0.9990234375,video_04
q034,57.99973148148148,0.99951171875,video_04
q034,58.99972685185185,0.99951171875,video_04
q034,59.99972222222222,0.99951171875,video_04
q034,60.99971759259259,0.99853515625,video_04
q034,61.99971296296296,0.998046875,video_04
q034,62.99970833333333,0.998046875,video_04
q034,63.9997037037037,0.998046875,video_04
q034,64.99969907407407,0.99853515625,video_04
q034,65.99969444444444,0.99951171875,video_04
q034,66.99968981481481,0.99951171875,video_04
q034,67.99968518518519,0.99951171875,video_04
q034,68.99968055555556,0.9990234375,video_04
q034,69.99967592592593,0.9990234375,video_04
q034,70.9996712962963,0.99951171875,video_04
q034,71.99966666666667,0.99853515625,video_04
q034,72.99966203703704,0.99853515625,video_04
q034,73.99965740740741,0.9990234375,video_04
q034,74.99965277777778,0.998046875,video_04
q034,75.99964814814814,0.99951171875,video_04
q034,76.99964351851851,0.99951171875,video_04
q034,77.99963888888888,0.9990234375,video_04
q034,78.99963425925925,0.99951171875,video_04
q034,79.99962962962962,0.99951171875,video_04
q034,80.999625,0.99951171875,video_04
q034,81.99962037037037,0.99951171875,video_04
q034,82.99961574074074,0.99951171875,video_04
q034,83.99961111111111,0.99951171875,video_04
q034,84.99960648148148,1.0,video_04
q034,85.99960185185185,0.99951171875,video_04
q034,86.99959722222222,0.99951171875,video_04
q034,87.99959259259259,1.0,video_04
q034,88.99958796296296,0.9990234375,video_04
q034,89.99958333333333,0.998046875,video_04
q034,90.9995787037037,0.994140625,video_04
q034,91.99957407407408,0.99853515625,video_04
q034,92.99956944444445,0.99853515625,video_04
q034,93.99956481481482,0.9990234375,video_04
q034,94.99956018518519,0.99755859375,video_04
q034,95.99955555555556,0.546875,video_04
q034,96.99955092592592,0.307373046875,video_04
q034,97.99954629629629,0.32080078125,video_04
q034,98.99954166666666,0.53955078125,video_04
q034,99.99953703703703,0.99951171875,video_04
q034,100.9995324074074,0.99951171875,video_04
q034,101.99952777777777,0.99951171875,video_04
q034,102.99952314814814,0.99951171875,video_04
q034,103.99951851851851,0.998046875,video_04
q034,104.99951388888888,0.9990234375,video_04
q034,105.99950925925926,0.9970703125,video_04
q034,106.99950462962963,0.99755859375,video_04
q034,107.9995,0.998046875,video_04
q034,108.99949537037037,0.998046875,video_04
q034,109.99949074074074,0.99755859375,video_04
q034,110.99948611111111,0.99853515625,video_04
q034,111.99948148148148,0.99755859375,video_04
q034,112.99947685185185,0.998046875,video_04
q034,113.99947222222222,0.188720703125,video_04
q034,114.9994675925926,0.2276611328125,video_04
q034,115.99946296296297,0.2208251953125,video_04
q034,116.99945833333334,0.1982421875,video_04
q034,117.9994537037037,0.2286376953125,video_04
q034,118.99944907407406,0.241455078125,video_04
q034,119.99944444444444,0.7529296875,video_04
q034,120.9994398148148,0.9970703125,video_04
q034,121.99943518518518,0.99658203125,video_04
q034,122.99943055555555,0.204833984375,video_04
q034,123.99942592592592,0.2000732421875,video_04
q034,124.99942129629629,0.2088623046875,video_04
q034,125.99941666666666,0.20751953125,video_04
q034,126.99941203703703,0.998046875,video_04
q034,127.9994074074074,0.955078125,video_04
q034,128.99940277777776,0.998046875,video_04
q034,129.99939814814815,0.998046875,video_04
q034,130.9993935185185,0.998046875,video_04
q034,131.9993888888889,0.329833984375,video_04
q034,132.99938425925924,0.315673828125,video_04
q034,133.99937962962963,0.298095703125,video_04
q034,134.999375,0.1983642578125,video_04
q034,135.99937037037037,0.22119140625,video_04
q034,136.99936574074073,0.265625,video_04
q034,137.9993611111111,0.27685546875,video_04
q034,138.99935648148147,0.14892578125,video_04
q034,139.99935185185186,0.271240234375,video_04
q034,140.9993472222222,0.30126953125,video_04
q034,141.9993425925926,0.270263671875,video_04
q034,142.99933796296295,0.2406005859375,video_04
q034,143.99933333333334,0.1632080078125,video_04
q034,144.9993287037037,0.259521484375,video_04
q034,145.99932407407408,0.2001953125,video_04
q034,146.99931944444444,0.1851806640625,video_04
q034,147.99931481481482,0.222412109375,video_04
q034,148.99931018518518,0.9970703125,video_04
q034,149.99930555555557,0.99951171875,video_04
q034,150.99930092592592,0.99951171875,video_04
q034,151.99929629629628,0.9990234375,video_04
q034,152.99929166666666,0.9990234375,video_04
q034,153.99928703703702,0.99951171875,video_04
q034,154.9992824074074,0.99951171875,video_04
q034,155.99927777777776,0.99951171875,video_04
q034,156.99927314814815,0.99951171875,video_04
q034,157.9992685185185,0.99951171875,video_04
q034,158.9992638888889,0.99755859375,video_04
q034,159.99925925925925,0.998046875,video_04
q034,160.99925462962963,0.2578125,video_04
q034,161.99925,0.97900390625,video_04
q034,162.99924537037037,0.9990234375,video_04
q034,163.99924074074073,0.99658203125,video_04
q034,164.99923611111112,0.9990234375,video_04
q034,165.99923148148147,0.98876953125,video_04
q034,166.99922685185186,0.06793212890625,video_04
q034,167.99922222222222,0.0850830078125,video_04
q034,168.9992175925926,0.1041259765625,video_04
q034,169.99921296296296,0.100341796875,video_04
q034,170.99920833333334,0.2298583984375,video_04
q034,171.9992037037037,0.1026611328125,video_04
q034,172.99919907407406,0.0889892578125,video_04
q034,173.99919444444444,0.0966796875,video_04
q034,174.9991898148148,0.2022705078125,video_04
q034,175.99918518518518,0.2452392578125,video_04
q034,176.99918055555554,0.2049560546875,video_04
q034,177.99917592592593,0.145751953125,video_04
q034,178.99917129629628,0.14111328125,video_04
q034,179.99916666666667,0.1781005859375,video_04
q034,180.99916203703702,0.1668701171875,video_04
q034,181.9991574074074,0.1416015625,video_04
q034,182.99915277777777,0.1302490234375,video_04
q034,183.99914814814815,0.1121826171875,video_04
q034,184.9991435185185,0.1422119140625,video_04
q034,185.9991388888889,0.153076171875,video_04
q034,186.99913425925925,0.1466064453125,video_04
q034,187.99912962962964,0.1268310546875,video_04
q034,188.999125,0.12451171875,video_04
q034,189.99912037037038,0.1337890625,video_04
q034,190.99911574074073,0.120361328125,video_04
q034,191.99911111111112,0.142578125,video_04
q034,192.99910648148148,0.13671875,video_04
q034,193.99910185185183,0.14404296875,video_04
q034,194.99909722222222,0.1314697265625,video_04
q034,195.99909259259258,0.13671875,video_04
q034,196.99908796296296,0.137451171875,video_04
q034,197.99908333333332,0.1312255859375,video_04
q034,198.9990787037037,0.126953125,video_04
q034,199.99907407407406,0.1083984375,video_04
q034,200.99906944444444,0.11376953125,video_04
q034,201.9990648148148,0.08209228515625,video_04
q034,202.9990601851852,0.08648681640625,video_04
q034,203.99905555555554,0.09039306640625,video_04
q034,204.99905092592593,0.06695556640625,video_04
q034,205.99904629629629,0.08270263671875,video_04
q034,206.99904166666667,0.0894775390625,video_04
q034,207.99903703703703,0.09930419921875,video_04
q034,208.9990324074074,0.10089111328125,video_04
q034,209.99902777777777,0.2242431640625,video_04
q034,210.99902314814815,0.1922607421875,video_04
q034,211.9990185185185,0.2032470703125,video_04
q034,212.9990138888889,0.2044677734375,video_04
q034,213.99900925925925,0.193603515625,video_04
q034,214.9990046296296,0.141357421875,video_04
q035,0.0,0.95947265625,video_04
q035,0.9999953703703703,0.2301025390625,video_04
q035,1.9999907407407407,0.1851806640625,video_04
q035,2.9999861111111112,0.2235107421875,video_04
q035,3.9999814814814814,0.2034912109375,video_04
q035,4.9999768518518515,0.106689453125,video_04
q035,5.9999722222222225,0.1221923828125,video_04
q035,6.999967592592593,0.90966796875,video_04
q035,7.999962962962963,0.97802734375,video_04
q035,8.999958333333334,0.974609375,video_04
q035,9.999953703703703,0.98828125,video_04
q035,10.999949074074074,0.990234375,video_04
q035,11.999944444444445,0.92919921875,video_04
q035,12.999939814814814,0.12249755859375,video_04
q035,13.999935185185185,0.1240234375,video_04
q035,14.999930555555554,0.1358642578125,video_04
q035,15.999925925925925,0.96044921875,video_04
q035,16.999921296296296,0.95654296875,video_04
q035,17.999916666666667,0.8095703125,video_04
q035,18.999912037037035,0.97900390625,video_04
q035,19.999907407407406,0.98193359375,video_04
q035,20.999902777777777,0.9912109375,video_04
q035,21.999898148148148,0.99267578125,video_04
q035,22.99989351851852,0.984375,video_04
q035,23.99988888888889,0.96630859375,video_04
q035,24.999884259259257,0.99169921875,video_04
q035,25.99987962962963,0.95947265625,video_04
q035,26.999875,0.9658203125,video_04
q035,27.99987037037037,0.9638671875,video_04
q035,28.99986574074074,0.94970703125,video_04
q035,29.99986111111111,0.95458984375,video_04
q035,30.99985648148148,0.98681640625,video_04
q035,31.99985185185185,0.9365234375,video_04
q035,32.99984722222222,0.97265625,video_04
q035,33.99984259259259,0.9912109375,video_04
q035,34.999837962962964,0.99462890625,video_04
q035,35.999833333333335,0.994140625,video_04
q035,36.999828703703706,0.9931640625,video_04
q035,37.99982407407407,0.92822265625,video_04
q035,38.99981944444444,0.986328125,video_04
q035,39.99981481481481,0.98291015625,video_04
q035,40.99981018518518,0.9794921875,video_04
q035,41.999805555555554,0.8212890625,video_04
q035,42.999800925925925,0.401611328125,video_04
q035,43.999796296296296,0.302978515625,video_04
q035,44.99979166666667,0.8125,video_04
q035,45.99978703703704,0.74951171875,video_04
q035,46.99978240740741,0.2130126953125,video_04
q035,47.99977777777778,0.15478515625,video_04
q035,48.999773148148144,0.161865234375,video_04
q035,49.999768518518515,0.96484375,video_04
q035,50.999763888888886,0.97705078125,video_04
q035,51.99975925925926,0.96533203125,video_04
q035,52.99975462962963,0.96435546875,video_04
q035,53.99975,0.955078125,video_04
q035,54.99974537037037,0.9599609375,video_04
q035,55.99974074074074,0.97900390625,video_04
q035,56.99973611111111,0.97265625,video_04
q035,57.99973148148148,0.9931640625,video_04
q035,58.99972685185185,0.99560546875,video_04
q035,59.99972222222222,0.9970703125,video_04
q035,60.99971759259259,0.990234375,video_04
q035,61.99971296296296,0.97998046875,video_04
q035,62.99970833333333,0.98193359375,video_04
q035,63.9997037037037,0.9814453125,video_04
q035,64.99969907407407,0.9853515625,video_04
q035,65.99969444444444,0.99853515625,video_04
q035,66.99968981481481,0.99658203125,video_04
q035,67.99968518518519,0.99658203125,video_04
q035,68.99968055555556,0.9951171875,video_04
q035,69.99967592592593,0.9951171875,video_04
q035,70.9996712962963,0.99755859375,video_04
q035,71.99966666666667,0.9951171875,video_04
q035,72.99966203703704,0.99462890625,video_04
q035,73.99965740740741,0.99462890625,video_04
q035,74.99965277777778,0.9951171875,video_04
q035,75.99964814814814,0.998046875,video_04
q035,76.99964351851851,0.9970703125,video_04
q035,77.99963888888888,0.994140625,video_04
q035,78.99963425925925,0.99755859375,video_04
q035,79.99962962962962,0.99755859375,video_04
q035,80.999625,0.99560546875,video_04
q035,81.99962037037037,0.99462890625,video_04
q035,82.99961574074074,0.99560546875,video_04
q035,83.99961111111111,0.998046875,video_04
q035,84.99960648148148,0.99853515625,video_04
q035,85.99960185185185,0.99658203125,video_04
q035,86.99959722222222,0.99853515625,video_04
q035,87.99959259259259,0.9990234375,video_04
q035,88.99958796296296,0.9970703125,video_04
q035,89.99958333333333,0.9921875,video_04
q035,90.9995787037037,0.9921875,video_04
q035,91.99957407407408,0.99609375,video_04
q035,92.99956944444445,0.9970703125,video_04
q035,93.99956481481482,0.99755859375,video_04
q035,94.99956018518519,0.99365234375,video_04
q035,95.99955555555556,0.430908203125,video_04
q035,96.99955092592592,0.1541748046875,video_04
q035,97.99954629629629,0.1922607421875,video_04
q035,98.99954166666666,0.439453125,video_04
q035,99.99953703703703,0.9931640625,video_04
q035,100.9995324074074,0.99609375,video_04
q035,101.99952777777777,0.99609375,video_04
q035,102.99952314814814,0.9931640625,video_04
q035,103.99951851851851,0.98046875,video_04
q035,104.99951388888888,0.99072265625,video_04
q035,105.99950925925926,0.98486328125,video_04
q035,106.99950462962963,0.9873046875,video_04
q035,107.9995,0.986328125,video_04
q035,108.99949537037037,0.98291015625,video_04
q035,109.99949074074074,0.9765625,video_04
q035,110.99948611111111,0.978515625,video_04
q035,111.99948148148148,0.98095703125,video_04
q035,112.99947685185185,0.96875,video_04
q035,113.99947222222222,0.1539306640625,video_04
q035,114.9994675925926,0.11376953125,video_04
q035,115.99946296296297,0.1455078125,video_04
q035,116.99945833333334,0.11181640625,video_04
q035,117.9994537037037,0.1280517578125,video_04
q035,118.99944907407406,0.1337890625,video_04
q035,119.99944444444444,0.54541015625,video_04
q035,120.9994398148148,0.96240234375,video_04
q035,121.99943518518518,0.95263671875,video_04
q035,122.99943055555555,0.1181640625,video_04
q035,123.99942592592592,0.12103271484375,video_04
q035,124.99942129629629,0.11859130859375,video_04
q035,125.99941666666666,0.11395263671875,video_04
q035,126.99941203703703,0.9736328125,video_04
q035,127.9994074074074,0.845703125,video_04
q035,128.99940277777776,0.935546875,video_04
q035,129.99939814814815,0.96533203125,video_04
q035,130.9993935185185,0.974609375,video_04
q035,131.9993888888889,0.2213134765625,video_04
q035,132.99938425925924,0.2232666015625,video_04
q035,133.99937962962963,0.21044921875,video_04
q035,134.999375,0.1337890625,video_04
q035,135.99937037037037,0.10614013671875,video_04
q035,136.99936574074073,0.15185546875,video_04
q035,137.9993611111111,0.17578125,video_04
q035,138.99935648148147,0.10247802734375,video_04
q035,139.99935185185186,0.186279296875,video_04
q035,140.9993472222222,0.1978759765625,video_04
q035,141.9993425925926,0.1822509765625,video_04
q035,142.99933796296295,0.1708984375,video_04
q035,143.99933333333334,0.092529296875,video_04
q035,144.9993287037037,0.1590576171875,video_04
q035,145.99932407407408,0.126220703125,video_04
q035,146.99931944444444,0.11578369140625,video_04
q035,147.99931481481482,0.126953125,video_04
q035,148.99931018518518,0.9765625,video_04
q035,149.99930555555557,0.99609375,video_04
q035,150.99930092592592,0.9970703125,video_04
q035,151.99929629629628,0.9951171875,video_04
q035,152.99929166666666,0.99609375,video_04
q035,153.99928703703702,0.9990234375,video_04
q035,154.9992824074074,0.99658203125,video_04
q035,155.99927777777776,0.998046875,video_04
q035,156.99927314814815,0.998046875,video_04
q035,157.9992685185185,0.9970703125,video_04
q035,158.9992638888889,0.95751953125,video_04
q035,159.99925925925925,0.96630859375,video_04
q035,160.99925462962963,0.19189453125,video_04
q035,161.99925,0.9287109375,video_04
q035,162.99924537037037,0.9912109375,video_04
q035,163.99924074074073,0.96923828125,video_04
q035,164.99923611111112,0.990234375,video_04
q035,165.99923148148147,0.91943359375,video_04
q035,166.99922685185186,0.08404541015625,video_04
q035,167.99922222222222,0.07965087890625,video_04
q035,168.9992175925926,0.08831787109375,video_04
q035,169.99921296296296,0.1014404296875,video_04
q035,170.99920833333334,0.2303466796875,video_04
q035,171.9992037037037,0.1153564453125,video_04
q035,172.99919907407406,0.09686279296875,video_04
q035,173.99919444444444,0.10174560546875,video_04
q035,174.9991898148148,0.134033203125,video_04
q035,175.99918518518518,0.1610107421875,video_04
q035,176.99918055555554,0.1617431640625,video_04
q035,177.99917592592593,0.1083984375,video_04
q035,178.99917129629628,0.093994140625,video_04
q035,179.99916666666667,0.1624755859375,video_04
q035,180.99916203703702,0.1717529296875,video_04
q035,181.9991574074074,0.1387939453125,video_04
q035,182.99915277777777,0.15283203125,video_04
q035,183.99914814814815,0.1259765625,video_04
q035,184.9991435185185,0.1558837890625,video_04
q035,185.9991388888889,0.1661376953125,video_04
q035,186.99913425925925,0.1593017578125,video_04
q035,187.99912962962964,0.134765625,video_04
q035,188.999125,0.137939453125,video_04
q035,189.99912037037038,0.12066650390625,video_04
q035,190.99911574074073,0.1187744140625,video_04
q035,191.99911111111112,0.123779296875,video_04
q035,192.99910648148148,0.1263427734375,video_04
q035,193.99910185185183,0.1387939453125,video_04
q035,194.99909722222222,0.151123046875,video_04
q035,195.99909259259258,0.153076171875,video_04
q035,196.99908796296296,0.1534423828125,video_04
q035,197.99908333333332,0.14306640625,video_04
q035,198.9990787037037,0.1539306640625,video_04
q035,199.99907407407406,0.08038330078125,video_04
q035,200.99906944444444,0.08465576171875,video_04
q035,201.9990648148148,0.08154296875,video_04
q035,202.9990601851852,0.08758544921875,video_04
q035,203.99905555555554,0.0850830078125,video_04
q035,204.99905092592593,0.080078125,video_04
q035,205.99904629629629,0.08343505859375,video_04
q035,206.99904166666667,0.07421875,video_04
q035,207.99903703703703,0.0816650390625,video_04
q035,208.9990324074074,0.08050537109375,video_04
q035,209.99902777777777,0.1895751953125,video_04
q035,210.99902314814815,0.1661376953125,video_04
q035,211.9990185185185,0.1878662109375,video_04
q035,212.9990138888889,0.18603515625,video_04
q035,213.99900925925925,0.1610107421875,video_04
q035,214.9990046296296,0.09588623046875,video_04
q036,0.0,0.95947265625,video_04
q036,0.9999953703703703,0.2301025390625,video_04
q036,1.9999907407407407,0.1851806640625,video_04
q036,2.9999861111111112,0.2235107421875,video_04
q036,3.9999814814814814,0.2034912109375,video_04
q036,4.9999768518518515,0.106689453125,video_04
q036,5.9999722222222225,0.1221923828125,video_04
q036,6.999967592592593,0.90966796875,video_04
q036,7.999962962962963,0.97802734375,video_04
q036,8.999958333333334,0.974609375,video_04
q036,9.999953703703703,0.98828125,video_04
q036,10.999949074074074,0.990234375,video_04
q036,11.999944444444445,0.92919921875,video_04
q036,12.999939814814814,0.12249755859375,video_04
q036,13.999935185185185,0.1240234375,video_04
q036,14.999930555555554,0.1358642578125,video_04
q036,15.999925925925925,0.96044921875,video_04
q036,16.999921296296296,0.95654296875,video_04
q036,17.999916666666667,0.8095703125,video_04
q036,18.999912037037035,0.97900390625,video_04
q036,19.999907407407406,0.98193359375,video_04
q036,20.999902777777777,0.9912109375,video_04
q036,21.999898148148148,0.99267578125,video_04
q036,22.99989351851852,0.984375,video_04
q036,23.99988888888889,0.96630859375,video_04
q036,24.999884259259257,0.99169921875,video_04
q036,25.99987962962963,0.95947265625,video_04
q036,26.999875,0.9658203125,video_04
q036,27.99987037037037,0.9638671875,video_04
q036,28.99986574074074,0.94970703125,video_04
q036,29.99986111111111,0.95458984375,video_04
q036,30.99985648148148,0.98681640625,video_04
q036,31.99985185185185,0.9365234375,video_04
q036,32.99984722222222,0.97265625,video_04
q036,33.99984259259259,0.9912109375,video_04
q036,34.999837962962964,0.99462890625,video_04
q036,35.999833333333335,0.994140625,video_04
q036,36.999828703703706,0.9931640625,video_04
q036,37.99982407407407,0.92822265625,video_04
q036,38.99981944444444,0.986328125,video_04
q036,39.99981481481481,0.98291015625,video_04
q036,40.99981018518518,0.9794921875,video_04
q036,41.999805555555554,0.8212890625,video_04
q036,42.999800925925925,0.401611328125,video_04
q036,43.999796296296296,0.302978515625,video_04
q036,44.99979166666667,0.8125,video_04
q036,45.99978703703704,0.74951171875,video_04
q036,46.99978240740741,0.2130126953125,video_04
q036,47.99977777777778,0.15478515625,video_04
q036,48.999773148148144,0.161865234375,video_04
q036,49.999768518518515,0.96484375,video_04
q036,50.999763888888886,0.97705078125,video_04
q036,51.99975925925926,0.96533203125,video_04
q036,52.99975462962963,0.96435546875,video_04
q036,53.99975,0.955078125,video_04
q036,54.99974537037037,0.9599609375,video_04
q036,55.99974074074074,0.97900390625,video_04
q036,56.99973611111111,0.97265625,video_04
q036,57.99973148148148,0.9931640625,video_04
q036,58.99972685185185,0.99560546875,video_04
q036,59.99972222222222,0.9970703125,video_04
q036,60.99971759259259,0.990234375,video_04
q036,61.99971296296296,0.97998046875,video_04
q036,62.99970833333333,0.98193359375,video_04
q036,63.9997037037037,0.9814453125,video_04
q036,64.99969907407407,0.9853515625,video_04
q036,65.99969444444444,0.99853515625,video_04
q036,66.99968981481481,0.99658203125,video_04
q036,67.99968518518519,0.99658203125,video_04
q036,68.99968055555556,0.9951171875,video_04
q036,69.99967592592593,0.9951171875,video_04
q036,70.9996712962963,0.99755859375,video_04
q036,71.99966666666667,0.9951171875,video_04
q036,72.99966203703704,0.99462890625,video_04
q036,73.99965740740741,0.99462890625,video_04
q036,74.99965277777778,0.9951171875,video_04
q036,75.99964814814814,0.998046875,video_04
q036,76.99964351851851,0.9970703125,video_04
q036,77.99963888888888,0.994140625,video_04
q036,78.99963425925925,0.99755859375,video_04
q036,79.99962962962962,0.99755859375,video_04
q036,80.999625,0.99560546875,video_04
q036,81.99962037037037,0.99462890625,video_04
q036,82.99961574074074,0.99560546875,video_04
q036,83.99961111111111,0.998046875,video_04
q036,84.99960648148148,0.99853515625,video_04
q036,85.99960185185185,0.99658203125,video_04
q036,86.99959722222222,0.99853515625,video_04
q036,87.99959259259259,0.9990234375,video_04
q036,88.99958796296296,0.9970703125,video_04
q036,89.99958333333333,0.9921875,video_04
q036,90.9995787037037,0.9921875,video_04
q036,91.99957407407408,0.99609375,video_04
q036,92.99956944444445,0.9970703125,video_04
q036,93.99956481481482,0.99755859375,video_04
q036,94.99956018518519,0.99365234375,video_04
q036,95.99955555555556,0.430908203125,video_04
q036,96.99955092592592,0.1541748046875,video_04
q036,97.99954629629629,0.1922607421875,video_04
q036,98.99954166666666,0.439453125,video_04
q036,99.99953703703703,0.9931640625,video_04
q036,100.9995324074074,0.99609375,video_04
q036,101.99952777777777,0.99609375,video_04
q036,102.99952314814814,0.9931640625,video_04
q036,103.99951851851851,0.98046875,video_04
q036,104.99951388888888,0.99072265625,video_04
q036,105.99950925925926,0.98486328125,video_04
q036,106.99950462962963,0.9873046875,video_04
q036,107.9995,0.986328125,video_04
q036,108.99949537037037,0.98291015625,video_04
q036,109.99949074074074,0.9765625,video_04
q036,110.99948611111111,0.978515625,video_04
q036,111.99948148148148,0.98095703125,video_04
q036,112.99947685185185,0.96875,video_04
q036,113.99947222222222,0.1539306640625,video_04
q036,114.9994675925926,0.11376953125,video_04
q036,115.99946296296297,0.1455078125,video_04
q036,116.99945833333334,0.11181640625,video_04
q036,117.9994537037037,0.1280517578125,video_04
q036,118.99944907407406,0.1337890625,video_04
q036,119.99944444444444,0.54541015625,video_04
q036,120.9994398148148,0.96240234375,video_04
q036,121.99943518518518,0.95263671875,video_04
q036,122.99943055555555,0.1181640625,video_04
q036,123.99942592592592,0.12103271484375,video_04
q036,124.99942129629629,0.11859130859375,video_04
q036,125.99941666666666,0.11395263671875,video_04
q036,126.99941203703703,0.9736328125,video_04
q036,127.9994074074074,0.845703125,video_04
q036,128.99940277777776,0.935546875,video_04
q036,129.99939814814815,0.96533203125,video_04
q036,130.9993935185185,0.974609375,video_04
q036,131.9993888888889,0.2213134765625,video_04
q036,132.99938425925924,0.2232666015625,video_04
q036,133.99937962962963,0.21044921875,video_04
q036,134.999375,0.1337890625,video_04
q036,135.99937037037037,0.10614013671875,video_04
q036,136.99936574074073,0.15185546875,video_04
q036,137.9993611111111,0.17578125,video_04
q036,138.99935648148147,0.10247802734375,video_04
q036,139.99935185185186,0.186279296875,video_04
q036,140.9993472222222,0.1978759765625,video_04
q036,141.9993425925926,0.1822509765625,video_04
q036,142.99933796296295,0.1708984375,video_04
q036,143.99933333333334,0.092529296875,video_04
q036,144.9993287037037,0.1590576171875,video_04
q036,145.99932407407408,0.126220703125,video_04
q036,146.99931944444444,0.11578369140625,video_04
q036,147.99931481481482,0.126953125,video_04
q036,148.99931018518518,0.9765625,video_04
q036,149.99930555555557,0.99609375,video_04
q036,150.99930092592592,0.9970703125,video_04
q036,151.99929629629628,0.9951171875,video_04
q036,152.99929166666666,0.99609375,video_04
q036,153.99928703703702,0.9990234375,video_04
q036,154.9992824074074,0.99658203125,video_04
q036,155.99927777777776,0.998046875,video_04
q036,156.99927314814815,0.998046875,video_04
q036,157.9992685185185,0.9970703125,video_04
q036,158.9992638888889,0.95751953125,video_04
q036,159.99925925925925,0.96630859375,video_04
q036,160.99925462962963,0.19189453125,video_04
q036,161.99925,0.9287109375,video_04
q036,162.99924537037037,0.9912109375,video_04
q036,163.99924074074073,0.96923828125,video_04
q036,164.99923611111112,0.990234375,video_04
q036,165.99923148148147,0.91943359375,video_04
q036,166.99922685185186,0.08404541015625,video_04
q036,167.99922222222222,0.07965087890625,video_04
q036,168.9992175925926,0.08831787109375,video_04
q036,169.99921296296296,0.1014404296875,video_04
q036,170.99920833333334,0.2303466796875,video_04
q036,171.9992037037037,0.1153564453125,video_04
q036,172.99919907407406,0.09686279296875,video_04
q036,173.99919444444444,0.10174560546875,video_04
q036,174.9991898148148,0.134033203125,video_04
q036,175.99918518518518,0.1610107421875,video_04
q036,176.99918055555554,0.1617431640625,video_04
q036,177.99917592592593,0.1083984375,video_04
q036,178.99917129629628,0.093994140625,video_04
q036,179.99916666666667,0.1624755859375,video_04
q036,180.99916203703702,0.1717529296875,video_04
q036,181.9991574074074,0.1387939453125,video_04
q036,182.99915277777777,0.15283203125,video_04
q036,183.99914814814815,0.1259765625,video_04
q036,184.9991435185185,0.1558837890625,video_04
q036,185.9991388888889,0.1661376953125,video_04
q036,186.99913425925925,0.1593017578125,video_04
q036,187.99912962962964,0.134765625,video_04
q036,188.999125,0.137939453125,video_04
q036,189.99912037037038,0.12066650390625,video_04
q036,190.99911574074073,0.1187744140625,video_04
q036,191.99911111111112,0.123779296875,video_04
q036,192.99910648148148,0.1263427734375,video_04
q036,193.99910185185183,0.1387939453125,video_04
q036,194.99909722222222,0.151123046875,video_04
q036,195.99909259259258,0.153076171875,video_04
q036,196.99908796296296,0.1534423828125,video_04
q036,197.99908333333332,0.14306640625,video_04
q036,198.9990787037037,0.1539306640625,video_04
q036,199.99907407407406,0.08038330078125,video_04
q036,200.99906944444444,0.08465576171875,video_04
q036,201.9990648148148,0.08154296875,video_04
q036,202.9990601851852,0.08758544921875,video_04
q036,203.99905555555554,0.0850830078125,video_04
q036,204.99905092592593,0.080078125,video_04
q036,205.99904629629629,0.08343505859375,video_04
q036,206.99904166666667,0.07421875,video_04
q036,207.99903703703703,0.0816650390625,video_04
q036,208.9990324074074,0.08050537109375,video_04
q036,209.99902777777777,0.1895751953125,video_04
q036,210.99902314814815,0.1661376953125,video_04
q036,211.9990185185185,0.1878662109375,video_04
q036,212.9990138888889,0.18603515625,video_04
q036,213.99900925925925,0.1610107421875,video_04
q036,214.9990046296296,0.09588623046875,video_04
q043,0.0,0.103759765625,video_05
q043,1.0,0.06524658203125,video_05
q043,2.0,0.07794189453125,video_05
q043,3.0,0.06585693359375,video_05
q043,4.0,0.06817626953125,video_05
q043,5.0,0.07501220703125,video_05
q043,6.0,0.05975341796875,video_05
q043,7.0,0.06683349609375,video_05
q043,8.0,0.07452392578125,video_05
q043,9.0,0.1353759765625,video_05
q043,10.0,0.07452392578125,video_05
q043,11.0,0.072265625,video_05
q043,12.0,0.06451416015625,video_05
q043,13.0,0.15478515625,video_05
q043,14.0,0.1240234375,video_05
q043,15.0,0.085693359375,video_05
q043,16.0,0.0753173828125,video_05
q043,17.0,0.056854248046875,video_05
q043,18.0,0.08660888671875,video_05
q043,19.0,0.12054443359375,video_05
q043,20.0,0.189208984375,video_05
q043,21.0,0.12432861328125,video_05
q043,22.0,0.14013671875,video_05
q043,23.0,0.1251220703125,video_05
q043,24.0,0.13623046875,video_05
q043,25.0,0.151611328125,video_05
q043,26.0,0.1356201171875,video_05
q043,27.0,0.1285400390625,video_05
q043,28.0,0.18408203125,video_05
q043,29.0,0.142822265625,video_05
q043,30.0,0.0994873046875,video_05
q043,31.0,0.09979248046875,video_05
q043,32.0,0.125732421875,video_05
q043,33.0,0.1339111328125,video_05
q043,34.0,0.14599609375,video_05
q043,35.0,0.07275390625,video_05
q043,36.0,0.05126953125,video_05
q043,37.0,0.08197021484375,video_05
q043,38.0,0.049041748046875,video_05
q043,39.0,0.056854248046875,video_05
q043,40.0,0.070556640625,video_05
q043,41.0,0.11083984375,video_05
q043,42.0,0.12322998046875,video_05
q043,43.0,0.126220703125,video_05
q043,44.0,0.1256103515625,video_05
q043,45.0,0.06109619140625,video_05
q043,46.0,0.08282470703125,video_05
q043,47.0,0.08416748046875,video_05
q043,48.0,0.0880126953125,video_05
q043,49.0,0.07366943359375,video_05
q043,50.0,0.0816650390625,video_05
q043,51.0,0.0849609375,video_05
q043,52.0,0.06756591796875,video_05
q043,53.0,0.0894775390625,video_05
q043,54.0,0.05194091796875,video_05
q043,55.0,0.11279296875,video_05
q043,56.0,0.2047119140625,video_05
q043,57.0,0.134765625,video_05
q043,58.0,0.06768798828125,video_05
q043,59.0,0.07452392578125,video_05
q043,60.0,0.029754638671875,video_05
q043,61.0,0.0259552001953125,video_05
q043,62.0,0.025421142578125,video_05
q043,63.0,0.04803466796875,video_05
q043,64.0,0.033660888671875,video_05
q043,65.0,0.0240020751953125,video_05
q043,66.0,0.039642333984375,video_05
q043,67.0,0.042816162109375,video_05
q043,68.0,0.039642333984375,video_05
q043,69.0,0.03643798828125,video_05
q043,70.0,0.05889892578125,video_05
q043,71.0,0.064208984375,video_05
q043,72.0,0.044769287109375,video_05
q043,73.0,0.07586669921875,video_05
q043,74.0,0.2474365234375,video_05
q043,75.0,0.09857177734375,video_05
q043,76.0,0.0379638671875,video_05
q043,77.0,0.039703369140625,video_05
q043,78.0,0.052032470703125,video_05
q043,79.0,0.06475830078125,video_05
q043,80.0,0.05072021484375,video_05
q043,81.0,0.037261962890625,video_05
q043,82.0,0.0360107421875,video_05
q043,83.0,0.06549072265625,video_05
q043,84.0,0.040771484375,video_05
q043,85.0,0.038543701171875,video_05
q043,86.0,0.057281494140625,video_05
q043,87.0,0.0535888671875,video_05
q043,88.0,0.041839599609375,video_05
q043,89.0,0.0537109375,video_05
q043,90.0,0.037322998046875,video_05
q043,91.0,0.03253173828125,video_05
q043,92.0,0.11297607421875,video_05
q043,93.0,0.0460205078125,video_05
q043,94.0,0.025421142578125,video_05
q043,95.0,0.049957275390625,video_05
q043,96.0,0.052703857421875,video_05
q043,97.0,0.050811767578125,video_05
q043,98.0,0.06671142578125,video_05
q043,99.0,0.04681396484375,video_05
q043,100.0,0.033782958984375,video_05
q043,101.0,0.03802490234375,video_05
q043,102.0,0.056243896484375,video_05
q043,103.0,0.035675048828125,video_05
q043,104.0,0.035675048828125,video_05
q043,105.0,0.0301055908203125,video_05
q043,106.0,0.044921875,video_05
q043,107.0,0.03143310546875,video_05
q043,108.0,0.043853759765625,video_05
q043,109.0,0.059112548828125,video_05
q043,110.0,0.056121826171875,video_05
q043,111.0,0.10858154296875,video_05
q043,112.0,0.06475830078125,video_05
q043,113.0,0.04559326171875,video_05
q043,114.0,0.05059814453125,video_05
q043,115.0,0.073974609375,video_05
q043,116.0,0.07183837890625,video_05
q043,117.0,0.08447265625,video_05
q043,118.0,0.06439208984375,video_05
q043,119.0,0.046295166015625,video_05
q043,120.0,0.152587890625,video_05
q043,121.0,0.08343505859375,video_05
q043,122.0,0.060089111328125,video_05
q043,123.0,0.041534423828125,video_05
q043,124.0,0.038909912109375,video_05
q043,125.0,0.042816162109375,video_05
q043,126.0,0.06524658203125,video_05
q043,127.0,0.044097900390625,video_05
q043,128.0,0.047882080078125,video_05
q043,129.0,0.10284423828125,video_05
q043,130.0,0.0616455078125,video_05
q043,131.0,0.07574462890625,video_05
q043,132.0,0.07501220703125,video_05
q043,133.0,0.05572509765625,video_05
q043,134.0,0.06658935546875,video_05
q043,135.0,0.06781005859375,video_05
q043,136.0,0.09808349609375,video_05
q043,137.0,0.039276123046875,video_05
q043,138.0,0.08123779296875,video_05
q043,139.0,0.07904052734375,video_05
q043,140.0,0.05511474609375,video_05
q043,141.0,0.090576171875,video_05
q043,142.0,0.04876708984375,video_05
q043,143.0,0.0318603515625,video_05
q043,144.0,0.0297088623046875,video_05
q043,145.0,0.013275146484375,video_05
q043,146.0,0.0191192626953125,video_05
q043,147.0,0.018157958984375,video_05
q043,148.0,0.053985595703125,video_05
q043,149.0,0.05560302734375,video_05
q043,150.0,0.08062744140625,video_05
q043,151.0,0.04248046875,video_05
q043,152.0,0.0496826171875,video_05
q043,153.0,0.06524658203125,video_05
q043,154.0,0.0535888671875,video_05
q043,155.0,0.047515869140625,video_05
q043,156.0,0.057373046875,video_05
q043,157.0,0.0699462890625,video_05
q043,158.0,0.06475830078125,video_05
q043,159.0,0.0640869140625,video_05
q043,160.0,0.07977294921875,video_05
q043,161.0,0.09930419921875,video_05
q043,162.0,0.06488037109375,video_05
q043,163.0,0.0782470703125,video_05
q043,164.0,0.10107421875,video_05
q043,165.0,0.08599853515625,video_05
q043,166.0,0.07611083984375,video_05
q043,167.0,0.058135986328125,video_05
q043,168.0,0.05975341796875,video_05
q043,169.0,0.049957275390625,video_05
q043,170.0,0.0738525390625,video_05
q043,171.0,0.038909912109375,video_05
q043,172.0,0.057586669921875,video_05
q043,173.0,0.0709228515625,video_05
q043,174.0,0.058563232421875,video_05
q043,175.0,0.06781005859375,video_05
q043,176.0,0.070556640625,video_05
q043,177.0,0.0849609375,video_05
q043,178.0,0.07183837890625,video_05
q043,179.0,0.06903076171875,video_05
q043,180.0,0.059417724609375,video_05
q043,181.0,0.048675537109375,video_05
q043,182.0,0.05511474609375,video_05
q043,183.0,0.0703125,video_05
q043,184.0,0.07452392578125,video_05
q043,185.0,0.0999755859375,video_05
q043,186.0,0.07208251953125,video_05
q043,187.0,0.07666015625,video_05
q043,188.0,0.11181640625,video_05
q043,189.0,0.06732177734375,video_05
q043,190.0,0.05975341796875,video_05
q043,191.0,0.09136962890625,video_05
q043,192.0,0.06610107421875,video_05
q043,193.0,0.06854248046875,video_05
q043,194.0,0.07147216796875,video_05
q043,195.0,0.05718994140625,video_05
q043,196.0,0.107421875,video_05
q043,197.0,0.1124267578125,video_05
q043,198.0,0.103759765625,video_05
q043,199.0,0.0836181640625,video_05
q043,200.0,0.050323486328125,video_05
q043,201.0,0.05450439453125,video_05
q043,202.0,0.058563232421875,video_05
q043,203.0,0.06085205078125,video_05
q043,204.0,0.1270751953125,video_05
q043,205.0,0.06463623046875,video_05
q043,206.0,0.10125732421875,video_05
q043,207.0,0.07763671875,video_05
q043,208.0,0.0843505859375,video_05
q043,209.0,0.054107666015625,video_05
q044,0.0,0.0709228515625,video_05
q044,1.0,0.06585693359375,video_05
q044,2.0,0.08526611328125,video_05
q044,3.0,0.053192138671875,video_05
q044,4.0,0.10797119140625,video_05
q044,5.0,0.04931640625,video_05
q044,6.0,0.06396484375,video_05
q044,7.0,0.056243896484375,video_05
q044,8.0,0.03912353515625,video_05
q044,9.0,0.033905029296875,video_05
q044,10.0,0.035614013671875,video_05
q044,11.0,0.0300445556640625,video_05
q044,12.0,0.06610107421875,video_05
q044,13.0,0.1494140625,video_05
q044,14.0,0.06878662109375,video_05
q044,15.0,0.0880126953125,video_05
q044,16.0,0.09912109375,video_05
q044,17.0,0.0863037109375,video_05
q044,18.0,0.06646728515625,video_05
q044,19.0,0.08270263671875,video_05
q044,20.0,0.040008544921875,video_05
q044,21.0,0.054595947265625,video_05
q044,22.0,0.0325927734375,video_05
q044,23.0,0.052032470703125,video_05
q044,24.0,0.052520751953125,video_05
q044,25.0,0.07342529296875,video_05
q044,26.0,0.045684814453125,video_05
q044,27.0,0.04486083984375,video_05
q044,28.0,0.049224853515625,video_05
q044,29.0,0.049224853515625,video_05
q044,30.0,0.07989501953125,video_05
q044,31.0,0.047515869140625,video_05
q044,32.0,0.034698486328125,video_05
q044,33.0,0.056976318359375,video_05
q044,34.0,0.0526123046875,video_05
q044,35.0,0.03759765625,video_05
q044,36.0,0.03302001953125,video_05
q044,37.0,0.027008056640625,video_05
q044,38.0,0.086181640625,video_05
q044,39.0,0.080078125,video_05
q044,40.0,0.061309814453125,video_05
q044,41.0,0.060089111328125,video_05
q044,42.0,0.060089111328125,video_05
q044,43.0,0.04986572265625,video_05
q044,44.0,0.03643798828125,video_05
q044,45.0,0.050048828125,video_05
q044,46.0,0.059112548828125,video_05
q044,47.0,0.056549072265625,video_05
q044,48.0,0.04486083984375,video_05
q044,49.0,0.05499267578125,video_05
q044,50.0,0.023956298828125,video_05
q044,51.0,0.09967041015625,video_05
q044,52.0,0.0831298828125,video_05
q044,53.0,0.056976318359375,video_05
q044,54.0,0.058563232421875,video_05
q044,55.0,0.056121826171875,video_05
q044,56.0,0.046478271484375,video_05
q044,57.0,0.0755615234375,video_05
q044,58.0,0.04742431640625,video_05
q044,59.0,0.07806396484375,video_05
q044,60.0,0.04296875,video_05
q044,61.0,0.058563232421875,video_05
q044,62.0,0.06475830078125,video_05
q044,63.0,0.1597900390625,video_05
q044,64.0,0.1273193359375,video_05
q044,65.0,0.05194091796875,video_05
q044,66.0,0.06756591796875,video_05
q044,67.0,0.1239013671875,video_05
q044,68.0,0.042083740234375,video_05
q044,69.0,0.06890869140625,video_05
q044,70.0,0.0831298828125,video_05
q044,71.0,0.17529296875,video_05
q044,72.0,0.08880615234375,video_05
q044,73.0,0.047088623046875,video_05
q044,74.0,0.11395263671875,video_05
q044,75.0,0.06280517578125,video_05
q044,76.0,0.057708740234375,video_05
q044,77.0,0.07354736328125,video_05
q044,78.0,0.1549072265625,video_05
q044,79.0,0.1959228515625,video_05
q044,80.0,0.10894775390625,video_05
q044,81.0,0.11474609375,video_05
q044,82.0,0.11395263671875,video_05
q044,83.0,0.109130859375,video_05
q044,84.0,0.1007080078125,video_05
q044,85.0,0.06451416015625,video_05
q044,86.0,0.0457763671875,video_05
q044,87.0,0.04083251953125,video_05
q044,88.0,0.1429443359375,video_05
q044,89.0,0.2127685546875,video_05
q044,90.0,0.173095703125,video_05
q044,91.0,0.053009033203125,video_05
q044,92.0,0.5185546875,video_05
q044,93.0,0.046478271484375,video_05
q044,94.0,0.0341796875,video_05
q044,95.0,0.08465576171875,video_05
q044,96.0,0.05126953125,video_05
q044,97.0,0.060638427734375,video_05
q044,98.0,0.06658935546875,video_05
q044,99.0,0.1202392578125,video_05
q044,100.0,0.0640869140625,video_05
q044,101.0,0.03607177734375,video_05
q044,102.0,0.07781982421875,video_05
q044,103.0,0.054901123046875,video_05
q044,104.0,0.05389404296875,video_05
q044,105.0,0.10723876953125,video_05
q044,106.0,0.11614990234375,video_05
q044,107.0,0.06304931640625,video_05
q044,108.0,0.037261962890625,video_05
q044,109.0,0.05059814453125,video_05
q044,110.0,0.06854248046875,video_05
q044,111.0,0.054901123046875,video_05
q044,112.0,0.0703125,video_05
q044,113.0,0.06243896484375,video_05
q044,114.0,0.04913330078125,video_05
q044,115.0,0.090576171875,video_05
q044,116.0,0.1083984375,video_05
q044,117.0,0.1317138671875,video_05
q044,118.0,0.090576171875,video_05
q044,119.0,0.06231689453125,video_05
q044,120.0,0.10858154296875,video_05
q044,121.0,0.0784912109375,video_05
q044,122.0,0.1070556640625,video_05
q044,123.0,0.055419921875,video_05
q044,124.0,0.042877197265625,video_05
q044,125.0,0.06109619140625,video_05
q044,126.0,0.056976318359375,video_05
q044,127.0,0.03985595703125,video_05
q044,128.0,0.990234375,video_05
q044,129.0,0.172119140625,video_05
q044,130.0,0.99365234375,video_05
q044,131.0,0.080078125,video_05
q044,132.0,0.09515380859375,video_05
q044,133.0,0.0343017578125,video_05
q044,134.0,0.04913330078125,video_05
q044,135.0,0.07275390625,video_05
q044,136.0,0.08154296875,video_05
q044,137.0,0.0162200927734375,video_05
q044,138.0,0.047088623046875,video_05
q044,139.0,0.0296478271484375,video_05
q044,140.0,0.03314208984375,video_05
q044,141.0,0.02838134765625,video_05
q044,142.0,0.0504150390625,video_05
q044,143.0,0.03460693359375,video_05
q044,144.0,0.1387939453125,video_05
q044,145.0,0.0809326171875,video_05
q044,146.0,0.0867919921875,video_05
q044,147.0,0.15576171875,video_05
q044,148.0,0.0526123046875,video_05
q044,149.0,0.091064453125,video_05
q044,150.0,0.08123779296875,video_05
q044,151.0,0.058013916015625,video_05
q044,152.0,0.1351318359375,video_05
q044,153.0,0.05633544921875,video_05
q044,154.0,0.052825927734375,video_05
q044,155.0,0.035552978515625,video_05
q044,156.0,0.042022705078125,video_05
q044,157.0,0.055511474609375,video_05
q044,158.0,0.039337158203125,video_05
q044,159.0,0.11181640625,video_05
q044,160.0,0.05194091796875,video_05
q044,161.0,0.0889892578125,video_05
q044,162.0,0.0740966796875,video_05
q044,163.0,0.06793212890625,video_05
q044,164.0,0.060211181640625,video_05
q044,165.0,0.0755615234375,video_05
q044,166.0,0.043365478515625,video_05
q044,167.0,0.056549072265625,video_05
q044,168.0,0.0352783203125,video_05
q044,169.0,0.0343017578125,video_05
q044,170.0,0.03424072265625,video_05
q044,171.0,0.0217742919921875,video_05
q044,172.0,0.07720947265625,video_05
q044,173.0,0.051177978515625,video_05
q044,174.0,0.06585693359375,video_05
q044,175.0,0.086181640625,video_05
q044,176.0,0.04681396484375,video_05
q044,177.0,0.9833984375,video_05
q044,178.0,0.05450439453125,video_05
q044,179.0,0.1019287109375,video_05
q044,180.0,0.059112548828125,video_05
q044,181.0,0.044097900390625,video_05
q044,182.0,0.08990478515625,video_05
q044,183.0,0.053985595703125,video_05
q044,184.0,0.047943115234375,video_05
q044,185.0,0.0755615234375,video_05
q044,186.0,0.299072265625,video_05
q044,187.0,0.1448974609375,video_05
q044,188.0,0.07135009765625,video_05
q044,189.0,0.0640869140625,video_05
q044,190.0,0.049407958984375,video_05
q044,191.0,0.049957275390625,video_05
q044,192.0,0.06878662109375,video_05
q044,193.0,0.057708740234375,video_05
q044,194.0,0.0531005859375,video_05
q044,195.0,0.0472412109375,video_05
q044,196.0,0.051849365234375,video_05
q044,197.0,0.061981201171875,video_05
q044,198.0,0.050140380859375,video_05
q044,199.0,0.050323486328125,video_05
q044,200.0,0.04486083984375,video_05
q044,201.0,0.055206298828125,video_05
q044,202.0,0.09808349609375,video_05
q044,203.0,0.040252685546875,video_05
q044,204.0,0.061767578125,video_05
q044,205.0,0.049774169921875,video_05
q044,206.0,0.080078125,video_05
q044,207.0,0.160888671875,video_05
q044,208.0,0.130126953125,video_05
q044,209.0,0.07666015625,video_05
q045,0.0,1.0,video_05
q045,1.0,1.0,video_05
q045,2.0,0.99951171875,video_05
q045,3.0,0.99951171875,video_05
q045,4.0,0.99951171875,video_05
q045,5.0,0.99951171875,video_05
q045,6.0,1.0,video_05
q045,7.0,0.99951171875,video_05
q045,8.0,0.99951171875,video_05
q045,9.0,0.9990234375,video_05
q045,10.0,0.99951171875,video_05
q045,11.0,0.99951171875,video_05
q045,12.0,0.99951171875,video_05
q045,13.0,0.9990234375,video_05
q045,14.0,0.99951171875,video_05
q045,15.0,0.99951171875,video_05
q045,16.0,0.9990234375,video_05
q045,17.0,0.9970703125,video_05
q045,18.0,0.99853515625,video_05
q045,19.0,0.99755859375,video_05
q045,20.0,0.99853515625,video_05
q045,21.0,0.9990234375,video_05
q045,22.0,0.99853515625,video_05
q045,23.0,0.99853515625,video_05
q045,24.0,0.9990234375,video_05
q045,25.0,0.99853515625,video_05
q045,26.0,0.99853515625,video_05
q045,27.0,0.99853515625,video_05
q045,28.0,0.99462890625,video_05
q045,29.0,0.9990234375,video_05
q045,30.0,0.99951171875,video_05
q045,31.0,0.9990234375,video_05
q045,32.0,0.9990234375,video_05
q045,33.0,1.0,video_05
q045,34.0,0.99951171875,video_05
q045,35.0,1.0,video_05
q045,36.0,0.99951171875,video_05
q045,37.0,0.99951171875,video_05
q045,38.0,0.99951171875,video_05
q045,39.0,0.99951171875,video_05
q045,40.0,0.99951171875,video_05
q045,41.0,0.99951171875,video_05
q045,42.0,0.998046875,video_05
q045,43.0,0.99951171875,video_05
q045,44.0,0.99951171875,video_05
q045,45.0,0.99951171875,video_05
q045,46.0,0.99951171875,video_05
q045,47.0,0.99951171875,video_05
q045,48.0,0.99951171875,video_05
q045,49.0,1.0,video_05
q045,50.0,0.99951171875,video_05
q045,51.0,1.0,video_05
q045,52.0,1.0,video_05
q045,53.0,0.9990234375,video_05
q045,54.0,0.99951171875,video_05
q045,55.0,0.9990234375,video_05
q045,56.0,0.99853515625,video_05
q045,57.0,0.9990234375,video_05
q045,58.0,0.9990234375,video_05
q045,59.0,0.99951171875,video_05
q045,60.0,0.99853515625,video_05
q045,61.0,0.99853515625,video_05
q045,62.0,0.99853515625,video_05
q045,63.0,0.99951171875,video_05
q045,64.0,0.99951171875,video_05
q045,65.0,0.99951171875,video_05
q045,66.0,0.99951171875,video_05
q045,67.0,0.99951171875,video_05
q045,68.0,0.99951171875,video_05
q045,69.0,0.9990234375,video_05
q045,70.0,0.99951171875,video_05
q045,71.0,0.99951171875,video_05
q045,72.0,0.99951171875,video_05
q045,73.0,0.99951171875,video_05
q045,74.0,0.99951171875,video_05
q045,75.0,0.99951171875,video_05
q045,76.0,0.99951171875,video_05
q045,77.0,0.99951171875,video_05
q045,78.0,0.99951171875,video_05
q045,79.0,0.99951171875,video_05
q045,80.0,1.0,video_05
q045,81.0,0.99951171875,video_05
q045,82.0,0.99951171875,video_05
q045,83.0,0.99951171875,video_05
q045,84.0,0.99951171875,video_05
q045,85.0,0.99951171875,video_05
q045,86.0,0.9990234375,video_05
q045,87.0,0.99951171875,video_05
q045,88.0,0.99951171875,video_05
q045,89.0,0.99951171875,video_05
q045,90.0,0.9990234375,video_05
q045,91.0,0.99951171875,video_05
q045,92.0,0.99951171875,video_05
q045,93.0,0.99951171875,video_05
q045,94.0,0.99951171875,video_05
q045,95.0,0.99951171875,video_05
q045,96.0,0.99951171875,video_05
q045,97.0,0.99951171875,video_05
q045,98.0,0.99951171875,video_05
q045,99.0,0.9990234375,video_05
q045,100.0,0.998046875,video_05
q045,101.0,0.9990234375,video_05
q045,102.0,0.99853515625,video_05
q045,103.0,0.9990234375,video_05
q045,104.0,0.9990234375,video_05
q045,105.0,0.9990234375,video_05
q045,106.0,0.99853515625,video_05
q045,107.0,0.99951171875,video_05
q045,108.0,0.99951171875,video_05
q045,109.0,0.9990234375,video_05
q045,110.0,0.998046875,video_05
q045,111.0,0.99658203125,video_05
q045,112.0,0.99951171875,video_05
q045,113.0,0.99951171875,video_05
q045,114.0,0.99951171875,video_05
q045,115.0,0.9990234375,video_05
q045,116.0,0.9990234375,video_05
q045,117.0,0.9990234375,video_05
q045,118.0,0.99951171875,video_05
q045,119.0,0.9990234375,video_05
q045,120.0,0.9951171875,video_05
q045,121.0,0.9990234375,video_05
q045,122.0,0.9990234375,video_05
q045,123.0,0.9990234375,video_05
q045,124.0,0.99951171875,video_05
q045,125.0,0.99951171875,video_05
q045,126.0,0.99951171875,video_05
q045,127.0,0.99951171875,video_05
q045,128.0,0.99951171875,video_05
q045,129.0,0.9990234375,video_05
q045,130.0,0.99853515625,video_05
q045,131.0,0.9990234375,video_05
q045,132.0,0.99853515625,video_05
q045,133.0,0.99658203125,video_05
q045,134.0,0.99951171875,video_05
q045,135.0,0.99951171875,video_05
q045,136.0,0.9990234375,video_05
q045,137.0,0.99853515625,video_05
q045,138.0,0.99951171875,video_05
q045,139.0,0.99951171875,video_05
q045,140.0,0.99951171875,video_05
q045,141.0,0.9990234375,video_05
q045,142.0,0.99853515625,video_05
q045,143.0,0.99951171875,video_05
q045,144.0,0.99951171875,video_05
q045,145.0,0.99853515625,video_05
q045,146.0,0.99853515625,video_05
q045,147.0,0.9990234375,video_05
q045,148.0,0.99853515625,video_05
q045,149.0,0.99853515625,video_05
q045,150.0,0.9990234375,video_05
q045,151.0,0.9990234375,video_05
q045,152.0,0.9990234375,video_05
q045,153.0,0.9990234375,video_05
q045,154.0,0.9990234375,video_05
q045,155.0,0.99951171875,video_05
q045,156.0,0.99951171875,video_05
q045,157.0,0.99951171875,video_05
q045,158.0,0.99951171875,video_05
q045,159.0,0.99951171875,video_05
q045,160.0,0.99951171875,video_05
q045,161.0,0.99951171875,video_05
q045,162.0,0.99951171875,video_05
q045,163.0,0.99951171875,video_05
q045,164.0,0.9990234375,video_05
q045,165.0,0.99951171875,video_05
q045,166.0,0.99951171875,video_05
q045,167.0,0.99951171875,video_05
q045,168.0,0.9990234375,video_05
q045,169.0,0.99951171875,video_05
q045,170.0,0.99951171875,video_05
q045,171.0,0.99951171875,video_05
q045,172.0,0.99951171875,video_05
q045,173.0,0.99951171875,video_05
q045,174.0,0.99951171875,video_05
q045,175.0,0.99951171875,video_05
q045,176.0,0.99951171875,video_05
q045,177.0,0.99951171875,video_05
q045,178.0,0.9990234375,video_05
q045,179.0,0.99951171875,video_05
q045,180.0,0.99951171875,video_05
q045,181.0,0.99951171875,video_05
q045,182.0,0.99951171875,video_05
q045,183.0,0.99951171875,video_05
q045,184.0,0.99951171875,video_05
q045,185.0,0.99951171875,video_05
q045,186.0,0.99951171875,video_05
q045,187.0,0.99951171875,video_05
q045,188.0,0.9990234375,video_05
q045,189.0,0.99951171875,video_05
q045,190.0,0.99951171875,video_05
q045,191.0,0.99853515625,video_05
q045,192.0,0.9990234375,video_05
q045,193.0,0.998046875,video_05
q045,194.0,0.99853515625,video_05
q045,195.0,0.99951171875,video_05
q045,196.0,0.9970703125,video_05
q045,197.0,0.9990234375,video_05
q045,198.0,0.9990234375,video_05
q045,199.0,0.99951171875,video_05
q045,200.0,0.99951171875,video_05
q045,201.0,0.99951171875,video_05
q045,202.0,0.99951171875,video_05
q045,203.0,0.99951171875,video_05
q045,204.0,0.99951171875,video_05
q045,205.0,0.99951171875,video_05
q045,206.0,0.9990234375,video_05
q045,207.0,0.99951171875,video_05
q045,208.0,0.9990234375,video_05
q045,209.0,0.99951171875,video_05
q052,0.0,0.69482421875,video_06
q052,1.0,0.94970703125,video_06
q052,2.0,0.998046875,video_06
q052,3.0,0.99560546875,video_06
q052,4.0,0.99658203125,video_06
q052,5.0,0.99755859375,video_06
q052,6.0,0.99755859375,video_06
q052,7.0,0.9970703125,video_06
q052,8.0,0.99755859375,video_06
q052,9.0,0.99609375,video_06
q052,10.0,0.9970703125,video_06
q052,11.0,0.99609375,video_06
q052,12.0,0.990234375,video_06
q052,13.0,0.99267578125,video_06
q052,14.0,0.994140625,video_06
q052,15.0,0.99462890625,video_06
q052,16.0,0.99365234375,video_06
q052,17.0,0.99365234375,video_06
q052,18.0,0.99462890625,video_06
q052,19.0,0.99462890625,video_06
q052,20.0,0.99462890625,video_06
q052,21.0,0.994140625,video_06
q052,22.0,0.9912109375,video_06
q052,23.0,0.99365234375,video_06
q052,24.0,0.99560546875,video_06
q052,25.0,0.99560546875,video_06
q052,26.0,0.99560546875,video_06
q052,27.0,0.99658203125,video_06
q052,28.0,0.9951171875,video_06
q052,29.0,0.99658203125,video_06
q052,30.0,0.99560546875,video_06
q052,31.0,0.99658203125,video_06
q052,32.0,0.99609375,video_06
q052,33.0,0.99609375,video_06
q052,34.0,0.99560546875,video_06
q052,35.0,0.99658203125,video_06
q052,36.0,0.99609375,video_06
q052,37.0,0.99560546875,video_06
q052,38.0,0.99560546875,video_06
q052,39.0,0.9951171875,video_06
q052,40.0,0.99560546875,video_06
q052,41.0,0.99560546875,video_06
q052,42.0,0.99658203125,video_06
q052,43.0,0.99609375,video_06
q052,44.0,0.99609375,video_06
q052,45.0,0.99560546875,video_06
q052,46.0,0.99560546875,video_06
q052,47.0,0.9970703125,video_06
q052,48.0,0.9970703125,video_06
q052,49.0,0.99658203125,video_06
q052,50.0,0.99609375,video_06
q052,51.0,0.99658203125,video_06
q052,52.0,0.994140625,video_06
q052,53.0,0.994140625,video_06
q052,54.0,0.994140625,video_06
q052,55.0,0.99658203125,video_06
q052,56.0,0.994140625,video_06
q052,57.0,0.994140625,video_06
q052,58.0,0.99462890625,video_06
q052,59.0,0.99365234375,video_06
q052,60.0,0.9931640625,video_06
q052,61.0,0.99462890625,video_06
q052,62.0,0.9951171875,video_06
q052,63.0,0.9951171875,video_06
q052,64.0,0.99755859375,video_06
q052,65.0,0.99609375,video_06
q052,66.0,0.9970703125,video_06
q052,67.0,0.99609375,video_06
q052,68.0,0.99560546875,video_06
q052,69.0,0.9951171875,video_06
q052,70.0,0.99462890625,video_06
q052,71.0,0.99609375,video_06
q052,72.0,0.99560546875,video_06
q052,73.0,0.99658203125,video_06
q052,74.0,0.99609375,video_06
q052,75.0,0.9951171875,video_06
q052,76.0,0.9970703125,video_06
q052,77.0,0.9970703125,video_06
q052,78.0,0.998046875,video_06
q052,79.0,0.9970703125,video_06
q052,80.0,0.99755859375,video_06
q052,81.0,0.99609375,video_06
q052,82.0,0.9931640625,video_06
q052,83.0,0.994140625,video_06
q052,84.0,0.99267578125,video_06
q052,85.0,0.99365234375,video_06
q052,86.0,0.99560546875,video_06
q052,87.0,0.99609375,video_06
q052,88.0,0.99462890625,video_06
q052,89.0,0.994140625,video_06
q052,90.0,0.99365234375,video_06
q052,91.0,0.99609375,video_06
q052,92.0,0.99658203125,video_06
q052,93.0,0.9970703125,video_06
q052,94.0,0.9970703125,video_06
q052,95.0,0.99658203125,video_06
q052,96.0,0.99609375,video_06
q052,97.0,0.99658203125,video_06
q052,98.0,0.99755859375,video_06
q052,99.0,0.998046875,video_06
q052,100.0,0.99853515625,video_06
q052,101.0,0.998046875,video_06
q052,102.0,0.99755859375,video_06
q052,103.0,0.99755859375,video_06
q052,104.0,0.998046875,video_06
q052,105.0,0.99755859375,video_06
q052,106.0,0.998046875,video_06
q052,107.0,0.99755859375,video_06
q052,108.0,0.99853515625,video_06
q052,109.0,0.99755859375,video_06
q052,110.0,0.99755859375,video_06
q052,111.0,0.99755859375,video_06
q052,112.0,0.998046875,video_06
q052,113.0,0.99755859375,video_06
q052,114.0,0.998046875,video_06
q052,115.0,0.998046875,video_06
q052,116.0,0.99755859375,video_06
q052,117.0,0.9970703125,video_06
q052,118.0,0.998046875,video_06
q052,119.0,0.998046875,video_06
q052,120.0,0.99951171875,video_06
q052,121.0,0.99951171875,video_06
q052,122.0,0.99951171875,video_06
q052,123.0,0.9990234375,video_06
q052,124.0,0.9990234375,video_06
q052,125.0,0.9990234375,video_06
q052,126.0,0.9990234375,video_06
q052,127.0,0.998046875,video_06
q052,128.0,0.99853515625,video_06
q052,129.0,0.9990234375,video_06
q052,130.0,0.99755859375,video_06
q052,131.0,0.99462890625,video_06
q052,132.0,0.9990234375,video_06
q052,133.0,0.9990234375,video_06
q052,134.0,0.9990234375,video_06
q052,135.0,0.9990234375,video_06
q052,136.0,0.9990234375,video_06
q052,137.0,0.9990234375,video_06
q052,138.0,0.9990234375,video_06
q052,139.0,0.9990234375,video_06
q052,140.0,0.9990234375,video_06
q052,141.0,0.9990234375,video_06
q052,142.0,0.9990234375,video_06
q052,143.0,0.9990234375,video_06
q052,144.0,0.99853515625,video_06
q052,145.0,0.9990234375,video_06
q052,146.0,0.9990234375,video_06
q052,147.0,0.9990234375,video_06
q052,148.0,0.9990234375,video_06
q052,149.0,0.99853515625,video_06
q052,150.0,0.99853515625,video_06
q052,151.0,0.9990234375,video_06
q052,152.0,0.99853515625,video_06
q052,153.0,0.99853515625,video_06
q052,154.0,0.99853515625,video_06
q052,155.0,0.99853515625,video_06
q052,156.0,0.9990234375,video_06
q052,157.0,0.99853515625,video_06
q052,158.0,0.99755859375,video_06
q052,159.0,0.998046875,video_06
q052,160.0,0.99755859375,video_06
q052,161.0,0.9990234375,video_06
q052,162.0,0.9990234375,video_06
q052,163.0,0.9990234375,video_06
q052,164.0,0.998046875,video_06
q052,165.0,0.99853515625,video_06
q052,166.0,0.9990234375,video_06
q052,167.0,0.9970703125,video_06
q052,168.0,0.9951171875,video_06
q052,169.0,0.99169921875,video_06
q052,170.0,0.853515625,video_06
q052,171.0,0.8115234375,video_06
q052,172.0,0.82177734375,video_06
q052,173.0,0.85693359375,video_06
q052,174.0,0.74267578125,video_06
q052,175.0,0.6748046875,video_06
q052,176.0,0.7470703125,video_06
q052,177.0,0.8779296875,video_06
q052,178.0,0.84130859375,video_06
q052,179.0,0.7939453125,video_06
q052,180.0,0.69970703125,video_06
q052,181.0,0.98828125,video_06
q052,182.0,0.99658203125,video_06
q052,183.0,0.99755859375,video_06
q052,184.0,0.98583984375,video_06
q052,185.0,0.99658203125,video_06
q052,186.0,0.99658203125,video_06
q052,187.0,0.9970703125,video_06
q052,188.0,0.998046875,video_06
q052,189.0,0.994140625,video_06
q052,190.0,0.72900390625,video_06
q052,191.0,0.7578125,video_06
q052,192.0,0.73681640625,video_06
q052,193.0,0.673828125,video_06
q052,194.0,0.69775390625,video_06
q052,195.0,0.693359375,video_06
q052,196.0,0.7255859375,video_06
q052,197.0,0.724609375,video_06
q052,198.0,0.75146484375,video_06
q052,199.0,0.849609375,video_06
q052,200.0,0.7802734375,video_06
q052,201.0,0.669921875,video_06
q052,202.0,0.63427734375,video_06
q052,203.0,0.71875,video_06
q052,204.0,0.7431640625,video_06
q052,205.0,0.73486328125,video_06
q052,206.0,0.77734375,video_06
q052,207.0,0.80615234375,video_06
q052,208.0,0.78369140625,video_06
q052,209.0,0.80126953125,video_06
q052,210.0,0.6767578125,video_06
q052,211.0,0.7529296875,video_06
q052,212.0,0.72412109375,video_06
q052,213.0,0.70166015625,video_06
q052,214.0,0.6982421875,video_06
q052,215.0,0.998046875,video_06
q052,216.0,0.9814453125,video_06
q052,217.0,0.73046875,video_06
q052,218.0,0.66552734375,video_06
q052,219.0,0.98974609375,video_06
q052,220.0,0.99560546875,video_06
q052,221.0,0.99658203125,video_06
q052,222.0,0.9833984375,video_06
q052,223.0,0.7099609375,video_06
q052,224.0,0.763671875,video_06
q052,225.0,0.99560546875,video_06
q052,226.0,0.99853515625,video_06
q052,227.0,0.8154296875,video_06
q052,228.0,0.85546875,video_06
q052,229.0,0.79150390625,video_06
q052,230.0,0.7431640625,video_06
q052,231.0,0.6572265625,video_06
q052,232.0,0.71826171875,video_06
q052,233.0,0.6953125,video_06
q052,234.0,0.6884765625,video_06
q052,235.0,0.736328125,video_06
q052,236.0,0.72216796875,video_06
q052,237.0,0.99560546875,video_06
q052,238.0,0.70166015625,video_06
q052,239.0,0.6982421875,video_06
q052,240.0,0.6806640625,video_06
q052,241.0,0.60205078125,video_06
q052,242.0,0.7080078125,video_06
q052,243.0,0.70166015625,video_06
q052,244.0,0.728515625,video_06
q052,245.0,0.6904296875,video_06
q052,246.0,0.72216796875,video_06
q052,247.0,0.77490234375,video_06
q052,248.0,0.7197265625,video_06
q052,249.0,0.67529296875,video_06
q052,250.0,0.7744140625,video_06
q052,251.0,0.77001953125,video_06
q052,252.0,0.64111328125,video_06
q052,253.0,0.73779296875,video_06
q052,254.0,0.8173828125,video_06
q052,255.0,0.82958984375,video_06
q052,256.0,0.77001953125,video_06
q052,257.0,0.7978515625,video_06
q053,0.0,0.69482421875,video_06
q053,1.0,0.94970703125,video_06
q053,2.0,0.998046875,video_06
q053,3.0,0.99560546875,video_06
q053,4.0,0.99658203125,video_06
q053,5.0,0.99755859375,video_06
q053,6.0,0.99755859375,video_06
q053,7.0,0.9970703125,video_06
q053,8.0,0.99755859375,video_06
q053,9.0,0.99609375,video_06
q053,10.0,0.9970703125,video_06
q053,11.0,0.99609375,video_06
q053,12.0,0.990234375,video_06
q053,13.0,0.99267578125,video_06
q053,14.0,0.994140625,video_06
q053,15.0,0.99462890625,video_06
q053,16.0,0.99365234375,video_06
q053,17.0,0.99365234375,video_06
q053,18.0,0.99462890625,video_06
q053,19.0,0.99462890625,video_06
q053,20.0,0.99462890625,video_06
q053,21.0,0.994140625,video_06
q053,22.0,0.9912109375,video_06
q053,23.0,0.99365234375,video_06
q053,24.0,0.99560546875,video_06
q053,25.0,0.99560546875,video_06
q053,26.0,0.99560546875,video_06
q053,27.0,0.99658203125,video_06
q053,28.0,0.9951171875,video_06
q053,29.0,0.99658203125,video_06
q053,30.0,0.99560546875,video_06
q053,31.0,0.99658203125,video_06
q053,32.0,0.99609375,video_06
q053,33.0,0.99609375,video_06
q053,34.0,0.99560546875,video_06
q053,35.0,0.99658203125,video_06
q053,36.0,0.99609375,video_06
q053,37.0,0.99560546875,video_06
q053,38.0,0.99560546875,video_06
q053,39.0,0.9951171875,video_06
q053,40.0,0.99560546875,video_06
q053,41.0,0.99560546875,video_06
q053,42.0,0.99658203125,video_06
q053,43.0,0.99609375,video_06
q053,44.0,0.99609375,video_06
q053,45.0,0.99560546875,video_06
q053,46.0,0.99560546875,video_06
q053,47.0,0.9970703125,video_06
q053,48.0,0.9970703125,video_06
q053,49.0,0.99658203125,video_06
q053,50.0,0.99609375,video_06
q053,51.0,0.99658203125,video_06
q053,52.0,0.994140625,video_06
q053,53.0,0.994140625,video_06
q053,54.0,0.994140625,video_06
q053,55.0,0.99658203125,video_06
q053,56.0,0.994140625,video_06
q053,57.0,0.994140625,video_06
q053,58.0,0.99462890625,video_06
q053,59.0,0.99365234375,video_06
q053,60.0,0.9931640625,video_06
q053,61.0,0.99462890625,video_06
q053,62.0,0.9951171875,video_06
q053,63.0,0.9951171875,video_06
q053,64.0,0.99755859375,video_06
q053,65.0,0.99609375,video_06
q053,66.0,0.9970703125,video_06
q053,67.0,0.99609375,video_06
q053,68.0,0.99560546875,video_06
q053,69.0,0.9951171875,video_06
q053,70.0,0.99462890625,video_06
q053,71.0,0.99609375,video_06
q053,72.0,0.99560546875,video_06
q053,73.0,0.99658203125,video_06
q053,74.0,0.99609375,video_06
q053,75.0,0.9951171875,video_06
q053,76.0,0.9970703125,video_06
q053,77.0,0.9970703125,video_06
q053,78.0,0.998046875,video_06
q053,79.0,0.9970703125,video_06
q053,80.0,0.99755859375,video_06
q053,81.0,0.99609375,video_06
q053,82.0,0.9931640625,video_06
q053,83.0,0.994140625,video_06
q053,84.0,0.99267578125,video_06
q053,85.0,0.99365234375,video_06
q053,86.0,0.99560546875,video_06
q053,87.0,0.99609375,video_06
q053,88.0,0.99462890625,video_06
q053,89.0,0.994140625,video_06
q053,90.0,0.99365234375,video_06
q053,91.0,0.99609375,video_06
q053,92.0,0.99658203125,video_06
q053,93.0,0.9970703125,video_06
q053,94.0,0.9970703125,video_06
q053,95.0,0.99658203125,video_06
q053,96.0,0.99609375,video_06
q053,97.0,0.99658203125,video_06
q053,98.0,0.99755859375,video_06
q053,99.0,0.998046875,video_06
q053,100.0,0.99853515625,video_06
q053,101.0,0.998046875,video_06
q053,102.0,0.99755859375,video_06
q053,103.0,0.99755859375,video_06
q053,104.0,0.998046875,video_06
q053,105.0,0.99755859375,video_06
q053,106.0,0.998046875,video_06
q053,107.0,0.99755859375,video_06
q053,108.0,0.99853515625,video_06
q053,109.0,0.99755859375,video_06
q053,110.0,0.99755859375,video_06
q053,111.0,0.99755859375,video_06
q053,112.0,0.998046875,video_06
q053,113.0,0.99755859375,video_06
q053,114.0,0.998046875,video_06
q053,115.0,0.998046875,video_06
q053,116.0,0.99755859375,video_06
q053,117.0,0.9970703125,video_06
q053,118.0,0.998046875,video_06
q053,119.0,0.998046875,video_06
q053,120.0,0.99951171875,video_06
q053,121.0,0.99951171875,video_06
q053,122.0,0.99951171875,video_06
q053,123.0,0.9990234375,video_06
q053,124.0,0.9990234375,video_06
q053,125.0,0.9990234375,video_06
q053,126.0,0.9990234375,video_06
q053,127.0,0.998046875,video_06
q053,128.0,0.99853515625,video_06
q053,129.0,0.9990234375,video_06
q053,130.0,0.99755859375,video_06
q053,131.0,0.99462890625,video_06
q053,132.0,0.9990234375,video_06
q053,133.0,0.9990234375,video_06
q053,134.0,0.9990234375,video_06
q053,135.0,0.9990234375,video_06
q053,136.0,0.9990234375,video_06
q053,137.0,0.9990234375,video_06
q053,138.0,0.9990234375,video_06
q053,139.0,0.9990234375,video_06
q053,140.0,0.9990234375,video_06
q053,141.0,0.9990234375,video_06
q053,142.0,0.9990234375,video_06
q053,143.0,0.9990234375,video_06
q053,144.0,0.99853515625,video_06
q053,145.0,0.9990234375,video_06
q053,146.0,0.9990234375,video_06
q053,147.0,0.9990234375,video_06
q053,148.0,0.9990234375,video_06
q053,149.0,0.99853515625,video_06
q053,150.0,0.99853515625,video_06
q053,151.0,0.9990234375,video_06
q053,152.0,0.99853515625,video_06
q053,153.0,0.99853515625,video_06
q053,154.0,0.99853515625,video_06
q053,155.0,0.99853515625,video_06
q053,156.0,0.9990234375,video_06
q053,157.0,0.99853515625,video_06
q053,158.0,0.99755859375,video_06
q053,159.0,0.998046875,video_06
q053,160.0,0.99755859375,video_06
q053,161.0,0.9990234375,video_06
q053,162.0,0.9990234375,video_06
q053,163.0,0.9990234375,video_06
q053,164.0,0.998046875,video_06
q053,165.0,0.99853515625,video_06
q053,166.0,0.9990234375,video_06
q053,167.0,0.9970703125,video_06
q053,168.0,0.9951171875,video_06
q053,169.0,0.99169921875,video_06
q053,170.0,0.853515625,video_06
q053,171.0,0.8115234375,video_06
q053,172.0,0.82177734375,video_06
q053,173.0,0.85693359375,video_06
q053,174.0,0.74267578125,video_06
q053,175.0,0.6748046875,video_06
q053,176.0,0.7470703125,video_06
q053,177.0,0.8779296875,video_06
q053,178.0,0.84130859375,video_06
q053,179.0,0.7939453125,video_06
q053,180.0,0.69970703125,video_06
q053,181.0,0.98828125,video_06
q053,182.0,0.99658203125,video_06
q053,183.0,0.99755859375,video_06
q053,184.0,0.98583984375,video_06
q053,185.0,0.99658203125,video_06
q053,186.0,0.99658203125,video_06
q053,187.0,0.9970703125,video_06
q053,188.0,0.998046875,video_06
q053,189.0,0.994140625,video_06
q053,190.0,0.72900390625,video_06
q053,191.0,0.7578125,video_06
q053,192.0,0.73681640625,video_06
q053,193.0,0.673828125,video_06
q053,194.0,0.69775390625,video_06
q053,195.0,0.693359375,video_06
q053,196.0,0.7255859375,video_06
q053,197.0,0.724609375,video_06
q053,198.0,0.75146484375,video_06
q053,199.0,0.849609375,video_06
q053,200.0,0.7802734375,video_06
q053,201.0,0.669921875,video_06
q053,202.0,0.63427734375,video_06
q053,203.0,0.71875,video_06
q053,204.0,0.7431640625,video_06
q053,205.0,0.73486328125,video_06
q053,206.0,0.77734375,video_06
q053,207.0,0.80615234375,video_06
q053,208.0,0.78369140625,video_06
q053,209.0,0.80126953125,video_06
q053,210.0,0.6767578125,video_06
q053,211.0,0.7529296875,video_06
q053,212.0,0.72412109375,video_06
q053,213.0,0.70166015625,video_06
q053,214.0,0.6982421875,video_06
q053,215.0,0.998046875,video_06
q053,216.0,0.9814453125,video_06
q053,217.0,0.73046875,video_06
q053,218.0,0.66552734375,video_06
q053,219.0,0.98974609375,video_06
q053,220.0,0.99560546875,video_06
q053,221.0,0.99658203125,video_06
q053,222.0,0.9833984375,video_06
q053,223.0,0.7099609375,video_06
q053,224.0,0.763671875,video_06
q053,225.0,0.99560546875,video_06
q053,226.0,0.99853515625,video_06
q053,227.0,0.8154296875,video_06
q053,228.0,0.85546875,video_06
q053,229.0,0.79150390625,video_06
q053,230.0,0.7431640625,video_06
q053,231.0,0.6572265625,video_06
q053,232.0,0.71826171875,video_06
q053,233.0,0.6953125,video_06
q053,234.0,0.6884765625,video_06
q053,235.0,0.736328125,video_06
q053,236.0,0.72216796875,video_06
q053,237.0,0.99560546875,video_06
q053,238.0,0.70166015625,video_06
q053,239.0,0.6982421875,video_06
q053,240.0,0.6806640625,video_06
q053,241.0,0.60205078125,video_06
q053,242.0,0.7080078125,video_06
q053,243.0,0.70166015625,video_06
q053,244.0,0.728515625,video_06
q053,245.0,0.6904296875,video_06
q053,246.0,0.72216796875,video_06
q053,247.0,0.77490234375,video_06
q053,248.0,0.7197265625,video_06
q053,249.0,0.67529296875,video_06
q053,250.0,0.7744140625,video_06
q053,251.0,0.77001953125,video_06
q053,252.0,0.64111328125,video_06
q053,253.0,0.73779296875,video_06
q053,254.0,0.8173828125,video_06
q053,255.0,0.82958984375,video_06
q053,256.0,0.77001953125,video_06
q053,257.0,0.7978515625,video_06
q054,0.0,0.712890625,video_06
q054,1.0,0.8671875,video_06
q054,2.0,0.8916015625,video_06
q054,3.0,0.89697265625,video_06
q054,4.0,0.9609375,video_06
q054,5.0,0.953125,video_06
q054,6.0,0.9619140625,video_06
q054,7.0,0.9482421875,video_06
q054,8.0,0.89111328125,video_06
q054,9.0,0.9052734375,video_06
q054,10.0,0.96044921875,video_06
q054,11.0,0.88720703125,video_06
q054,12.0,0.88330078125,video_06
q054,13.0,0.9111328125,video_06
q054,14.0,0.92333984375,video_06
q054,15.0,0.90771484375,video_06
q054,16.0,0.896484375,video_06
q054,17.0,0.88818359375,video_06
q054,18.0,0.84033203125,video_06
q054,19.0,0.88037109375,video_06
q054,20.0,0.9501953125,video_06
q054,21.0,0.87158203125,video_06
q054,22.0,0.7724609375,video_06
q054,23.0,0.73193359375,video_06
q054,24.0,0.85107421875,video_06
q054,25.0,0.8779296875,video_06
q054,26.0,0.728515625,video_06
q054,27.0,0.70947265625,video_06
q054,28.0,0.7392578125,video_06
q054,29.0,0.81005859375,video_06
q054,30.0,0.91357421875,video_06
q054,31.0,0.8994140625,video_06
q054,32.0,0.8818359375,video_06
q054,33.0,0.83251953125,video_06
q054,34.0,0.8095703125,video_06
q054,35.0,0.89111328125,video_06
q054,36.0,0.90087890625,video_06
q054,37.0,0.8642578125,video_06
q054,38.0,0.857421875,video_06
q054,39.0,0.896484375,video_06
q054,40.0,0.8876953125,video_06
q054,41.0,0.8798828125,video_06
q054,42.0,0.84619140625,video_06
q054,43.0,0.78955078125,video_06
q054,44.0,0.6650390625,video_06
q054,45.0,0.82763671875,video_06
q054,46.0,0.7861328125,video_06
q054,47.0,0.87646484375,video_06
q054,48.0,0.8828125,video_06
q054,49.0,0.88623046875,video_06
q054,50.0,0.91015625,video_06
q054,51.0,0.93896484375,video_06
q054,52.0,0.919921875,video_06
q054,53.0,0.93701171875,video_06
q054,54.0,0.9248046875,video_06
q054,55.0,0.8916015625,video_06
q054,56.0,0.78369140625,video_06
q054,57.0,0.8291015625,video_06
q054,58.0,0.82421875,video_06
q054,59.0,0.73193359375,video_06
q054,60.0,0.49169921875,video_06
q054,61.0,0.77587890625,video_06
q054,62.0,0.796875,video_06
q054,63.0,0.8330078125,video_06
q054,64.0,0.8818359375,video_06
q054,65.0,0.908203125,video_06
q054,66.0,0.943359375,video_06
q054,67.0,0.90380859375,video_06
q054,68.0,0.8798828125,video_06
q054,69.0,0.89404296875,video_06
q054,70.0,0.91650390625,video_06
q054,71.0,0.916015625,video_06
q054,72.0,0.90771484375,video_06
q054,73.0,0.58837890625,video_06
q054,74.0,0.55810546875,video_06
q054,75.0,0.5595703125,video_06
q054,76.0,0.7880859375,video_06
q054,77.0,0.73291015625,video_06
q054,78.0,0.7548828125,video_06
q054,79.0,0.74072265625,video_06
q054,80.0,0.76953125,video_06
q054,81.0,0.765625,video_06
q054,82.0,0.7685546875,video_06
q054,83.0,0.8447265625,video_06
q054,84.0,0.8701171875,video_06
q054,85.0,0.87451171875,video_06
q054,86.0,0.919921875,video_06
q054,87.0,0.91162109375,video_06
q054,88.0,0.82666015625,video_06
q054,89.0,0.8193359375,video_06
q054,90.0,0.826171875,video_06
q054,91.0,0.8984375,video_06
q054,92.0,0.81298828125,video_06
q054,93.0,0.8955078125,video_06
q054,94.0,0.892578125,video_06
q054,95.0,0.9365234375,video_06
q054,96.0,0.9091796875,video_06
q054,97.0,0.92236328125,video_06
q054,98.0,0.93603515625,video_06
q054,99.0,0.9541015625,video_06
q054,100.0,0.9453125,video_06
q054,101.0,0.9609375,video_06
q054,102.0,0.9482421875,video_06
q054,103.0,0.94287109375,video_06
q054,104.0,0.93212890625,video_06
q054,105.0,0.92822265625,video_06
q054,106.0,0.9326171875,video_06
q054,107.0,0.931640625,video_06
q054,108.0,0.9404296875,video_06
q054,109.0,0.9208984375,video_06
q054,110.0,0.935546875,video_06
q054,111.0,0.94677734375,video_06
q054,112.0,0.94091796875,video_06
q054,113.0,0.92724609375,video_06
q054,114.0,0.94384765625,video_06
q054,115.0,0.9384765625,video_06
q054,116.0,0.9140625,video_06
q054,117.0,0.9013671875,video_06
q054,118.0,0.951171875,video_06
q054,119.0,0.9619140625,video_06
q054,120.0,0.95654296875,video_06
q054,121.0,0.9775390625,video_06
q054,122.0,0.97265625,video_06
q054,123.0,0.9619140625,video_06
q054,124.0,0.9736328125,video_06
q054,125.0,0.974609375,video_06
q054,126.0,0.98828125,video_06
q054,127.0,0.9814453125,video_06
q054,128.0,0.98095703125,video_06
q054,129.0,0.9638671875,video_06
q054,130.0,0.970703125,video_06
q054,131.0,0.931640625,video_06
q054,132.0,0.97607421875,video_06
q054,133.0,0.96630859375,video_06
q054,134.0,0.93798828125,video_06
q054,135.0,0.96044921875,video_06
q054,136.0,0.95166015625,video_06
q054,137.0,0.974609375,video_06
q054,138.0,0.93505859375,video_06
q054,139.0,0.958984375,video_06
q054,140.0,0.97265625,video_06
q054,141.0,0.970703125,video_06
q054,142.0,0.9541015625,video_06
q054,143.0,0.96435546875,video_06
q054,144.0,0.95947265625,video_06
q054,145.0,0.97705078125,video_06
q054,146.0,0.974609375,video_06
q054,147.0,0.97900390625,video_06
q054,148.0,0.98095703125,video_06
q054,149.0,0.97216796875,video_06
q054,150.0,0.96044921875,video_06
q054,151.0,0.97705078125,video_06
q054,152.0,0.9599609375,video_06
q054,153.0,0.94775390625,video_06
q054,154.0,0.923828125,video_06
q054,155.0,0.955078125,video_06
q054,156.0,0.9638671875,video_06
q054,157.0,0.931640625,video_06
q054,158.0,0.9453125,video_06
q054,159.0,0.9140625,video_06
q054,160.0,0.9560546875,video_06
q054,161.0,0.89306640625,video_06
q054,162.0,0.96533203125,video_06
q054,163.0,0.91796875,video_06
q054,164.0,0.966796875,video_06
q054,165.0,0.9794921875,video_06
q054,166.0,0.98779296875,video_06
q054,167.0,0.9736328125,video_06
q054,168.0,0.84619140625,video_06
q054,169.0,0.970703125,video_06
q054,170.0,0.82568359375,video_06
q054,171.0,0.79296875,video_06
q054,172.0,0.81591796875,video_06
q054,173.0,0.8310546875,video_06
q054,174.0,0.73583984375,video_06
q054,175.0,0.69091796875,video_06
q054,176.0,0.70703125,video_06
q054,177.0,0.83740234375,video_06
q054,178.0,0.80029296875,video_06
q054,179.0,0.7578125,video_06
q054,180.0,0.7158203125,video_06
q054,181.0,0.93896484375,video_06
q054,182.0,0.97998046875,video_06
q054,183.0,0.9833984375,video_06
q054,184.0,0.9658203125,video_06
q054,185.0,0.982421875,video_06
q054,186.0,0.873046875,video_06
q054,187.0,0.712890625,video_06
q054,188.0,0.787109375,video_06
q054,189.0,0.9326171875,video_06
q054,190.0,0.74853515625,video_06
q054,191.0,0.7509765625,video_06
q054,192.0,0.7568359375,video_06
q054,193.0,0.67822265625,video_06
q054,194.0,0.67236328125,video_06
q054,195.0,0.71875,video_06
q054,196.0,0.7236328125,video_06
q054,197.0,0.7373046875,video_06
q054,198.0,0.74755859375,video_06
q054,199.0,0.796875,video_06
q054,200.0,0.74755859375,video_06
q054,201.0,0.677734375,video_06
q054,202.0,0.66552734375,video_06
q054,203.0,0.70703125,video_06
q054,204.0,0.7275390625,video_06
q054,205.0,0.75,video_06
q054,206.0,0.76123046875,video_06
q054,207.0,0.78564453125,video_06
q054,208.0,0.7509765625,video_06
q054,209.0,0.7666015625,video_06
q054,210.0,0.67578125,video_06
q054,211.0,0.70751953125,video_06
q054,212.0,0.68408203125,video_06
q054,213.0,0.67626953125,video_06
q054,214.0,0.67041015625,video_06
q054,215.0,0.9033203125,video_06
q054,216.0,0.896484375,video_06
q054,217.0,0.7109375,video_06
q054,218.0,0.68212890625,video_06
q054,219.0,0.9619140625,video_06
q054,220.0,0.9609375,video_06
q054,221.0,0.798828125,video_06
q054,222.0,0.81982421875,video_06
q054,223.0,0.71826171875,video_06
q054,224.0,0.74462890625,video_06
q054,225.0,0.94140625,video_06
q054,226.0,0.9384765625,video_06
q054,227.0,0.77490234375,video_06
q054,228.0,0.81787109375,video_06
q054,229.0,0.76708984375,video_06
q054,230.0,0.7548828125,video_06
q054,231.0,0.697265625,video_06
q054,232.0,0.7236328125,video_06
q054,233.0,0.7265625,video_06
q054,234.0,0.69677734375,video_06
q054,235.0,0.7314453125,video_06
q054,236.0,0.71240234375,video_06
q054,237.0,0.71923828125,video_06
q054,238.0,0.677734375,video_06
q054,239.0,0.6640625,video_06
q054,240.0,0.6728515625,video_06
q054,241.0,0.6240234375,video_06
q054,242.0,0.70556640625,video_06
q054,243.0,0.68603515625,video_06
q054,244.0,0.71240234375,video_06
q054,245.0,0.6796875,video_06
q054,246.0,0.69287109375,video_06
q054,247.0,0.75146484375,video_06
q054,248.0,0.697265625,video_06
q054,249.0,0.69384765625,video_06
q054,250.0,0.7607421875,video_06
q054,251.0,0.73828125,video_06
q054,252.0,0.6513671875,video_06
q054,253.0,0.72607421875,video_06
q054,254.0,0.79638671875,video_06
q054,255.0,0.78662109375,video_06
q054,256.0,0.7578125,video_06
q054,257.0,0.78564453125,video_06
q061,0.0,0.88525390625,video_07
q061,1.0,0.86328125,video_07
q061,2.0,0.8603515625,video_07
q061,3.0,0.7294921875,video_07
q061,4.0,0.7529296875,video_07
q061,5.0,0.73681640625,video_07
q061,6.0,0.81787109375,video_07
q061,7.0,0.8603515625,video_07
q061,8.0,0.86083984375,video_07
q061,9.0,0.83837890625,video_07
q061,10.0,0.69189453125,video_07
q061,11.0,0.7802734375,video_07
q061,12.0,0.75634765625,video_07
q061,13.0,0.82080078125,video_07
q061,14.0,0.79833984375,video_07
q061,15.0,0.81689453125,video_07
q061,16.0,0.75927734375,video_07
q061,17.0,0.66650390625,video_07
q061,18.0,0.73193359375,video_07
q061,19.0,0.5341796875,video_07
q061,20.0,0.56640625,video_07
q061,21.0,0.5595703125,video_07
q061,22.0,0.62255859375,video_07
q061,23.0,0.556640625,video_07
q061,24.0,0.6396484375,video_07
q061,25.0,0.6572265625,video_07
q061,26.0,0.58154296875,video_07
q061,27.0,0.6396484375,video_07
q061,28.0,0.59130859375,video_07
q061,29.0,0.5673828125,video_07
q061,30.0,0.56103515625,video_07
q061,31.0,0.52587890625,video_07
q061,32.0,0.548828125,video_07
q061,33.0,0.51171875,video_07
q061,34.0,0.57080078125,video_07
q061,35.0,0.51025390625,video_07
q061,36.0,0.56689453125,video_07
q061,37.0,0.54931640625,video_07
q061,38.0,0.53369140625,video_07
q061,39.0,0.50634765625,video_07
q061,40.0,0.6181640625,video_07
q061,41.0,0.5029296875,video_07
q061,42.0,0.55322265625,video_07
q061,43.0,0.626953125,video_07
q061,44.0,0.477783203125,video_07
q061,45.0,0.49755859375,video_07
q061,46.0,0.407470703125,video_07
q061,47.0,0.41015625,video_07
q061,48.0,0.5146484375,video_07
q061,49.0,0.495361328125,video_07
q061,50.0,0.54638671875,video_07
q061,51.0,0.61669921875,video_07
q061,52.0,0.56640625,video_07
q061,53.0,0.634765625,video_07
q061,54.0,0.7265625,video_07
q061,55.0,0.80224609375,video_07
q061,56.0,0.6201171875,video_07
q061,57.0,0.48046875,video_07
q061,58.0,0.6962890625,video_07
q061,59.0,0.72900390625,video_07
q061,60.0,0.64697265625,video_07
q061,61.0,0.75732421875,video_07
q061,62.0,0.775390625,video_07
q061,63.0,0.8017578125,video_07
q061,64.0,0.62646484375,video_07
q061,65.0,0.67529296875,video_07
q061,66.0,0.70703125,video_07
q061,67.0,0.841796875,video_07
q061,68.0,0.81005859375,video_07
q061,69.0,0.83447265625,video_07
q061,70.0,0.76806640625,video_07
q061,71.0,0.81005859375,video_07
q061,72.0,0.71923828125,video_07
q061,73.0,0.7001953125,video_07
q061,74.0,0.70263671875,video_07
q061,75.0,0.81689453125,video_07
q061,76.0,0.77783203125,video_07
q061,77.0,0.81494140625,video_07
q061,78.0,0.75830078125,video_07
q061,79.0,0.58837890625,video_07
q061,80.0,0.72607421875,video_07
q061,81.0,0.7177734375,video_07
q061,82.0,0.6845703125,video_07
q061,83.0,0.69482421875,video_07
q061,84.0,0.673828125,video_07
q061,85.0,0.67626953125,video_07
q061,86.0,0.7021484375,video_07
q061,87.0,0.6396484375,video_07
q061,88.0,0.4599609375,video_07
q061,89.0,0.47021484375,video_07
q061,90.0,0.818359375,video_07
q061,91.0,0.689453125,video_07
q061,92.0,0.78662109375,video_07
q061,93.0,0.724609375,video_07
q061,94.0,0.64111328125,video_07
q061,95.0,0.6240234375,video_07
q061,96.0,0.67578125,video_07
q061,97.0,0.7216796875,video_07
q061,98.0,0.5576171875,video_07
q061,99.0,0.68408203125,video_07
q061,100.0,0.7490234375,video_07
q061,101.0,0.56396484375,video_07
q061,102.0,0.6845703125,video_07
q061,103.0,0.59033203125,video_07
q061,104.0,0.64501953125,video_07
q061,105.0,0.611328125,video_07
q061,106.0,0.69384765625,video_07
q061,107.0,0.72705078125,video_07
q061,108.0,0.73583984375,video_07
q061,109.0,0.66357421875,video_07
q061,110.0,0.7822265625,video_07
q061,111.0,0.71923828125,video_07
q061,112.0,0.5859375,video_07
q061,113.0,0.66650390625,video_07
q061,114.0,0.51904296875,video_07
q061,115.0,0.6357421875,video_07
q061,116.0,0.68310546875,video_07
q061,117.0,0.65283203125,video_07
q061,118.0,0.66845703125,video_07
q061,119.0,0.716796875,video_07
q061,120.0,0.7568359375,video_07
q061,121.0,0.69580078125,video_07
q061,122.0,0.841796875,video_07
q061,123.0,0.68212890625,video_07
q061,124.0,0.685546875,video_07
q061,125.0,0.84130859375,video_07
q061,126.0,0.73681640625,video_07
q061,127.0,0.7822265625,video_07
q061,128.0,0.81591796875,video_07
q061,129.0,0.8291015625,video_07
q061,130.0,0.83154296875,video_07
q061,131.0,0.8486328125,video_07
q061,132.0,0.8447265625,video_07
q061,133.0,0.84326171875,video_07
q061,134.0,0.88232421875,video_07
q061,135.0,0.88427734375,video_07
q061,136.0,0.89990234375,video_07
q061,137.0,0.80615234375,video_07
q061,138.0,0.85302734375,video_07
q061,139.0,0.84521484375,video_07
q061,140.0,0.8359375,video_07
q061,141.0,0.89208984375,video_07
q061,142.0,0.90673828125,video_07
q061,143.0,0.8681640625,video_07
q061,144.0,0.85986328125,video_07
q061,145.0,0.857421875,video_07
q061,146.0,0.88818359375,video_07
q061,147.0,0.85693359375,video_07
q061,148.0,0.85546875,video_07
q061,149.0,0.9052734375,video_07
q061,150.0,0.9111328125,video_07
q061,151.0,0.91015625,video_07
q061,152.0,0.8994140625,video_07
q061,153.0,0.912109375,video_07
q061,154.0,0.90185546875,video_07
q061,155.0,0.86572265625,video_07
q061,156.0,0.85009765625,video_07
q061,157.0,0.89306640625,video_07
q061,158.0,0.89306640625,video_07
q061,159.0,0.90966796875,video_07
q061,160.0,0.9189453125,video_07
q061,161.0,0.89501953125,video_07
q061,162.0,0.86572265625,video_07
q061,163.0,0.88720703125,video_07
q061,164.0,0.830078125,video_07
q061,165.0,0.85107421875,video_07
q061,166.0,0.900390625,video_07
q061,167.0,0.890625,video_07
q061,168.0,0.85791015625,video_07
q061,169.0,0.88623046875,video_07
q061,170.0,0.74462890625,video_07
q061,171.0,0.77392578125,video_07
q061,172.0,0.765625,video_07
q061,173.0,0.6484375,video_07
q061,174.0,0.420166015625,video_07
q061,175.0,0.75,video_07
q061,176.0,0.89501953125,video_07
q061,177.0,0.8408203125,video_07
q061,178.0,0.85888671875,video_07
q061,179.0,0.912109375,video_07
q061,180.0,0.9541015625,video_07
q061,181.0,0.93408203125,video_07
q061,182.0,0.93359375,video_07
q061,183.0,0.890625,video_07
q061,184.0,0.92041015625,video_07
q061,185.0,0.63623046875,video_07
q061,186.0,0.5009765625,video_07
q061,187.0,0.71484375,video_07
q061,188.0,0.87060546875,video_07
q061,189.0,0.71875,video_07
q061,190.0,0.8017578125,video_07
q061,191.0,0.7373046875,video_07
q061,192.0,0.64697265625,video_07
q061,193.0,0.67041015625,video_07
q061,194.0,0.65771484375,video_07
q061,195.0,0.70068359375,video_07
q061,196.0,0.62548828125,video_07
q061,197.0,0.6474609375,video_07
q061,198.0,0.521484375,video_07
q061,199.0,0.49951171875,video_07
q061,200.0,0.6240234375,video_07
q061,201.0,0.55908203125,video_07
q061,202.0,0.66748046875,video_07
q061,203.0,0.56884765625,video_07
q061,204.0,0.54638671875,video_07
q061,205.0,0.58251953125,video_07
q061,206.0,0.5810546875,video_07
q061,207.0,0.6689453125,video_07
q061,208.0,0.638671875,video_07
q061,209.0,0.6279296875,video_07
q061,210.0,0.46728515625,video_07
q061,211.0,0.55615234375,video_07
q061,212.0,0.46533203125,video_07
q061,213.0,0.6376953125,video_07
q061,214.0,0.59716796875,video_07
q061,215.0,0.53662109375,video_07
q061,216.0,0.60302734375,video_07
q061,217.0,0.54296875,video_07
q061,218.0,0.5390625,video_07
q061,219.0,0.5517578125,video_07
q061,220.0,0.51611328125,video_07
q061,221.0,0.5244140625,video_07
q061,222.0,0.76220703125,video_07
q061,223.0,0.76171875,video_07
q061,224.0,0.7705078125,video_07
q061,225.0,0.78076171875,video_07
q061,226.0,0.853515625,video_07
q061,227.0,0.7548828125,video_07
q061,228.0,0.751953125,video_07
q061,229.0,0.869140625,video_07
q061,230.0,0.8427734375,video_07
q061,231.0,0.85205078125,video_07
q061,232.0,0.83447265625,video_07
q061,233.0,0.873046875,video_07
q061,234.0,0.9189453125,video_07
q061,235.0,0.8701171875,video_07
q061,236.0,0.90380859375,video_07
q061,237.0,0.88037109375,video_07
q061,238.0,0.91455078125,video_07
q061,239.0,0.92236328125,video_07
q061,240.0,0.923828125,video_07
q061,241.0,0.84423828125,video_07
q061,242.0,0.91650390625,video_07
q061,243.0,0.90771484375,video_07
q061,244.0,0.890625,video_07
q061,245.0,0.890625,video_07
q061,246.0,0.9296875,video_07
q061,247.0,0.88818359375,video_07
q061,248.0,0.89208984375,video_07
q061,249.0,0.89990234375,video_07
q061,250.0,0.865234375,video_07
q061,251.0,0.8984375,video_07
q061,252.0,0.876953125,video_07
q061,253.0,0.849609375,video_07
q061,254.0,0.89111328125,video_07
q061,255.0,0.85302734375,video_07
q061,256.0,0.89892578125,video_07
q061,257.0,0.92236328125,video_07
q061,258.0,0.93310546875,video_07
q061,259.0,0.90234375,video_07
q061,260.0,0.88037109375,video_07
q061,261.0,0.87255859375,video_07
q061,262.0,0.84326171875,video_07
q061,263.0,0.8818359375,video_07
q061,264.0,0.8876953125,video_07
q061,265.0,0.9033203125,video_07
q061,266.0,0.935546875,video_07
q061,267.0,0.92626953125,video_07
q061,268.0,0.93896484375,video_07
q061,269.0,0.9208984375,video_07
q061,270.0,0.9296875,video_07
q061,271.0,0.927734375,video_07
q061,272.0,0.88623046875,video_07
q061,273.0,0.90185546875,video_07
q061,274.0,0.84033203125,video_07
q061,275.0,0.76806640625,video_07
q061,276.0,0.8291015625,video_07
q061,277.0,0.74658203125,video_07
q061,278.0,0.75146484375,video_07
q061,279.0,0.68505859375,video_07
q061,280.0,0.73486328125,video_07
q061,281.0,0.76025390625,video_07
q061,282.0,0.80517578125,video_07
q061,283.0,0.6611328125,video_07
q061,284.0,0.70703125,video_07
q061,285.0,0.76416015625,video_07
q061,286.0,0.79736328125,video_07
q061,287.0,0.826171875,video_07
q061,288.0,0.8154296875,video_07
q061,289.0,0.8125,video_07
q061,290.0,0.837890625,video_07
q061,291.0,0.77734375,video_07
q061,292.0,0.8876953125,video_07
q061,293.0,0.84765625,video_07
q061,294.0,0.767578125,video_07
q061,295.0,0.8349609375,video_07
q061,296.0,0.822265625,video_07
q061,297.0,0.796875,video_07
q061,298.0,0.74169921875,video_07
q061,299.0,0.78173828125,video_07
q062,0.0,0.0192718505859375,video_07
q062,1.0,0.0165252685546875,video_07
q062,2.0,0.01666259765625,video_07
q062,3.0,0.0167236328125,video_07
q062,4.0,0.0276947021484375,video_07
q062,5.0,0.007488250732421875,video_07
q062,6.0,0.0182342529296875,video_07
q062,7.0,0.014007568359375,video_07
q062,8.0,0.0135345458984375,video_07
q062,9.0,0.01282501220703125,video_07
q062,10.0,0.015899658203125,video_07
q062,11.0,0.0083160400390625,video_07
q062,12.0,0.0115509033203125,video_07
q062,13.0,0.01085662841796875,video_07
q062,14.0,0.007843017578125,video_07
q062,15.0,0.015838623046875,video_07
q062,16.0,0.011505126953125,video_07
q062,17.0,0.019989013671875,video_07
q062,18.0,0.024139404296875,video_07
q062,19.0,0.02655029296875,video_07
q062,20.0,0.0180511474609375,video_07
q062,21.0,0.0257110595703125,video_07
q062,22.0,0.0197906494140625,video_07
q062,23.0,0.0255584716796875,video_07
q062,24.0,0.01358795166015625,video_07
q062,25.0,0.0115966796875,video_07
q062,26.0,0.0200653076171875,video_07
q062,27.0,0.021240234375,video_07
q062,28.0,0.01358795166015625,video_07
q062,29.0,0.00800323486328125,video_07
q062,30.0,0.01107025146484375,video_07
q062,31.0,0.00818634033203125,video_07
q062,32.0,0.00981903076171875,video_07
q062,33.0,0.023468017578125,video_07
q062,34.0,0.00812530517578125,video_07
q062,35.0,0.00881195068359375,video_07
q062,36.0,0.01056671142578125,video_07
q062,37.0,0.01078033447265625,video_07
q062,38.0,0.01073455810546875,video_07
q062,39.0,0.0102081298828125,video_07
q062,40.0,0.0125274658203125,video_07
q062,41.0,0.0200958251953125,video_07
q062,42.0,0.017852783203125,video_07
q062,43.0,0.02069091796875,video_07
q062,44.0,0.026153564453125,video_07
q062,45.0,0.02685546875,video_07
q062,46.0,0.0268096923828125,video_07
q062,47.0,0.0297088623046875,video_07
q062,48.0,0.028167724609375,video_07
q062,49.0,0.0165252685546875,video_07
q062,50.0,0.017913818359375,video_07
q062,51.0,0.07879638671875,video_07
q062,52.0,0.051177978515625,video_07
q062,53.0,0.0185089111328125,video_07
q062,54.0,0.0169830322265625,video_07
q062,55.0,0.01107025146484375,video_07
q062,56.0,0.0177154541015625,video_07
q062,57.0,0.03240966796875,video_07
q062,58.0,0.0115966796875,video_07
q062,59.0,0.0147857666015625,video_07
q062,60.0,0.0125732421875,video_07
q062,61.0,0.01233673095703125,video_07
q062,62.0,0.010528564453125,video_07
q062,63.0,0.0150146484375,video_07
q062,64.0,0.021942138671875,video_07
q062,65.0,0.030670166015625,video_07
q062,66.0,0.02288818359375,video_07
q062,67.0,0.0231475830078125,video_07
q062,68.0,0.01111602783203125,video_07
q062,69.0,0.0099334716796875,video_07
q062,70.0,0.006744384765625,video_07
q062,71.0,0.00955963134765625,video_07
q062,72.0,0.00763702392578125,video_07
q062,73.0,0.00690460205078125,video_07
q062,74.0,0.00815582275390625,video_07
q062,75.0,0.0070648193359375,video_07
q062,76.0,0.0083770751953125,video_07
q062,77.0,0.00878143310546875,video_07
q062,78.0,0.007843017578125,video_07
q062,79.0,0.011962890625,video_07
q062,80.0,0.01036834716796875,video_07
q062,81.0,0.00894927978515625,video_07
q062,82.0,0.0104522705078125,video_07
q062,83.0,0.018157958984375,video_07
q062,84.0,0.01678466796875,video_07
q062,85.0,0.010650634765625,video_07
q062,86.0,0.0156707763671875,video_07
q062,87.0,0.0137939453125,video_07
q062,88.0,0.00945281982421875,video_07
q062,89.0,0.0083465576171875,video_07
q062,90.0,0.01024627685546875,video_07
q062,91.0,0.020294189453125,video_07
q062,92.0,0.012969970703125,video_07
q062,93.0,0.01861572265625,video_07
q062,94.0,0.0221099853515625,video_07
q062,95.0,0.012237548828125,video_07
q062,96.0,0.01107025146484375,video_07
q062,97.0,0.020294189453125,video_07
q062,98.0,0.0236053466796875,video_07
q062,99.0,0.023193359375,video_07
q062,100.0,0.0203399658203125,video_07
q062,101.0,0.01111602783203125,video_07
q062,102.0,0.008880615234375,video_07
q062,103.0,0.01016998291015625,video_07
q062,104.0,0.007904052734375,video_07
q062,105.0,0.011871337890625,video_07
q062,106.0,0.006439208984375,video_07
q062,107.0,0.0116424560546875,video_07
q062,108.0,0.01306915283203125,video_07
q062,109.0,0.0150146484375,video_07
q062,110.0,0.00919342041015625,video_07
q062,111.0,0.0169219970703125,video_07
q062,112.0,0.030670166015625,video_07
q062,113.0,0.009857177734375,video_07
q062,114.0,0.005889892578125,video_07
q062,115.0,0.006931304931640625,video_07
q062,116.0,0.0094146728515625,video_07
q062,117.0,0.007122039794921875,video_07
q062,118.0,0.006877899169921875,video_07
q062,119.0,0.0135345458984375,video_07
q062,120.0,0.0137939453125,video_07
q062,121.0,0.01132965087890625,video_07
q062,122.0,0.0090179443359375,video_07
q062,123.0,0.0116424560546875,video_07
q062,124.0,0.013275146484375,video_07
q062,125.0,0.0188751220703125,video_07
q062,126.0,0.0068511962890625,video_07
q062,127.0,0.0169219970703125,video_07
q062,128.0,0.0147857666015625,video_07
q062,129.0,0.012237548828125,video_07
q062,130.0,0.01094818115234375,video_07
q062,131.0,0.01433563232421875,video_07
q062,132.0,0.01056671142578125,video_07
q062,133.0,0.00926971435546875,video_07
q062,134.0,0.0106964111328125,video_07
q062,135.0,0.0141143798828125,video_07
q062,136.0,0.058349609375,video_07
q062,137.0,0.012969970703125,video_07
q062,138.0,0.01348114013671875,video_07
q062,139.0,0.01512908935546875,video_07
q062,140.0,0.00511932373046875,video_07
q062,141.0,0.0095977783203125,video_07
q062,142.0,0.0069580078125,video_07
q062,143.0,0.01036834716796875,video_07
q062,144.0,0.00881195068359375,video_07
q062,145.0,0.00757598876953125,video_07
q062,146.0,0.02044677734375,video_07
q062,147.0,0.0078125,video_07
q062,148.0,0.00867462158203125,video_07
q062,149.0,0.00763702392578125,video_07
q062,150.0,0.00818634033203125,video_07
q062,151.0,0.00572967529296875,video_07
q062,152.0,0.007488250732421875,video_07
q062,153.0,0.0100555419921875,video_07
q062,154.0,0.00806427001953125,video_07
q062,155.0,0.00595855712890625,video_07
q062,156.0,0.007785797119140625,video_07
q062,157.0,0.01146697998046875,video_07
q062,158.0,0.00600433349609375,video_07
q062,159.0,0.00626373291015625,video_07
q062,160.0,0.0083465576171875,video_07
q062,161.0,0.01233673095703125,video_07
q062,162.0,0.00646209716796875,video_07
q062,163.0,0.0094146728515625,video_07
q062,164.0,0.0095977783203125,video_07
q062,165.0,0.007755279541015625,video_07
q062,166.0,0.00577545166015625,video_07
q062,167.0,0.0186920166015625,video_07
q062,168.0,0.012725830078125,video_07
q062,169.0,0.03179931640625,video_07
q062,170.0,0.033203125,video_07
q062,171.0,0.082275390625,video_07
q062,172.0,0.0207977294921875,video_07
q062,173.0,0.022674560546875,video_07
q062,174.0,0.0118255615234375,video_07
q062,175.0,0.010650634765625,video_07
q062,176.0,0.020599365234375,video_07
q062,177.0,0.01450347900390625,video_07
q062,178.0,0.0225830078125,video_07
q062,179.0,0.0222015380859375,video_07
q062,180.0,0.0150146484375,video_07
q062,181.0,0.0121917724609375,video_07
q062,182.0,0.01433563232421875,video_07
q062,183.0,0.0240478515625,video_07
q062,184.0,0.0182647705078125,video_07
q062,185.0,0.0162200927734375,video_07
q062,186.0,0.018096923828125,video_07
q062,187.0,0.01406097412109375,video_07
q062,188.0,0.014556884765625,video_07
q062,189.0,0.01337432861328125,video_07
q062,190.0,0.012237548828125,video_07
q062,191.0,0.01009368896484375,video_07
q062,192.0,0.01049041748046875,video_07
q062,193.0,0.01374053955078125,video_07
q062,194.0,0.015716552734375,video_07
q062,195.0,0.00818634033203125,video_07
q062,196.0,0.01306915283203125,video_07
q062,197.0,0.1114501953125,video_07
q062,198.0,0.05987548828125,video_07
q062,199.0,0.09124755859375,video_07
q062,200.0,0.08648681640625,video_07
q062,201.0,0.06561279296875,video_07
q062,202.0,0.057373046875,video_07
q062,203.0,0.060302734375,video_07
q062,204.0,0.046539306640625,video_07
q062,205.0,0.047607421875,video_07
q062,206.0,0.0504150390625,video_07
q062,207.0,0.0809326171875,video_07
q062,208.0,0.06756591796875,video_07
q062,209.0,0.13916015625,video_07
q062,210.0,0.06097412109375,video_07
q062,211.0,0.04510498046875,video_07
q062,212.0,0.047149658203125,video_07
q062,213.0,0.07794189453125,video_07
q062,214.0,0.06292724609375,video_07
q062,215.0,0.03582763671875,video_07
q062,216.0,0.0699462890625,video_07
q062,217.0,0.012481689453125,video_07
q062,218.0,0.052337646484375,video_07
q062,219.0,0.036224365234375,video_07
q062,220.0,0.0213623046875,video_07
q062,221.0,0.01971435546875,video_07
q062,222.0,0.06549072265625,video_07
q062,223.0,0.09930419921875,video_07
q062,224.0,0.0203704833984375,video_07
q062,225.0,0.016845703125,video_07
q062,226.0,0.01507568359375,video_07
q062,227.0,0.0174407958984375,video_07
q062,228.0,0.01422882080078125,video_07
q062,229.0,0.01374053955078125,video_07
q062,230.0,0.018646240234375,video_07
q062,231.0,0.01374053955078125,video_07
q062,232.0,0.02423095703125,video_07
q062,233.0,0.018157958984375,video_07
q062,234.0,0.021240234375,video_07
q062,235.0,0.023651123046875,video_07
q062,236.0,0.0165863037109375,video_07
q062,237.0,0.012725830078125,video_07
q062,238.0,0.0156707763671875,video_07
q062,239.0,0.01267242431640625,video_07
q062,240.0,0.01812744140625,video_07
q062,241.0,0.01560211181640625,video_07
q062,242.0,0.017303466796875,video_07
q062,243.0,0.023284912109375,video_07
q062,244.0,0.0180511474609375,video_07
q062,245.0,0.0177154541015625,video_07
q062,246.0,0.0181884765625,video_07
q062,247.0,0.031494140625,video_07
q062,248.0,0.03125,video_07
q062,249.0,0.0293731689453125,video_07
q062,250.0,0.0240478515625,video_07
q062,251.0,0.0297088623046875,video_07
q062,252.0,0.0169830322265625,video_07
q062,253.0,0.0247039794921875,video_07
q062,254.0,0.0312042236328125,video_07
q062,255.0,0.0226287841796875,video_07
q062,256.0,0.035888671875,video_07
q062,257.0,0.03448486328125,video_07
q062,258.0,0.046478271484375,video_07
q062,259.0,0.028656005859375,video_07
q062,260.0,0.02685546875,video_07
q062,261.0,0.04046630859375,video_07
q062,262.0,0.037322998046875,video_07
q062,263.0,0.03912353515625,video_07
q062,264.0,0.03173828125,video_07
q062,265.0,0.03271484375,video_07
q062,266.0,0.024566650390625,video_07
q062,267.0,0.0211181640625,video_07
q062,268.0,0.02069091796875,video_07
q062,269.0,0.024566650390625,video_07
q062,270.0,0.0240020751953125,video_07
q062,271.0,0.0184783935546875,video_07
q062,272.0,0.0292510986328125,video_07
q062,273.0,0.017242431640625,video_07
q062,274.0,0.0207672119140625,video_07
q062,275.0,0.0276336669921875,video_07
q062,276.0,0.01983642578125,video_07
q062,277.0,0.0197906494140625,video_07
q062,278.0,0.0225372314453125,video_07
q062,279.0,0.0184783935546875,video_07
q062,280.0,0.027435302734375,video_07
q062,281.0,0.03216552734375,video_07
q062,282.0,0.0303802490234375,video_07
q062,283.0,0.0284881591796875,video_07
q062,284.0,0.0193023681640625,video_07
q062,285.0,0.0225830078125,video_07
q062,286.0,0.017181396484375,video_07
q062,287.0,0.012237548828125,video_07
q062,288.0,0.03424072265625,video_07
q062,289.0,0.0226287841796875,video_07
q062,290.0,0.034423828125,video_07
q062,291.0,0.03277587890625,video_07
q062,292.0,0.033477783203125,video_07
q062,293.0,0.03802490234375,video_07
q062,294.0,0.0301055908203125,video_07
q062,295.0,0.0287017822265625,video_07
q062,296.0,0.0276336669921875,video_07
q062,297.0,0.027069091796875,video_07
q062,298.0,0.040313720703125,video_07
q062,299.0,0.042633056640625,video_07
q063,0.0,0.38134765625,video_07
q063,1.0,0.287109375,video_07
q063,2.0,0.30517578125,video_07
q063,3.0,0.390380859375,video_07
q063,4.0,0.434326171875,video_07
q063,5.0,0.243408203125,video_07
q063,6.0,0.343017578125,video_07
q063,7.0,0.290771484375,video_07
q063,8.0,0.2310791015625,video_07
q063,9.0,0.322265625,video_07
q063,10.0,0.26123046875,video_07
q063,11.0,0.3505859375,video_07
q063,12.0,0.29833984375,video_07
q063,13.0,0.392333984375,video_07
q063,14.0,0.3564453125,video_07
q063,15.0,0.4892578125,video_07
q063,16.0,0.346435546875,video_07
q063,17.0,0.41064453125,video_07
q063,18.0,0.47119140625,video_07
q063,19.0,0.408935546875,video_07
q063,20.0,0.323974609375,video_07
q063,21.0,0.435791015625,video_07
q063,22.0,0.345947265625,video_07
q063,23.0,0.5087890625,video_07
q063,24.0,0.430419921875,video_07
q063,25.0,0.409912109375,video_07
q063,26.0,0.466552734375,video_07
q063,27.0,0.439208984375,video_07
q063,28.0,0.351806640625,video_07
q063,29.0,0.319091796875,video_07
q063,30.0,0.2467041015625,video_07
q063,31.0,0.2027587890625,video_07
q063,32.0,0.22119140625,video_07
q063,33.0,0.229248046875,video_07
q063,34.0,0.2080078125,video_07
q063,35.0,0.2269287109375,video_07
q063,36.0,0.257568359375,video_07
q063,37.0,0.1990966796875,video_07
q063,38.0,0.23974609375,video_07
q063,39.0,0.304443359375,video_07
q063,40.0,0.387451171875,video_07
q063,41.0,0.6455078125,video_07
q063,42.0,0.7333984375,video_07
q063,43.0,0.7294921875,video_07
q063,44.0,0.59423828125,video_07
q063,45.0,0.2880859375,video_07
q063,46.0,0.21240234375,video_07
q063,47.0,0.262939453125,video_07
q063,48.0,0.2176513671875,video_07
q063,49.0,0.28369140625,video_07
q063,50.0,0.321533203125,video_07
q063,51.0,0.779296875,video_07
q063,52.0,0.544921875,video_07
q063,53.0,0.1292724609375,video_07
q063,54.0,0.1561279296875,video_07
q063,55.0,0.2303466796875,video_07
q063,56.0,0.1878662109375,video_07
q063,57.0,0.332763671875,video_07
q063,58.0,0.195556640625,video_07
q063,59.0,0.263671875,video_07
q063,60.0,0.237548828125,video_07
q063,61.0,0.1827392578125,video_07
q063,62.0,0.167724609375,video_07
q063,63.0,0.1553955078125,video_07
q063,64.0,0.1856689453125,video_07
q063,65.0,0.1806640625,video_07
q063,66.0,0.134033203125,video_07
q063,67.0,0.1656494140625,video_07
q063,68.0,0.1402587890625,video_07
q063,69.0,0.18310546875,video_07
q063,70.0,0.1954345703125,video_07
q063,71.0,0.181396484375,video_07
q063,72.0,0.1324462890625,video_07
q063,73.0,0.173828125,video_07
q063,74.0,0.1912841796875,video_07
q063,75.0,0.1798095703125,video_07
q063,76.0,0.2413330078125,video_07
q063,77.0,0.2047119140625,video_07
q063,78.0,0.2274169921875,video_07
q063,79.0,0.1868896484375,video_07
q063,80.0,0.270751953125,video_07
q063,81.0,0.237548828125,video_07
q063,82.0,0.2939453125,video_07
q063,83.0,0.26318359375,video_07
q063,84.0,0.1915283203125,video_07
q063,85.0,0.23681640625,video_07
q063,86.0,0.2188720703125,video_07
q063,87.0,0.1175537109375,video_07
q063,88.0,0.1697998046875,video_07
q063,89.0,0.128662109375,video_07
q063,90.0,0.1806640625,video_07
q063,91.0,0.1915283203125,video_07
q063,92.0,0.1915283203125,video_07
q063,93.0,0.1171875,video_07
q063,94.0,0.1580810546875,video_07
q063,95.0,0.1181640625,video_07
q063,96.0,0.1514892578125,video_07
q063,97.0,0.1827392578125,video_07
q063,98.0,0.184326171875,video_07
q063,99.0,0.25390625,video_07
q063,100.0,0.254150390625,video_07
q063,101.0,0.152099609375,video_07
q063,102.0,0.1531982421875,video_07
q063,103.0,0.1402587890625,video_07
q063,104.0,0.14697265625,video_07
q063,105.0,0.1312255859375,video_07
q063,106.0,0.151123046875,video_07
q063,107.0,0.18603515625,video_07
q063,108.0,0.182373046875,video_07
q063,109.0,0.1724853515625,video_07
q063,110.0,0.12890625,video_07
q063,111.0,0.1651611328125,video_07
q063,112.0,0.1451416015625,video_07
q063,113.0,0.1527099609375,video_07
q063,114.0,0.1629638671875,video_07
q063,115.0,0.14306640625,video_07
q063,116.0,0.163330078125,video_07
q063,117.0,0.153564453125,video_07
q063,118.0,0.10797119140625,video_07
q063,119.0,0.09619140625,video_07
q063,120.0,0.164306640625,video_07
q063,121.0,0.1405029296875,video_07
q063,122.0,0.1856689453125,video_07
q063,123.0,0.1929931640625,video_07
q063,124.0,0.20947265625,video_07
q063,125.0,0.18896484375,video_07
q063,126.0,0.2293701171875,video_07
q063,127.0,0.169189453125,video_07
q063,128.0,0.189697265625,video_07
q063,129.0,0.216064453125,video_07
q063,130.0,0.2322998046875,video_07
q063,131.0,0.1859130859375,video_07
q063,132.0,0.173095703125,video_07
q063,133.0,0.175537109375,video_07
q063,134.0,0.200439453125,video_07
q063,135.0,0.290771484375,video_07
q063,136.0,0.3310546875,video_07
q063,137.0,0.306640625,video_07
q063,138.0,0.254150390625,video_07
q063,139.0,0.263916015625,video_07
q063,140.0,0.2132568359375,video_07
q063,141.0,0.2469482421875,video_07
q063,142.0,0.31103515625,video_07
q063,143.0,0.33935546875,video_07
q063,144.0,0.3115234375,video_07
q063,145.0,0.302490234375,video_07
q063,146.0,0.386474609375,video_07
q063,147.0,0.307861328125,video_07
q063,148.0,0.319580078125,video_07
q063,149.0,0.2568359375,video_07
q063,150.0,0.265380859375,video_07
q063,151.0,0.204833984375,video_07
q063,152.0,0.259033203125,video_07
q063,153.0,0.257080078125,video_07
q063,154.0,0.282470703125,video_07
q063,155.0,0.24365234375,video_07
q063,156.0,0.2301025390625,video_07
q063,157.0,0.302978515625,video_07
q063,158.0,0.2108154296875,video_07
q063,159.0,0.228271484375,video_07
q063,160.0,0.267578125,video_07
q063,161.0,0.2100830078125,video_07
q063,162.0,0.13623046875,video_07
q063,163.0,0.156982421875,video_07
q063,164.0,0.21044921875,video_07
q063,165.0,0.2447509765625,video_07
q063,166.0,0.240478515625,video_07
q063,167.0,0.271728515625,video_07
q063,168.0,0.51904296875,video_07
q063,169.0,0.37890625,video_07
q063,170.0,0.403564453125,video_07
q063,171.0,0.70703125,video_07
q063,172.0,0.4072265625,video_07
q063,173.0,0.37255859375,video_07
q063,174.0,0.5166015625,video_07
q063,175.0,0.619140625,video_07
q063,176.0,0.79345703125,video_07
q063,177.0,0.830078125,video_07
q063,178.0,0.87109375,video_07
q063,179.0,0.88427734375,video_07
q063,180.0,0.85595703125,video_07
q063,181.0,0.818359375,video_07
q063,182.0,0.82080078125,video_07
q063,183.0,0.90673828125,video_07
q063,184.0,0.91552734375,video_07
q063,185.0,0.85595703125,video_07
q063,186.0,0.853515625,video_07
q063,187.0,0.84375,video_07
q063,188.0,0.8017578125,video_07
q063,189.0,0.78076171875,video_07
q063,190.0,0.71728515625,video_07
q063,191.0,0.5869140625,video_07
q063,192.0,0.529296875,video_07
q063,193.0,0.7255859375,video_07
q063,194.0,0.60400390625,video_07
q063,195.0,0.5224609375,video_07
q063,196.0,0.7060546875,video_07
q063,197.0,0.556640625,video_07
q063,198.0,0.5107421875,video_07
q063,199.0,0.296142578125,video_07
q063,200.0,0.358154296875,video_07
q063,201.0,0.16748046875,video_07
q063,202.0,0.126953125,video_07
q063,203.0,0.193603515625,video_07
q063,204.0,0.153076171875,video_07
q063,205.0,0.180419921875,video_07
q063,206.0,0.21044921875,video_07
q063,207.0,0.152587890625,video_07
q063,208.0,0.1429443359375,video_07
q063,209.0,0.49951171875,video_07
q063,210.0,0.322998046875,video_07
q063,211.0,0.2060546875,video_07
q063,212.0,0.1761474609375,video_07
q063,213.0,0.288818359375,video_07
q063,214.0,0.64404296875,video_07
q063,215.0,0.5498046875,video_07
q063,216.0,0.5732421875,video_07
q063,217.0,0.489990234375,video_07
q063,218.0,0.347900390625,video_07
q063,219.0,0.609375,video_07
q063,220.0,0.45556640625,video_07
q063,221.0,0.642578125,video_07
q063,222.0,0.546875,video_07
q063,223.0,0.463623046875,video_07
q063,224.0,0.484130859375,video_07
q063,225.0,0.320068359375,video_07
q063,226.0,0.32958984375,video_07
q063,227.0,0.26416015625,video_07
q063,228.0,0.284912109375,video_07
q063,229.0,0.313232421875,video_07
q063,230.0,0.35107421875,video_07
q063,231.0,0.305419921875,video_07
q063,232.0,0.402587890625,video_07
q063,233.0,0.486572265625,video_07
q063,234.0,0.390380859375,video_07
q063,235.0,0.344482421875,video_07
q063,236.0,0.1981201171875,video_07
q063,237.0,0.1939697265625,video_07
q063,238.0,0.2384033203125,video_07
q063,239.0,0.2080078125,video_07
q063,240.0,0.218505859375,video_07
q063,241.0,0.1959228515625,video_07
q063,242.0,0.287353515625,video_07
q063,243.0,0.2137451171875,video_07
q063,244.0,0.2142333984375,video_07
q063,245.0,0.2666015625,video_07
q063,246.0,0.251953125,video_07
q063,247.0,0.273681640625,video_07
q063,248.0,0.228271484375,video_07
q063,249.0,0.305908203125,video_07
q063,250.0,0.2454833984375,video_07
q063,251.0,0.364501953125,video_07
q063,252.0,0.2474365234375,video_07
q063,253.0,0.286376953125,video_07
q063,254.0,0.29736328125,video_07
q063,255.0,0.31298828125,video_07
q063,256.0,0.290771484375,video_07
q063,257.0,0.2366943359375,video_07
q063,258.0,0.2626953125,video_07
q063,259.0,0.272705078125,video_07
q063,260.0,0.25732421875,video_07
q063,261.0,0.271240234375,video_07
q063,262.0,0.2335205078125,video_07
q063,263.0,0.255615234375,video_07
q063,264.0,0.342529296875,video_07
q063,265.0,0.3642578125,video_07
q063,266.0,0.398193359375,video_07
q063,267.0,0.286865234375,video_07
q063,268.0,0.31591796875,video_07
q063,269.0,0.3349609375,video_07
q063,270.0,0.357421875,video_07
q063,271.0,0.258056640625,video_07
q063,272.0,0.4384765625,video_07
q063,273.0,0.33154296875,video_07
q063,274.0,0.26123046875,video_07
q063,275.0,0.252197265625,video_07
q063,276.0,0.1806640625,video_07
q063,277.0,0.285888671875,video_07
q063,278.0,0.286865234375,video_07
q063,279.0,0.249267578125,video_07
q063,280.0,0.21142578125,video_07
q063,281.0,0.296875,video_07
q063,282.0,0.30908203125,video_07
q063,283.0,0.274169921875,video_07
q063,284.0,0.27392578125,video_07
q063,285.0,0.230224609375,video_07
q063,286.0,0.289306640625,video_07
q063,287.0,0.266845703125,video_07
q063,288.0,0.350830078125,video_07
q063,289.0,0.361328125,video_07
q063,290.0,0.397216796875,video_07
q063,291.0,0.440185546875,video_07
q063,292.0,0.34716796875,video_07
q063,293.0,0.376953125,video_07
q063,294.0,0.34326171875,video_07
q063,295.0,0.37255859375,video_07
q063,296.0,0.389892578125,video_07
q063,297.0,0.327880859375,video_07
q063,298.0,0.31787109375,video_07
q063,299.0,0.319580078125,video_07
q070,0.0,0.99951171875,video_08
q070,1.0,1.0,video_08
q070,2.0,1.0,video_08
q070,3.0,1.0,video_08
q070,4.0,1.0,video_08
q070,5.0,1.0,video_08
q070,6.0,1.0,video_08
q070,7.0,1.0,video_08
q070,8.0,1.0,video_08
q070,9.0,1.0,video_08
q070,10.0,1.0,video_08
q070,11.0,1.0,video_08
q070,12.0,1.0,video_08
q070,13.0,1.0,video_08
q070,14.0,1.0,video_08
q070,15.0,1.0,video_08
q070,16.0,1.0,video_08
q070,17.0,1.0,video_08
q070,18.0,1.0,video_08
q070,19.0,1.0,video_08
q070,20.0,1.0,video_08
q070,21.0,1.0,video_08
q070,22.0,1.0,video_08
q070,23.0,1.0,video_08
q070,24.0,1.0,video_08
q070,25.0,1.0,video_08
q070,26.0,1.0,video_08
q070,27.0,1.0,video_08
q070,28.0,1.0,video_08
q070,29.0,1.0,video_08
q070,30.0,1.0,video_08
q070,31.0,1.0,video_08
q070,32.0,1.0,video_08
q070,33.0,1.0,video_08
q070,34.0,1.0,video_08
q070,35.0,1.0,video_08
q070,36.0,1.0,video_08
q070,37.0,1.0,video_08
q070,38.0,1.0,video_08
q070,39.0,1.0,video_08
q070,40.0,1.0,video_08
q070,41.0,0.99951171875,video_08
q070,42.0,1.0,video_08
q070,43.0,0.99951171875,video_08
q070,44.0,0.99951171875,video_08
q070,45.0,0.99951171875,video_08
q070,46.0,1.0,video_08
q070,47.0,1.0,video_08
q070,48.0,1.0,video_08
q070,49.0,1.0,video_08
q070,50.0,0.99951171875,video_08
q070,51.0,1.0,video_08
q070,52.0,1.0,video_08
q070,53.0,0.99951171875,video_08
q070,54.0,1.0,video_08
q070,55.0,1.0,video_08
q070,56.0,1.0,video_08
q070,57.0,1.0,video_08
q070,58.0,1.0,video_08
q070,59.0,1.0,video_08
q070,60.0,1.0,video_08
q070,61.0,1.0,video_08
q070,62.0,1.0,video_08
q070,63.0,1.0,video_08
q070,64.0,1.0,video_08
q070,65.0,0.99951171875,video_08
q070,66.0,1.0,video_08
q070,67.0,1.0,video_08
q070,68.0,1.0,video_08
q070,69.0,1.0,video_08
q070,70.0,1.0,video_08
q070,71.0,1.0,video_08
q070,72.0,1.0,video_08
q070,73.0,1.0,video_08
q070,74.0,1.0,video_08
q070,75.0,1.0,video_08
q070,76.0,1.0,video_08
q070,77.0,1.0,video_08
q070,78.0,1.0,video_08
q070,79.0,1.0,video_08
q070,80.0,1.0,video_08
q070,81.0,1.0,video_08
q070,82.0,1.0,video_08
q070,83.0,1.0,video_08
q070,84.0,1.0,video_08
q070,85.0,1.0,video_08
q070,86.0,1.0,video_08
q070,87.0,1.0,video_08
q070,88.0,1.0,video_08
q070,89.0,1.0,video_08
q070,90.0,1.0,video_08
q070,91.0,1.0,video_08
q070,92.0,1.0,video_08
q070,93.0,1.0,video_08
q070,94.0,1.0,video_08
q070,95.0,1.0,video_08
q070,96.0,1.0,video_08
q070,97.0,1.0,video_08
q070,98.0,1.0,video_08
q070,99.0,1.0,video_08
q070,100.0,1.0,video_08
q070,101.0,1.0,video_08
q070,102.0,1.0,video_08
q070,103.0,1.0,video_08
q070,104.0,1.0,video_08
q070,105.0,1.0,video_08
q070,106.0,1.0,video_08
q070,107.0,1.0,video_08
q070,108.0,1.0,video_08
q070,109.0,1.0,video_08
q070,110.0,1.0,video_08
q070,111.0,1.0,video_08
q070,112.0,1.0,video_08
q070,113.0,1.0,video_08
q070,114.0,1.0,video_08
q070,115.0,1.0,video_08
q070,116.0,1.0,video_08
q070,117.0,1.0,video_08
q070,118.0,1.0,video_08
q070,119.0,1.0,video_08
q070,120.0,1.0,video_08
q070,121.0,1.0,video_08
q070,122.0,1.0,video_08
q070,123.0,1.0,video_08
q070,124.0,1.0,video_08
q070,125.0,1.0,video_08
q070,126.0,1.0,video_08
q070,127.0,1.0,video_08
q070,128.0,1.0,video_08
q070,129.0,1.0,video_08
q070,130.0,1.0,video_08
q070,131.0,1.0,video_08
q070,132.0,1.0,video_08
q070,133.0,1.0,video_08
q070,134.0,1.0,video_08
q070,135.0,1.0,video_08
q070,136.0,1.0,video_08
q070,137.0,1.0,video_08
q070,138.0,1.0,video_08
q070,139.0,1.0,video_08
q070,140.0,1.0,video_08
q070,141.0,1.0,video_08
q070,142.0,1.0,video_08
q070,143.0,1.0,video_08
q070,144.0,1.0,video_08
q070,145.0,1.0,video_08
q070,146.0,1.0,video_08
q070,147.0,1.0,video_08
q070,148.0,1.0,video_08
q070,149.0,1.0,video_08
q070,150.0,1.0,video_08
q070,151.0,1.0,video_08
q070,152.0,1.0,video_08
q070,153.0,1.0,video_08
q070,154.0,1.0,video_08
q070,155.0,1.0,video_08
q070,156.0,1.0,video_08
q070,157.0,1.0,video_08
q070,158.0,1.0,video_08
q070,159.0,1.0,video_08
q070,160.0,1.0,video_08
q070,161.0,1.0,video_08
q070,162.0,1.0,video_08
q070,163.0,1.0,video_08
q070,164.0,1.0,video_08
q070,165.0,1.0,video_08
q070,166.0,1.0,video_08
q070,167.0,1.0,video_08
q070,168.0,1.0,video_08
q070,169.0,1.0,video_08
q070,170.0,1.0,video_08
q070,171.0,1.0,video_08
q070,172.0,1.0,video_08
q070,173.0,1.0,video_08
q070,174.0,1.0,video_08
q070,175.0,1.0,video_08
q070,176.0,1.0,video_08
q070,177.0,1.0,video_08
q070,178.0,1.0,video_08
q070,179.0,0.99951171875,video_08
q070,180.0,1.0,video_08
q070,181.0,1.0,video_08
q070,182.0,1.0,video_08
q070,183.0,0.99951171875,video_08
q070,184.0,1.0,video_08
q070,185.0,1.0,video_08
q070,186.0,1.0,video_08
q070,187.0,1.0,video_08
q070,188.0,0.99951171875,video_08
q070,189.0,1.0,video_08
q070,190.0,0.99951171875,video_08
q070,191.0,0.99951171875,video_08
q070,192.0,0.99951171875,video_08
q070,193.0,0.99951171875,video_08
q070,194.0,0.99951171875,video_08
q070,195.0,0.99951171875,video_08
q070,196.0,0.99951171875,video_08
q070,197.0,0.99951171875,video_08
q070,198.0,0.99951171875,video_08
q070,199.0,0.99951171875,video_08
q070,200.0,0.99951171875,video_08
q070,201.0,0.99951171875,video_08
q070,202.0,1.0,video_08
q070,203.0,1.0,video_08
q070,204.0,1.0,video_08
q070,205.0,0.99951171875,video_08
q070,206.0,1.0,video_08
q070,207.0,1.0,video_08
q070,208.0,1.0,video_08
q070,209.0,1.0,video_08
q070,210.0,1.0,video_08
q070,211.0,1.0,video_08
q070,212.0,1.0,video_08
q070,213.0,1.0,video_08
q070,214.0,0.99951171875,video_08
q070,215.0,0.99951171875,video_08
q070,216.0,1.0,video_08
q070,217.0,1.0,video_08
q070,218.0,1.0,video_08
q070,219.0,0.99951171875,video_08
q070,220.0,0.99951171875,video_08
q070,221.0,0.99951171875,video_08
q070,222.0,0.99951171875,video_08
q070,223.0,0.99951171875,video_08
q070,224.0,0.99951171875,video_08
q070,225.0,0.99951171875,video_08
q070,226.0,1.0,video_08
q070,227.0,1.0,video_08
q070,228.0,1.0,video_08
q070,229.0,1.0,video_08
q070,230.0,1.0,video_08
q070,231.0,1.0,video_08
q070,232.0,1.0,video_08
q070,233.0,1.0,video_08
q070,234.0,1.0,video_08
q070,235.0,1.0,video_08
q070,236.0,1.0,video_08
q070,237.0,1.0,video_08
q070,238.0,1.0,video_08
q070,239.0,1.0,video_08
q070,240.0,1.0,video_08
q070,241.0,1.0,video_08
q070,242.0,0.9990234375,video_08
q070,243.0,0.99853515625,video_08
q070,244.0,0.998046875,video_08
q070,245.0,0.99755859375,video_08
q070,246.0,0.9990234375,video_08
q070,247.0,0.9990234375,video_08
q070,248.0,0.998046875,video_08
q070,249.0,0.998046875,video_08
q070,250.0,0.99853515625,video_08
q070,251.0,0.9990234375,video_08
q070,252.0,0.99853515625,video_08
q070,253.0,0.99853515625,video_08
q070,254.0,0.99755859375,video_08
q070,255.0,0.998046875,video_08
q070,256.0,0.99853515625,video_08
q070,257.0,0.99853515625,video_08
q070,258.0,0.99853515625,video_08
q070,259.0,0.998046875,video_08
q070,260.0,0.9990234375,video_08
q070,261.0,0.99853515625,video_08
q070,262.0,0.99853515625,video_08
q070,263.0,0.99853515625,video_08
q070,264.0,0.99853515625,video_08
q070,265.0,0.99755859375,video_08
q070,266.0,0.998046875,video_08
q070,267.0,0.99755859375,video_08
q070,268.0,0.9990234375,video_08
q070,269.0,0.98828125,video_08
q070,270.0,0.71533203125,video_08
q070,271.0,0.65576171875,video_08
q070,272.0,0.6796875,video_08
q070,273.0,0.68115234375,video_08
q070,274.0,0.6923828125,video_08
q070,275.0,0.6318359375,video_08
q070,276.0,0.990234375,video_08
q070,277.0,0.9990234375,video_08
q070,278.0,0.99951171875,video_08
q070,279.0,0.99951171875,video_08
q070,280.0,0.99951171875,video_08
q070,281.0,0.99951171875,video_08
q070,282.0,1.0,video_08
q070,283.0,1.0,video_08
q070,284.0,1.0,video_08
q070,285.0,1.0,video_08
q070,286.0,1.0,video_08
q070,287.0,1.0,video_08
q070,288.0,1.0,video_08
q070,289.0,1.0,video_08
q070,290.0,1.0,video_08
q070,291.0,1.0,video_08
q070,292.0,1.0,video_08
q070,293.0,1.0,video_08
q070,294.0,1.0,video_08
q070,295.0,1.0,video_08
q070,296.0,1.0,video_08
q070,297.0,0.99951171875,video_08
q070,298.0,0.99951171875,video_08
q071,0.0,0.45654296875,video_08
q071,1.0,0.3623046875,video_08
q071,2.0,0.349853515625,video_08
q071,3.0,0.1895751953125,video_08
q071,4.0,0.230224609375,video_08
q071,5.0,0.24658203125,video_08
q071,6.0,0.235107421875,video_08
q071,7.0,0.271728515625,video_08
q071,8.0,0.18798828125,video_08
q071,9.0,0.30224609375,video_08
q071,10.0,0.1834716796875,video_08
q071,11.0,0.158935546875,video_08
q071,12.0,0.155517578125,video_08
q071,13.0,0.1663818359375,video_08
q071,14.0,0.1375732421875,video_08
q071,15.0,0.182861328125,video_08
q071,16.0,0.216064453125,video_08
q071,17.0,0.26025390625,video_08
q071,18.0,0.314208984375,video_08
q071,19.0,0.322509765625,video_08
q071,20.0,0.271484375,video_08
q071,21.0,0.323974609375,video_08
q071,22.0,0.459228515625,video_08
q071,23.0,0.1724853515625,video_08
q071,24.0,0.259521484375,video_08
q071,25.0,0.2288818359375,video_08
q071,26.0,0.2469482421875,video_08
q071,27.0,0.2149658203125,video_08
q071,28.0,0.262939453125,video_08
q071,29.0,0.23779296875,video_08
q071,30.0,0.17236328125,video_08
q071,31.0,0.150390625,video_08
q071,32.0,0.1942138671875,video_08
q071,33.0,0.2939453125,video_08
q071,34.0,0.40576171875,video_08
q071,35.0,0.199951171875,video_08
q071,36.0,0.232177734375,video_08
q071,37.0,0.2366943359375,video_08
q071,38.0,0.22265625,video_08
q071,39.0,0.271484375,video_08
q071,40.0,0.2125244140625,video_08
q071,41.0,0.2724609375,video_08
q071,42.0,0.297119140625,video_08
q071,43.0,0.34716796875,video_08
q071,44.0,0.2744140625,video_08
q071,45.0,0.259033203125,video_08
q071,46.0,0.2305908203125,video_08
q071,47.0,0.19482421875,video_08
q071,48.0,0.2401123046875,video_08
q071,49.0,0.189697265625,video_08
q071,50.0,0.2445068359375,video_08
q071,51.0,0.2181396484375,video_08
q071,52.0,0.2393798828125,video_08
q071,53.0,0.1966552734375,video_08
q071,54.0,0.280029296875,video_08
q071,55.0,0.188232421875,video_08
q071,56.0,0.192138671875,video_08
q071,57.0,0.1336669921875,video_08
q071,58.0,0.1663818359375,video_08
q071,59.0,0.1842041015625,video_08
q071,60.0,0.152099609375,video_08
q071,61.0,0.16845703125,video_08
q071,62.0,0.2138671875,video_08
q071,63.0,0.266357421875,video_08
q071,64.0,0.2152099609375,video_08
q071,65.0,0.2432861328125,video_08
q071,66.0,0.24658203125,video_08
q071,67.0,0.2239990234375,video_08
q071,68.0,0.198974609375,video_08
q071,69.0,0.2115478515625,video_08
q071,70.0,0.59375,video_08
q071,71.0,0.499267578125,video_08
q071,72.0,0.1795654296875,video_08
q071,73.0,0.2021484375,video_08
q071,74.0,0.476806640625,video_08
q071,75.0,0.28515625,video_08
q071,76.0,0.4169921875,video_08
q071,77.0,0.25244140625,video_08
q071,78.0,0.223876953125,video_08
q071,79.0,0.7392578125,video_08
q071,80.0,0.4052734375,video_08
q071,81.0,0.4189453125,video_08
q071,82.0,0.359130859375,video_08
q071,83.0,0.1739501953125,video_08
q071,84.0,0.32177734375,video_08
q071,85.0,0.179443359375,video_08
q071,86.0,0.3994140625,video_08
q071,87.0,0.2093505859375,video_08
q071,88.0,0.1414794921875,video_08
q071,89.0,0.19580078125,video_08
q071,90.0,0.1802978515625,video_08
q071,91.0,0.1396484375,video_08
q071,92.0,0.423095703125,video_08
q071,93.0,0.1536865234375,video_08
q071,94.0,0.3798828125,video_08
q071,95.0,0.2216796875,video_08
q071,96.0,0.246337890625,video_08
q071,97.0,0.3701171875,video_08
q071,98.0,0.1976318359375,video_08
q071,99.0,0.219970703125,video_08
q071,100.0,0.12115478515625,video_08
q071,101.0,0.1585693359375,video_08
q071,102.0,0.2293701171875,video_08
q071,103.0,0.141845703125,video_08
q071,104.0,0.1629638671875,video_08
q071,105.0,0.179443359375,video_08
q071,106.0,0.2119140625,video_08
q071,107.0,0.215576171875,video_08
q071,108.0,0.259765625,video_08
q071,109.0,0.1929931640625,video_08
q071,110.0,0.2108154296875,video_08
q071,111.0,0.1573486328125,video_08
q071,112.0,0.1500244140625,video_08
q071,113.0,0.1988525390625,video_08
q071,114.0,0.2125244140625,video_08
q071,115.0,0.1568603515625,video_08
q071,116.0,0.1370849609375,video_08
q071,117.0,0.1385498046875,video_08
q071,118.0,0.162109375,video_08
q071,119.0,0.16015625,video_08
q071,120.0,0.1573486328125,video_08
q071,121.0,0.1492919921875,video_08
q071,122.0,0.1729736328125,video_08
q071,123.0,0.68212890625,video_08
q071,124.0,0.303466796875,video_08
q071,125.0,0.297119140625,video_08
q071,126.0,0.1915283203125,video_08
q071,127.0,0.2100830078125,video_08
q071,128.0,0.2293701171875,video_08
q071,129.0,0.2015380859375,video_08
q071,130.0,0.15673828125,video_08
q071,131.0,0.3056640625,video_08
q071,132.0,0.2010498046875,video_08
q071,133.0,0.5146484375,video_08
q071,134.0,0.1500244140625,video_08
q071,135.0,0.2208251953125,video_08
q071,136.0,0.2113037109375,video_08
q071,137.0,0.2476806640625,video_08
q071,138.0,0.28076171875,video_08
q071,139.0,0.276611328125,video_08
q071,140.0,0.30615234375,video_08
q071,141.0,0.87841796875,video_08
q071,142.0,0.358154296875,video_08
q071,143.0,0.61181640625,video_08
q071,144.0,0.2242431640625,video_08
q071,145.0,0.1802978515625,video_08
q071,146.0,0.261474609375,video_08
q071,147.0,0.284423828125,video_08
q071,148.0,0.2156982421875,video_08
q071,149.0,0.1292724609375,video_08
q071,150.0,0.458251953125,video_08
q071,151.0,0.28271484375,video_08
q071,152.0,0.128173828125,video_08
q071,153.0,0.1363525390625,video_08
q071,154.0,0.143310546875,video_08
q071,155.0,0.1661376953125,video_08
q071,156.0,0.148681640625,video_08
q071,157.0,0.164306640625,video_08
q071,158.0,0.1766357421875,video_08
q071,159.0,0.407470703125,video_08
q071,160.0,0.2301025390625,video_08
q071,161.0,0.1368408203125,video_08
q071,162.0,0.2080078125,video_08
q071,163.0,0.2362060546875,video_08
q071,164.0,0.1441650390625,video_08
q071,165.0,0.1473388671875,video_08
q071,166.0,0.206298828125,video_08
q071,167.0,0.1280517578125,video_08
q071,168.0,0.146240234375,video_08
q071,169.0,0.21533203125,video_08
q071,170.0,0.2034912109375,video_08
q071,171.0,0.1683349609375,video_08
q071,172.0,0.267822265625,video_08
q071,173.0,0.377197265625,video_08
q071,174.0,0.1871337890625,video_08
q071,175.0,0.234375,video_08
q071,176.0,0.20166015625,video_08
q071,177.0,0.266357421875,video_08
q071,178.0,0.24365234375,video_08
q071,179.0,0.2452392578125,video_08
q071,180.0,0.17236328125,video_08
q071,181.0,0.1983642578125,video_08
q071,182.0,0.232177734375,video_08
q071,183.0,0.259033203125,video_08
q071,184.0,0.188232421875,video_08
q071,185.0,0.52392578125,video_08
q071,186.0,0.20166015625,video_08
q071,187.0,0.15283203125,video_08
q071,188.0,0.2132568359375,video_08
q071,189.0,0.30517578125,video_08
q071,190.0,0.5361328125,video_08
q071,191.0,0.37109375,video_08
q071,192.0,0.289794921875,video_08
q071,193.0,0.37109375,video_08
q071,194.0,0.444091796875,video_08
q071,195.0,0.509765625,video_08
q071,196.0,0.50634765625,video_08
q071,197.0,0.3857421875,video_08
q071,198.0,0.29150390625,video_08
q071,199.0,0.26025390625,video_08
q071,200.0,0.1661376953125,video_08
q071,201.0,0.20166015625,video_08
q071,202.0,0.2001953125,video_08
q071,203.0,0.1536865234375,video_08
q071,204.0,0.256591796875,video_08
q071,205.0,0.2705078125,video_08
q071,206.0,0.220703125,video_08
q071,207.0,0.237060546875,video_08
q071,208.0,0.255126953125,video_08
q071,209.0,0.371826171875,video_08
q071,210.0,0.2548828125,video_08
q071,211.0,0.298828125,video_08
q071,212.0,0.2427978515625,video_08
q071,213.0,0.265380859375,video_08
q071,214.0,0.2381591796875,video_08
q071,215.0,0.24365234375,video_08
q071,216.0,0.2138671875,video_08
q071,217.0,0.2086181640625,video_08
q071,218.0,0.1605224609375,video_08
q071,219.0,0.287109375,video_08
q071,220.0,0.1651611328125,video_08
q071,221.0,0.203857421875,video_08
q071,222.0,0.261474609375,video_08
q071,223.0,0.2216796875,video_08
q071,224.0,0.26123046875,video_08
q071,225.0,0.2325439453125,video_08
q071,226.0,0.1885986328125,video_08
q071,227.0,0.2734375,video_08
q071,228.0,0.149169921875,video_08
q071,229.0,0.1715087890625,video_08
q071,230.0,0.167724609375,video_08
q071,231.0,0.28466796875,video_08
q071,232.0,0.275146484375,video_08
q071,233.0,0.2158203125,video_08
q071,234.0,0.1856689453125,video_08
q071,235.0,0.204345703125,video_08
q071,236.0,0.279052734375,video_08
q071,237.0,0.73974609375,video_08
q071,238.0,0.315673828125,video_08
q071,239.0,0.27099609375,video_08
q071,240.0,0.358642578125,video_08
q071,241.0,0.302978515625,video_08
q071,242.0,0.2333984375,video_08
q071,243.0,0.299560546875,video_08
q071,244.0,0.6064453125,video_08
q071,245.0,0.6611328125,video_08
q071,246.0,0.36865234375,video_08
q071,247.0,0.39794921875,video_08
q071,248.0,0.5693359375,video_08
q071,249.0,0.65380859375,video_08
q071,250.0,0.53564453125,video_08
q071,251.0,0.5869140625,video_08
q071,252.0,0.6337890625,video_08
q071,253.0,0.66796875,video_08
q071,254.0,0.78125,video_08
q071,255.0,0.76513671875,video_08
q071,256.0,0.53515625,video_08
q071,257.0,0.42822265625,video_08
q071,258.0,0.595703125,video_08
q071,259.0,0.465576171875,video_08
q071,260.0,0.368408203125,video_08
q071,261.0,0.295166015625,video_08
q071,262.0,0.302490234375,video_08
q071,263.0,0.26416015625,video_08
q071,264.0,0.25341796875,video_08
q071,265.0,0.31591796875,video_08
q071,266.0,0.271240234375,video_08
q071,267.0,0.244384765625,video_08
q071,268.0,0.29248046875,video_08
q071,269.0,0.362060546875,video_08
q071,270.0,0.33056640625,video_08
q071,271.0,0.2303466796875,video_08
q071,272.0,0.248046875,video_08
q071,273.0,0.259033203125,video_08
q071,274.0,0.263671875,video_08
q071,275.0,0.219482421875,video_08
q071,276.0,0.4599609375,video_08
q071,277.0,0.2213134765625,video_08
q071,278.0,0.1953125,video_08
q071,279.0,0.2310791015625,video_08
q071,280.0,0.314453125,video_08
q071,281.0,0.1654052734375,video_08
q071,282.0,0.303955078125,video_08
q071,283.0,0.296630859375,video_08
q071,284.0,0.2286376953125,video_08
q071,285.0,0.370849609375,video_08
q071,286.0,0.260986328125,video_08
q071,287.0,0.23828125,video_08
q071,288.0,0.2437744140625,video_08
q071,289.0,0.34130859375,video_08
q071,290.0,0.27001953125,video_08
q071,291.0,0.5390625,video_08
q071,292.0,0.358642578125,video_08
q071,293.0,0.331787109375,video_08
q071,294.0,0.376953125,video_08
q071,295.0,0.280029296875,video_08
q071,296.0,0.336669921875,video_08
q071,297.0,0.230712890625,video_08
q071,298.0,0.2091064453125,video_08
q072,0.0,0.98486328125,video_08
q072,1.0,0.98291015625,video_08
q072,2.0,0.9736328125,video_08
q072,3.0,0.97265625,video_08
q072,4.0,0.9755859375,video_08
q072,5.0,0.97021484375,video_08
q072,6.0,0.9755859375,video_08
q072,7.0,0.9765625,video_08
q072,8.0,0.9853515625,video_08
q072,9.0,0.97607421875,video_08
q072,10.0,0.98193359375,video_08
q072,11.0,0.97412109375,video_08
q072,12.0,0.97314453125,video_08
q072,13.0,0.982421875,video_08
q072,14.0,0.984375,video_08
q072,15.0,0.97998046875,video_08
q072,16.0,0.974609375,video_08
q072,17.0,0.98876953125,video_08
q072,18.0,0.9833984375,video_08
q072,19.0,0.9892578125,video_08
q072,20.0,0.98974609375,video_08
q072,21.0,0.9833984375,video_08
q072,22.0,0.986328125,video_08
q072,23.0,0.9892578125,video_08
q072,24.0,0.98974609375,video_08
q072,25.0,0.986328125,video_08
q072,26.0,0.9873046875,video_08
q072,27.0,0.99169921875,video_08
q072,28.0,0.98681640625,video_08
q072,29.0,0.99072265625,video_08
q072,30.0,0.990234375,video_08
q072,31.0,0.990234375,video_08
q072,32.0,0.990234375,video_08
q072,33.0,0.99462890625,video_08
q072,34.0,0.99462890625,video_08
q072,35.0,0.99560546875,video_08
q072,36.0,0.99658203125,video_08
q072,37.0,0.99365234375,video_08
q072,38.0,0.994140625,video_08
q072,39.0,0.99462890625,video_08
q072,40.0,0.9873046875,video_08
q072,41.0,0.99267578125,video_08
q072,42.0,0.9921875,video_08
q072,43.0,0.99365234375,video_08
q072,44.0,0.99462890625,video_08
q072,45.0,0.98681640625,video_08
q072,46.0,0.9931640625,video_08
q072,47.0,0.99365234375,video_08
q072,48.0,0.98828125,video_08
q072,49.0,0.99365234375,video_08
q072,50.0,0.9931640625,video_08
q072,51.0,0.9921875,video_08
q072,52.0,0.994140625,video_08
q072,53.0,0.99365234375,video_08
q072,54.0,0.98681640625,video_08
q072,55.0,0.98974609375,video_08
q072,56.0,0.98779296875,video_08
q072,57.0,0.98779296875,video_08
q072,58.0,0.98681640625,video_08
q072,59.0,0.98828125,video_08
q072,60.0,0.98828125,video_08
q072,61.0,0.98779296875,video_08
q072,62.0,0.98974609375,video_08
q072,63.0,0.986328125,video_08
q072,64.0,0.98779296875,video_08
q072,65.0,0.98876953125,video_08
q072,66.0,0.9853515625,video_08
q072,67.0,0.98681640625,video_08
q072,68.0,0.98974609375,video_08
q072,69.0,0.9892578125,video_08
q072,70.0,0.98828125,video_08
q072,71.0,0.97900390625,video_08
q072,72.0,0.98974609375,video_08
q072,73.0,0.9921875,video_08
q072,74.0,0.98291015625,video_08
q072,75.0,0.98486328125,video_08
q072,76.0,0.9765625,video_08
q072,77.0,0.9814453125,video_08
q072,78.0,0.97607421875,video_08
q072,79.0,0.98486328125,video_08
q072,80.0,0.9873046875,video_08
q072,81.0,0.99072265625,video_08
q072,82.0,0.9912109375,video_08
q072,83.0,0.9931640625,video_08
q072,84.0,0.99169921875,video_08
q072,85.0,0.98779296875,video_08
q072,86.0,0.98583984375,video_08
q072,87.0,0.98388671875,video_08
q072,88.0,0.99169921875,video_08
q072,89.0,0.98876953125,video_08
q072,90.0,0.9873046875,video_08
q072,91.0,0.9912109375,video_08
q072,92.0,0.98876953125,video_08
q072,93.0,0.98681640625,video_08
q072,94.0,0.97314453125,video_08
q072,95.0,0.98974609375,video_08
q072,96.0,0.98876953125,video_08
q072,97.0,0.99072265625,video_08
q072,98.0,0.990234375,video_08
q072,99.0,0.9833984375,video_08
q072,100.0,0.99072265625,video_08
q072,101.0,0.99658203125,video_08
q072,102.0,0.99560546875,video_08
q072,103.0,0.99072265625,video_08
q072,104.0,0.98779296875,video_08
q072,105.0,0.99365234375,video_08
q072,106.0,0.98828125,video_08
q072,107.0,0.98291015625,video_08
q072,108.0,0.986328125,video_08
q072,109.0,0.99169921875,video_08
q072,110.0,0.986328125,video_08
q072,111.0,0.98583984375,video_08
q072,112.0,0.98486328125,video_08
q072,113.0,0.9931640625,video_08
q072,114.0,0.9970703125,video_08
q072,115.0,0.99658203125,video_08
q072,116.0,0.99462890625,video_08
q072,117.0,0.99365234375,video_08
q072,118.0,0.9931640625,video_08
q072,119.0,0.994140625,video_08
q072,120.0,0.98876953125,video_08
q072,121.0,0.98681640625,video_08
q072,122.0,0.986328125,video_08
q072,123.0,0.98193359375,video_08
q072,124.0,0.98388671875,video_08
q072,125.0,0.98583984375,video_08
q072,126.0,0.986328125,video_08
q072,127.0,0.98828125,video_08
q072,128.0,0.9853515625,video_08
q072,129.0,0.99462890625,video_08
q072,130.0,0.99267578125,video_08
q072,131.0,0.99072265625,video_08
q072,132.0,0.99169921875,video_08
q072,133.0,0.99072265625,video_08
q072,134.0,0.99609375,video_08
q072,135.0,0.9912109375,video_08
q072,136.0,0.9892578125,video_08
q072,137.0,0.9892578125,video_08
q072,138.0,0.98828125,video_08
q072,139.0,0.97314453125,video_08
q072,140.0,0.98291015625,video_08
q072,141.0,0.98095703125,video_08
q072,142.0,0.982421875,video_08
q072,143.0,0.984375,video_08
q072,144.0,0.98046875,video_08
q072,145.0,0.9873046875,video_08
q072,146.0,0.98583984375,video_08
q072,147.0,0.9873046875,video_08
q072,148.0,0.990234375,video_08
q072,149.0,0.99267578125,video_08
q072,150.0,0.98779296875,video_08
q072,151.0,0.99267578125,video_08
q072,152.0,0.99462890625,video_08
q072,153.0,0.99658203125,video_08
q072,154.0,0.99658203125,video_08
q072,155.0,0.9970703125,video_08
q072,156.0,0.99072265625,video_08
q072,157.0,0.98876953125,video_08
q072,158.0,0.98828125,video_08
q072,159.0,0.9951171875,video_08
q072,160.0,0.994140625,video_08
q072,161.0,0.99169921875,video_08
q072,162.0,0.9921875,video_08
q072,163.0,0.9921875,video_08
q072,164.0,0.9970703125,video_08
q072,165.0,0.99365234375,video_08
q072,166.0,0.9951171875,video_08
q072,167.0,0.9951171875,video_08
q072,168.0,0.99560546875,video_08
q072,169.0,0.994140625,video_08
q072,170.0,0.99365234375,video_08
q072,171.0,0.994140625,video_08
q072,172.0,0.99169921875,video_08
q072,173.0,0.99169921875,video_08
q072,174.0,0.9697265625,video_08
q072,175.0,0.97265625,video_08
q072,176.0,0.98583984375,video_08
q072,177.0,0.98486328125,video_08
q072,178.0,0.9833984375,video_08
q072,179.0,0.984375,video_08
q072,180.0,0.98291015625,video_08
q072,181.0,0.986328125,video_08
q072,182.0,0.98583984375,video_08
q072,183.0,0.98681640625,video_08
q072,184.0,0.9873046875,video_08
q072,185.0,0.98828125,video_08
q072,186.0,0.98828125,video_08
q072,187.0,0.98876953125,video_08
q072,188.0,0.986328125,video_08
q072,189.0,0.98193359375,video_08
q072,190.0,0.982421875,video_08
q072,191.0,0.984375,video_08
q072,192.0,0.9814453125,video_08
q072,193.0,0.9814453125,video_08
q072,194.0,0.97705078125,video_08
q072,195.0,0.98583984375,video_08
q072,196.0,0.974609375,video_08
q072,197.0,0.982421875,video_08
q072,198.0,0.98681640625,video_08
q072,199.0,0.98828125,video_08
q072,200.0,0.986328125,video_08
q072,201.0,0.9853515625,video_08
q072,202.0,0.98291015625,video_08
q072,203.0,0.9873046875,video_08
q072,204.0,0.97021484375,video_08
q072,205.0,0.9873046875,video_08
q072,206.0,0.97802734375,video_08
q072,207.0,0.98486328125,video_08
q072,208.0,0.984375,video_08
q072,209.0,0.986328125,video_08
q072,210.0,0.97802734375,video_08
q072,211.0,0.98828125,video_08
q072,212.0,0.984375,video_08
q072,213.0,0.9833984375,video_08
q072,214.0,0.97021484375,video_08
q072,215.0,0.96533203125,video_08
q072,216.0,0.986328125,video_08
q072,217.0,0.982421875,video_08
q072,218.0,0.97802734375,video_08
q072,219.0,0.9833984375,video_08
q072,220.0,0.9794921875,video_08
q072,221.0,0.98681640625,video_08
q072,222.0,0.97607421875,video_08
q072,223.0,0.98193359375,video_08
q072,224.0,0.97900390625,video_08
q072,225.0,0.98583984375,video_08
q072,226.0,0.9833984375,video_08
q072,227.0,0.986328125,video_08
q072,228.0,0.98779296875,video_08
q072,229.0,0.97900390625,video_08
q072,230.0,0.96484375,video_08
q072,231.0,0.98193359375,video_08
q072,232.0,0.9814453125,video_08
q072,233.0,0.97412109375,video_08
q072,234.0,0.97705078125,video_08
q072,235.0,0.96826171875,video_08
q072,236.0,0.986328125,video_08
q072,237.0,0.90478515625,video_08
q072,238.0,0.978515625,video_08
q072,239.0,0.9814453125,video_08
q072,240.0,0.8740234375,video_08
q072,241.0,0.94677734375,video_08
q072,242.0,0.970703125,video_08
q072,243.0,0.982421875,video_08
q072,244.0,0.88818359375,video_08
q072,245.0,0.892578125,video_08
q072,246.0,0.955078125,video_08
q072,247.0,0.9609375,video_08
q072,248.0,0.92578125,video_08
q072,249.0,0.865234375,video_08
q072,250.0,0.93798828125,video_08
q072,251.0,0.94677734375,video_08
q072,252.0,0.94287109375,video_08
q072,253.0,0.89990234375,video_08
q072,254.0,0.78955078125,video_08
q072,255.0,0.87646484375,video_08
q072,256.0,0.92822265625,video_08
q072,257.0,0.9287109375,video_08
q072,258.0,0.88037109375,video_08
q072,259.0,0.88916015625,video_08
q072,260.0,0.95947265625,video_08
q072,261.0,0.95458984375,video_08
q072,262.0,0.958984375,video_08
q072,263.0,0.97265625,video_08
q072,264.0,0.96826171875,video_08
q072,265.0,0.9306640625,video_08
q072,266.0,0.95654296875,video_08
q072,267.0,0.8037109375,video_08
q072,268.0,0.787109375,video_08
q072,269.0,0.529296875,video_08
q072,270.0,0.51904296875,video_08
q072,271.0,0.410888671875,video_08
q072,272.0,0.425048828125,video_08
q072,273.0,0.49755859375,video_08
q072,274.0,0.45458984375,video_08
q072,275.0,0.312255859375,video_08
q072,276.0,0.432373046875,video_08
q072,277.0,0.488037109375,video_08
q072,278.0,0.9228515625,video_08
q072,279.0,0.970703125,video_08
q072,280.0,0.7021484375,video_08
q072,281.0,0.9560546875,video_08
q072,282.0,0.9697265625,video_08
q072,283.0,0.9775390625,video_08
q072,284.0,0.9814453125,video_08
q072,285.0,0.9775390625,video_08
q072,286.0,0.982421875,video_08
q072,287.0,0.84033203125,video_08
q072,288.0,0.859375,video_08
q072,289.0,0.8779296875,video_08
q072,290.0,0.8369140625,video_08
q072,291.0,0.8544921875,video_08
q072,292.0,0.9150390625,video_08
q072,293.0,0.86376953125,video_08
q072,294.0,0.94189453125,video_08
q072,295.0,0.9580078125,video_08
q072,296.0,0.80419921875,video_08
q072,297.0,0.81982421875,video_08
q072,298.0,0.8369140625,video_08
