video_id,query_id,query_text,time,detector_score,crop_score,detector_z,crop_z,fused_score,x0,y0,x1,y1,mask_area,sam_x0,sam_y0,sam_x1,sam_y1,masked_crop_score,expected_color,color_score
video_01,q003,a yellow car,0.0,0.27917733788490295,0.0869823470711708,-1.205301284790039,-0.07056821137666702,-0.49609312415122986,733.087646484375,659.4100341796875,863.9832763671875,717.056396484375,5939,732.0,660.0,862.0,720.0,0.09153231978416443,yellow,0.0
video_01,q003,a yellow car,0.5,0.6068733334541321,0.06501142680644989,1.1650261878967285,-2.219294309616089,-0.9501741528511047,564.9743041992188,463.4460144042969,678.257568359375,516.3292236328125,3831,566.0,467.0,678.0,515.0,0.07858775556087494,yellow,0.018533019348978996
video_01,q003,a yellow car,1.0,0.5947719812393188,0.06570638716220856,1.0774933099746704,-2.1513280868530273,-0.9405200481414795,564.883056640625,463.4537353515625,678.17236328125,516.3197631835938,3831,566.0,467.0,678.0,515.0,0.07915377616882324,yellow,0.016444792971014977
video_01,q003,a yellow car,1.5,0.6009131073951721,0.06634482741355896,1.121914029121399,-2.0888895988464355,-0.8848382830619812,564.8887329101562,463.4494934082031,678.2451171875,516.3414306640625,3820,566.0,467.0,678.0,515.0,0.08040177822113037,yellow,0.017539266496896744
video_01,q003,a yellow car,2.0,0.6280184388160706,0.06816606223583221,1.317975401878357,-1.9107753038406372,-0.6999938488006592,564.8944091796875,463.3883361816406,678.3978881835938,516.3369750976562,3819,566.0,467.0,678.0,515.0,0.08160899579524994,yellow,0.017805708572268486
video_01,q003,a yellow car,2.5,0.6582325100898743,0.06717844307422638,1.5365232229232788,-2.0073630809783936,-0.67840576171875,564.73193359375,463.32830810546875,678.5048828125,516.41845703125,3822,566.0,467.0,678.0,515.0,0.08142855763435364,yellow,0.019884876906871796
video_01,q003,a yellow car,3.0,0.6237769722938538,0.06744053959846497,1.2872954607009888,-1.981730341911316,-0.7558456063270569,564.718017578125,463.3327331542969,678.4935913085938,516.2122192382812,3832,566.0,467.0,678.0,515.0,0.08187271654605865,yellow,0.02035490609705448
video_01,q003,a yellow car,3.5,0.6140508651733398,0.06737903505563736,1.2169435024261475,-1.9877454042434692,-0.785987138748169,564.6597900390625,463.3839111328125,678.3292236328125,516.1007080078125,3838,566.0,467.0,678.0,515.0,0.0824979618191719,yellow,0.019280875101685524
video_01,q003,a yellow car,4.0,0.6417610049247742,0.06564169377088547,1.41737961769104,-2.1576550006866455,-0.8170169591903687,565.239501953125,463.4112243652344,678.1774291992188,516.1660766601562,3832,567.0,467.0,679.0,515.0,0.08032073080539703,yellow,0.018528183922171593
video_01,q003,a yellow car,4.5,0.5632461905479431,0.06408315151929855,0.8494574427604675,-2.3100783824920654,-1.1252524852752686,568.8935546875,462.4264831542969,680.6268310546875,515.3709106445312,3770,571.0,466.0,681.0,515.0,0.07652292400598526,yellow,0.01511936355382204
video_01,q003,a yellow car,5.0,0.2975482940673828,0.08970984816551208,-1.072418451309204,0.19617769122123718,-0.2795458436012268,431.5484619140625,393.3422546386719,511.266845703125,443.8533630371094,2364,434.0,397.0,511.0,442.0,0.08866275101900101,yellow,0.022419627755880356
video_01,q003,a yellow car,5.5,0.5523169636726379,0.06485766172409058,0.7704029679298401,-2.234332323074341,-1.1075565814971924,581.9213256835938,460.9697570800781,685.9986572265625,512.0923461914062,3579,582.0,464.0,686.0,512.0,0.08136707544326782,yellow,0.015367421321570873
video_01,q003,a yellow car,6.0,0.6182143092155457,0.06610377877950668,1.2470589876174927,-2.1124637126922607,-0.8526427149772644,587.3407592773438,460.10107421875,686.737060546875,510.7344055175781,3403,589.0,462.0,687.0,511.0,0.0797797217965126,yellow,0.022039376199245453
video_01,q003,a yellow car,6.5,0.5992081165313721,0.06286786496639252,1.1095813512802124,-2.428931713104248,-1.1019893884658813,593.1166381835938,458.03125,686.4180908203125,509.4729309082031,3237,594.0,461.0,687.0,509.0,0.08056431263685226,yellow,0.017299968749284744
video_01,q003,a yellow car,7.0,0.5791950225830078,0.0652364119887352,0.9648203253746033,-2.197291135787964,-1.0114994049072266,599.7471923828125,456.65435791015625,686.6007080078125,506.5462951660156,3000,600.0,460.0,685.0,506.0,0.0769309550523758,yellow,0.03133333474397659
video_01,q003,a yellow car,7.5,0.6704705953598022,0.06530041992664337,1.6250450611114502,-2.1910312175750732,-0.760002613067627,604.0243530273438,454.6036071777344,686.215087890625,505.429443359375,2799,606.0,458.0,683.0,504.0,0.0795787051320076,yellow,0.031439799815416336
video_01,q003,a yellow car,8.0,0.718373715877533,0.06666728854179382,1.971543312072754,-2.0573532581329346,-0.546517014503479,606.7203369140625,453.1102600097656,684.4207153320312,504.3114318847656,2677,609.0,456.0,682.0,503.0,0.08361081033945084,yellow,0.031378407031297684
video_01,q003,a yellow car,8.5,0.6660119295120239,0.06924246996641159,1.5927941799163818,-1.8055040836334229,-0.5311422348022461,609.4378051757812,451.65789794921875,681.7328491210938,503.2121887207031,2610,610.0,456.0,681.0,502.0,0.07908177375793457,yellow,0.03256705030798912
video_01,q003,a yellow car,9.0,0.675485372543335,0.06759902089834213,1.6613185405731201,-1.966231107711792,-0.6059000492095947,609.859375,451.9909362792969,681.4459838867188,502.7986755371094,2571,611.0,456.0,680.0,502.0,0.08435975760221481,yellow,0.04084014147520065
video_01,q003,a yellow car,9.5,0.6829329133033752,0.06780462712049484,1.7151888608932495,-1.9461231231689453,-0.5731311440467834,610.2029418945312,451.8033752441406,681.5127563476562,502.6646728515625,2562,611.0,455.0,680.0,502.0,0.0844399482011795,yellow,0.0382513664662838
video_01,q003,a yellow car,10.0,0.677034854888916,0.06775164604187012,1.672526478767395,-1.95130455493927,-0.592367947101593,610.842041015625,451.5301513671875,681.2255249023438,502.5885925292969,2540,612.0,455.0,680.0,502.0,0.08493443578481674,yellow,0.030314961448311806
video_01,q003,a yellow car,10.5,0.6661609411239624,0.06696493178606033,1.5938719511032104,-2.0282442569732666,-0.6699506640434265,611.5408325195312,451.1695861816406,680.4989624023438,502.419677734375,2497,612.0,455.0,679.0,502.0,0.0847458690404892,yellow,0.030036043375730515
video_01,q003,a yellow car,11.0,0.6518226265907288,0.07091468572616577,1.4901584386825562,-1.6419636011123657,-0.46741783618927,612.1971435546875,450.7565002441406,679.4359130859375,501.8029479980469,2454,613.0,454.0,678.0,501.0,0.08134369552135468,yellow,0.029339853674173355
video_01,q003,a yellow car,11.5,0.6150041222572327,0.07498064637184143,1.2238388061523438,-1.2443182468414307,-0.31875932216644287,613.3285522460938,450.08544921875,678.4840087890625,500.90863037109375,2382,614.0,453.0,676.0,501.0,0.09135331213474274,yellow,0.022250209003686905
video_01,q003,a yellow car,12.0,0.6116530895233154,0.07313249260187149,1.1995997428894043,-1.4250651597976685,-0.440815806388855,614.5817260742188,449.3908996582031,677.1153564453125,499.92047119140625,2306,615.0,452.0,675.0,500.0,0.09263943880796432,yellow,0.02081526443362236
video_01,q003,a yellow car,12.5,0.6333116292953491,0.07863295078277588,1.3562626838684082,-0.8871278166770935,-0.045856356620788574,615.3968505859375,448.0875549316406,675.8333740234375,499.5906066894531,2246,616.0,451.0,673.0,499.0,0.08281123638153076,yellow,0.019145146012306213
video_01,q003,a yellow car,13.0,0.5807573199272156,0.08470776677131653,0.9761209487915039,-0.29301905632019043,0.18290844559669495,615.73828125,447.4142761230469,674.3793334960938,498.74822998046875,2184,616.0,450.0,672.0,498.0,0.09176667779684067,yellow,0.017399268224835396
video_01,q003,a yellow car,13.5,0.605706512928009,0.0879538431763649,1.1565862894058228,0.02444278635084629,0.4489966034889221,615.9866943359375,447.4168701171875,674.057861328125,498.61083984375,2173,617.0,450.0,671.0,498.0,0.09398885816335678,yellow,0.02070869691669941
video_01,q003,a yellow car,14.0,0.5804244875907898,0.08152615278959274,0.9737134575843811,-0.6041765809059143,-0.012467801570892334,615.94140625,447.0888366699219,674.0585327148438,498.6365966796875,2164,617.0,450.0,671.0,498.0,0.09055473655462265,yellow,0.02218114584684372
video_01,q003,a yellow car,14.5,0.41270583868026733,0.08726375550031662,-0.2394479215145111,-0.043046846985816956,-0.11669724434614182,883.1748046875,587.6342163085938,988.3386840820312,666.8782348632812,5707,885.0,591.0,986.0,666.0,0.09787625074386597,yellow,0.01138952188193798
video_01,q003,a yellow car,15.0,0.4011436700820923,0.0840088278055191,-0.32308071851730347,-0.3613743484020233,-0.34701424837112427,879.0593872070312,590.156982421875,984.7765502929688,670.45458984375,5802,879.0,594.0,983.0,669.0,0.10221084207296371,yellow,0.012581868097186089
video_01,q003,a yellow car,15.5,0.3981685936450958,0.08741313219070435,-0.3446003496646881,-0.028438011184334755,-0.14699889719486237,874.0804443359375,592.3533935546875,981.7255249023438,672.5740356445312,5869,875.0,596.0,979.0,671.0,0.09984255582094193,yellow,0.00443005608394742
video_01,q003,a yellow car,16.0,0.28027263283729553,0.08409585058689117,-1.1973786354064941,-0.3528636395931244,-0.669556736946106,869.3655395507812,595.6845092773438,977.8036499023438,676.4421997070312,5947,869.0,599.0,974.0,675.0,0.09958571940660477,yellow,0.007734992541372776
video_01,q003,a yellow car,16.5,0.2757130563259125,0.08458484709262848,-1.2303595542907715,-0.3050404489040375,-0.652035117149353,966.853271484375,530.6403198242188,1065.661865234375,613.4822387695312,5722,968.0,534.0,1063.0,614.0,0.08868715167045593,yellow,0.04019573703408241
video_01,q003,a yellow car,17.0,0.2634451985359192,0.07903087884187698,-1.3190968036651611,-0.8482109904289246,-1.0247931480407715,849.6771850585938,606.298095703125,961.6852416992188,688.4430541992188,6356,851.0,609.0,959.0,687.0,0.0958971455693245,yellow,0.013058527372777462
video_01,q003,a yellow car,17.5,0.2961512804031372,0.08617934584617615,-1.0825234651565552,-0.1491006314754486,-0.49913421273231506,832.3272705078125,614.34814453125,947.2088623046875,700.380859375,6738,832.0,618.0,945.0,699.0,0.09587647020816803,yellow,0.008311071433126926
video_01,q003,a yellow car,18.0,0.47413429617881775,0.08018473535776138,0.20488329231739044,-0.7353653907775879,-0.38277214765548706,570.0150146484375,422.7640686035156,641.6092529296875,468.7623596191406,2366,571.0,426.0,641.0,468.0,0.07648534327745438,yellow,0.021132713183760643
video_01,q003,a yellow car,18.5,0.5900940895080566,0.06721165031194687,1.0436567068099976,-2.004115343093872,-0.8612008094787598,554.167236328125,415.0757141113281,631.1702880859375,462.71759033203125,2327,558.0,419.0,628.0,461.0,0.08492615073919296,yellow,0.02191663160920143
video_01,q003,a yellow car,19.0,0.5511854887008667,0.0667271837592125,0.7622186541557312,-2.0514955520629883,-0.9963527321815491,542.19384765625,409.7115783691406,617.689453125,454.0076904296875,2288,544.0,413.0,617.0,454.0,0.07756087183952332,yellow,0.021416084840893745
video_01,q003,a yellow car,19.5,0.2773953676223755,0.06911539286375046,-1.2181907892227173,-1.8179320096969604,-1.5930290222167969,1057.044189453125,473.98406982421875,1148.3919677734375,546.0194091796875,4047,1058.0,477.0,1146.0,546.0,0.0820322185754776,yellow,0.025203853845596313
video_01,q003,a yellow car,20.0,0.36758068203926086,0.08311720192432404,-0.5658522844314575,-0.44857415556907654,-0.4925534725189209,897.041015625,564.8966674804688,1012.1251220703125,658.6724243164062,7185,899.0,568.0,1009.0,659.0,0.0905001312494278,yellow,0.05497564375400543
video_01,q003,a yellow car,20.5,0.2540876567363739,0.0808112770318985,-1.3867827653884888,-0.6740904450416565,-0.9413501024246216,871.42138671875,575.7808227539062,989.3231201171875,676.683837890625,7966,872.0,579.0,988.0,677.0,0.09391625970602036,yellow,0.035651519894599915
video_01,q003,a yellow car,21.0,0.25171589851379395,0.0870601087808609,-1.4039384126663208,-0.06296321749687195,-0.5658289194107056,432.571533203125,393.4905700683594,510.123779296875,442.87164306640625,2328,434.0,397.0,510.0,441.0,0.09408949315547943,yellow,0.015463917516171932
video_01,q003,a yellow car,21.5,0.2844403088092804,0.08813229948282242,-1.1672325134277344,0.04189557209610939,-0.41152745485305786,788.1939086914062,615.3767700195312,922.1843872070312,716.9491577148438,9806,788.0,620.0,922.0,720.0,0.09619104862213135,yellow,0.018662042915821075
video_01,q003,a yellow car,22.0,0.5576409101486206,0.07209271937608719,0.8089126944541931,-1.526753544807434,-0.6508786678314209,1015.0257568359375,492.1996765136719,1114.724365234375,573.6576538085938,5072,1018.0,496.0,1110.0,573.0,0.08460211753845215,yellow,0.03805205225944519
video_01,q003,a yellow car,22.5,0.5901399254798889,0.07385572791099548,1.0439882278442383,-1.354333758354187,-0.4549630284309387,1001.0534057617188,497.35675048828125,1106.996337890625,579.4962158203125,5412,1006.0,501.0,1105.0,578.0,0.08539418131113052,yellow,0.02808573469519615
video_01,q003,a yellow car,23.0,0.6727237701416016,0.07035525143146515,1.6413429975509644,-1.6966755390167236,-0.44491857290267944,994.2735595703125,503.0152893066406,1096.67236328125,586.6943969726562,5698,995.0,506.0,1094.0,587.0,0.08316370844841003,yellow,0.03159003332257271
video_01,q003,a yellow car,23.5,0.6125072836875916,0.06944096088409424,1.2057783603668213,-1.786091923713684,-0.6641405820846558,980.8409423828125,510.45172119140625,1085.3956298828125,595.3638305664062,5888,982.0,513.0,1082.0,595.0,0.08505667001008987,yellow,0.027683423832058907
video_01,q003,a yellow car,24.0,0.2589641809463501,0.07642333954572678,-1.3515093326568604,-1.103224754333496,-1.19633150100708,342.24468994140625,378.7134094238281,444.22076416015625,418.7520446777344,2738,344.0,382.0,444.0,417.0,0.08380517363548279,yellow,0.03506208956241608
video_01,q003,a yellow car,24.5,0.30415743589401245,0.07440675050020218,-1.0246124267578125,-1.300444483757019,-1.197007417678833,314.7088317871094,379.843505859375,418.2098693847656,420.4330139160156,2903,315.0,382.0,416.0,420.0,0.08168429136276245,yellow,0.03306923806667328
video_01,q003,a yellow car,25.0,0.5355826616287231,0.06649134308099747,0.6493585109710693,-2.0745604038238525,-1.0530908107757568,943.9071044921875,525.8704833984375,1054.3350830078125,614.8282470703125,6087,947.0,530.0,1053.0,615.0,0.08870746195316315,yellow,0.039756860584020615
video_01,q003,a yellow car,25.5,0.36725786328315735,0.07409518212080002,-0.5681873559951782,-1.3309154510498047,-1.044892430305481,1026.4404296875,574.2437133789062,1128.215576171875,655.919677734375,5705,1027.0,577.0,1126.0,656.0,0.09071021527051926,yellow,0.037861526012420654
video_01,q003,a yellow car,26.0,0.28643208742141724,0.07369591295719147,-1.1528254747390747,-1.3699634075164795,-1.288536787033081,1067.55322265625,548.7733764648438,1156.417724609375,622.9121704101562,4567,1069.0,550.0,1152.0,621.0,0.08514364063739777,yellow,0.0499233640730381
video_01,q003,a yellow car,26.5,0.6604310870170593,0.06662885844707489,1.5524262189865112,-2.0611116886138916,-0.7060349583625793,921.53125,539.1343383789062,1035.040771484375,635.3878784179688,7166,924.0,543.0,1033.0,635.0,0.08113736659288406,yellow,0.021211275830864906
video_01,q003,a yellow car,27.0,0.7072716355323792,0.06599649786949158,1.8912384510040283,-2.122955799102783,-0.6176328659057617,910.2300415039062,543.56298828125,1029.3746337890625,642.4989624023438,7787,910.0,547.0,1025.0,642.0,0.08238915354013443,yellow,0.03184795007109642
video_01,q003,a yellow car,27.5,0.7537569403648376,0.06882995367050171,2.2274811267852783,-1.8458476066589355,-0.31834936141967773,896.643798828125,550.083984375,1018.7938232421875,651.5718383789062,8220,897.0,555.0,1016.0,651.0,0.08331337571144104,yellow,0.035888079553842545
video_01,q003,a yellow car,28.0,0.7397700548171997,0.06695805490016937,2.126309633255005,-2.028916835784912,-0.4707069396972656,878.2945556640625,559.1072387695312,1005.401611328125,663.2783203125,8693,880.0,563.0,1002.0,663.0,0.081209197640419,yellow,0.035775911062955856
video_01,q003,a yellow car,28.5,0.7815053462982178,0.06625126302242279,2.428194046020508,-2.0980401039123535,-0.40070223808288574,850.0506591796875,571.8104248046875,983.15185546875,682.9716186523438,9580,851.0,576.0,981.0,682.0,0.08435068279504776,yellow,0.020981211215257645
video_01,q003,a yellow car,29.0,0.7272672057151794,0.06948201358318329,2.0358726978302,-1.7820769548416138,-0.3503458499908447,776.9755859375,606.965087890625,926.079833984375,717.6438598632812,11772,778.0,611.0,925.0,720.0,0.0807562991976738,yellow,0.01919809728860855
video_01,q003,a yellow car,29.5,0.5177271962165833,0.07581501454114914,0.5202043652534485,-1.1627181768417358,-0.5316222310066223,703.7775268554688,656.5819091796875,849.614013671875,717.3934326171875,6453,702.0,660.0,848.0,720.0,0.08149070292711258,yellow,0.03099333681166172
video_01,q003,a yellow car,30.0,0.3957650661468506,0.08942671120166779,-0.36198583245277405,0.1684872806072235,-0.030440136790275574,431.65625,393.07305908203125,511.10711669921875,443.7114562988281,2377,434.0,396.0,511.0,441.0,0.08903177827596664,yellow,0.025662599131464958
video_01,q003,a yellow car,30.5,0.25381410121917725,0.09269285947084427,-1.3887615203857422,0.487912118434906,-0.21584048867225647,1054.558837890625,487.26654052734375,1122.577880859375,544.2540893554688,2697,1054.0,490.0,1120.0,543.0,0.11133310198783875,yellow,0.006303300149738789
video_01,q003,a yellow car,31.0,0.32760584354400635,0.09514250606298447,-0.855002760887146,0.7274842262268066,0.1340516209602356,1039.73486328125,493.6401062011719,1113.72705078125,552.4780883789062,3141,1040.0,497.0,1112.0,552.0,0.1039453074336052,yellow,0.012416427955031395
video_01,q003,a yellow car,31.5,0.3706154525279999,0.09233161807060242,-0.5439008474349976,0.4525832235813141,0.07890169322490692,1027.030517578125,501.0215759277344,1104.13818359375,561.4382934570312,3384,1027.0,503.0,1103.0,560.0,0.1082475334405899,yellow,0.018321512266993523
video_01,q003,a yellow car,32.0,0.34692224860191345,0.09513534605503082,-0.7152811884880066,0.7267839908599854,0.18600955605506897,1015.75439453125,506.83282470703125,1094.071044921875,568.1242065429688,3524,1016.0,509.0,1092.0,567.0,0.11026065051555634,yellow,0.007945516146719456
video_01,q003,a yellow car,32.5,0.42866215109825134,0.09408062696456909,-0.1240309327840805,0.6236339211463928,0.3432596027851105,1002.39306640625,512.7794189453125,1083.6510009765625,575.98486328125,3677,1003.0,515.0,1082.0,575.0,0.10634348541498184,yellow,0.007070981897413731
video_01,q003,a yellow car,33.0,0.4658344089984894,0.09596536308526993,0.14484761655330658,0.8079585433006287,0.5592918992042542,990.6726684570312,517.8037109375,1074.5673828125,582.761474609375,3835,993.0,520.0,1073.0,582.0,0.10755405575037003,yellow,0.00365058658644557
video_01,q003,a yellow car,33.5,0.549388587474823,0.09005003422498703,0.7492210865020752,0.22944742441177368,0.42436254024505615,978.564697265625,524.3427124023438,1064.375244140625,589.6873168945312,4009,980.0,527.0,1063.0,590.0,0.1033787950873375,yellow,0.014218009077012539
video_01,q003,a yellow car,34.0,0.5246425867080688,0.09060196578502655,0.5702255368232727,0.28342556953430176,0.39097556471824646,966.3934936523438,530.9349365234375,1053.4964599609375,598.4132080078125,4150,968.0,534.0,1051.0,597.0,0.10146801918745041,yellow,0.013012047857046127
video_01,q003,a yellow car,34.5,0.6305674910545349,0.09225446730852127,1.3364135026931763,0.44503796100616455,0.779303789138794,949.8760375976562,538.9574584960938,1039.2076416015625,609.3446044921875,4402,951.0,542.0,1037.0,608.0,0.10768751800060272,yellow,0.008178100921213627
video_01,q003,a yellow car,35.0,0.6228172779083252,0.09622711688280106,1.2803537845611572,0.8335577249526978,1.0011062622070312,932.2960205078125,547.0450439453125,1024.0838623046875,621.1290283203125,4668,933.0,551.0,1022.0,621.0,0.11153428256511688,yellow,0.008568980731070042
video_01,q003,a yellow car,35.5,0.614108681678772,0.09582525491714478,1.2173618078231812,0.7942561507225037,0.9529207944869995,910.45654296875,559.5975952148438,1006.0513305664062,634.5044555664062,5050,912.0,562.0,1004.0,634.0,0.10700380057096481,yellow,0.005742574110627174
video_01,q003,a yellow car,36.0,0.6467740535736084,0.09478195011615753,1.4536405801773071,0.6922223567962646,0.9777542352676392,891.533447265625,568.76953125,990.6701049804688,649.0592041015625,5346,893.0,572.0,988.0,647.0,0.10535263270139694,yellow,0.011971567757427692
video_01,q003,a yellow car,36.5,0.6843709945678711,0.0948825404047966,1.7255910634994507,0.7020599246025085,1.0858840942382812,871.4739379882812,579.4907836914062,973.4679565429688,661.3604736328125,5729,873.0,582.0,971.0,661.0,0.10899356007575989,yellow,0.010473031550645828
video_01,q003,a yellow car,37.0,0.5735046863555908,0.09044210612773895,0.923660397529602,0.2677915096282959,0.5137423276901245,846.52880859375,592.0501098632812,954.5736694335938,678.6245727539062,6174,849.0,596.0,952.0,677.0,0.10195519030094147,yellow,0.0059928735718131065
video_01,q003,a yellow car,37.5,0.6439630389213562,0.08820153772830963,1.4333076477050781,0.048666976392269135,0.5679072141647339,814.302490234375,611.404541015625,925.5595703125,701.0075073242188,6814,815.0,614.0,923.0,700.0,0.10522377490997314,yellow,0.008952157571911812
video_01,q003,a yellow car,38.0,0.6348328590393066,0.092112697660923,1.3672661781311035,0.43117308616638184,0.7822079658508301,771.7090454101562,634.3310546875,891.2079467773438,717.1594848632812,7494,773.0,636.0,889.0,720.0,0.10544387996196747,yellow,0.004536963067948818
video_01,q003,a yellow car,38.5,0.3210921883583069,0.10253085196018219,-0.9021180868148804,1.450054407119751,0.567989706993103,724.2235107421875,663.0872192382812,844.83203125,717.6808471679688,4880,724.0,665.0,842.0,720.0,0.10888146609067917,yellow,0.0034836065024137497
video_01,q003,a yellow car,39.0,0.4423246383666992,0.09034031629562378,-0.02520589530467987,0.25783661007881165,0.15169566869735718,170.0756072998047,668.593017578125,331.4861755371094,717.588134765625,5826,172.0,672.0,330.0,720.0,0.09693294763565063,yellow,0.025060076266527176
video_01,q003,a yellow car,39.5,0.5377749800682068,0.09323480725288391,0.6652162671089172,0.5409138798713684,0.5875272750854492,190.04637145996094,677.6539916992188,344.0482177734375,717.390380859375,4473,192.0,682.0,344.0,720.0,0.08555101603269577,yellow,0.003577017690986395
video_01,q003,a yellow car,40.0,0.5274844169616699,0.0928984209895134,0.5907813906669617,0.5080157518386841,0.5390528440475464,201.25241088867188,682.300048828125,354.25811767578125,717.687255859375,3808,203.0,686.0,354.0,720.0,0.09254895895719528,yellow,0.0026260504964739084
video_01,q003,a yellow car,40.5,0.4411349594593048,0.09102078527212143,-0.033811215311288834,0.32438555359840393,0.1900617629289627,201.966552734375,682.8544311523438,354.25115966796875,717.5910034179688,3687,204.0,686.0,354.0,720.0,0.0909818708896637,yellow,0.007323026657104492
video_01,q003,a yellow car,41.0,0.4594576060771942,0.08973963558673859,0.09872221201658249,0.1990908533334732,0.16145260632038116,202.02162170410156,682.8389282226562,354.19451904296875,717.5956420898438,3670,204.0,687.0,354.0,720.0,0.09148598462343216,yellow,0.0016348774079233408
video_01,q003,a yellow car,41.5,0.333111047744751,0.09186787903308868,-0.8151819109916687,0.4072301685810089,-0.0511743426322937,206.41281127929688,684.7675170898438,355.0943298339844,717.4820556640625,3325,209.0,689.0,351.0,720.0,0.08788874745368958,yellow,0.004511278122663498
video_01,q003,a yellow car,42.0,0.2850913107395172,0.09523061662912369,-1.162523627281189,0.7361013293266296,0.024116992950439453,218.66407775878906,689.2539672851562,352.9466247558594,717.7918090820312,2742,220.0,693.0,354.0,720.0,0.09466255456209183,yellow,0.0014587892219424248
video_01,q003,a yellow car,42.5,0.42474281787872314,0.08887249231338501,-0.15238068997859955,0.1142854243516922,0.014285631477832794,431.2437438964844,393.162109375,511.23382568359375,443.7238464355469,2370,433.0,397.0,511.0,442.0,0.10234952718019485,yellow,0.027004219591617584
video_01,q003,a yellow car,43.0,0.41356244683265686,0.09056776762008667,-0.23325181007385254,0.28008103370666504,0.08758121728897095,431.26873779296875,393.22906494140625,511.3440246582031,443.597412109375,2383,433.0,397.0,511.0,442.0,0.09853120148181915,yellow,0.02769618108868599
video_01,q003,a yellow car,43.5,0.41590064764022827,0.09145510196685791,-0.2163388729095459,0.36686113476753235,0.1481611281633377,431.2195129394531,393.2748107910156,511.4449768066406,443.6579284667969,2384,433.0,396.0,511.0,442.0,0.095538429915905,yellow,0.029781879857182503
video_01,q003,a yellow car,44.0,0.4326372444629669,0.09192142635583878,-0.09527784585952759,0.41246703267097473,0.22206270694732666,431.23382568359375,393.3080139160156,511.4068603515625,443.74951171875,2385,433.0,396.0,511.0,442.0,0.09640180319547653,yellow,0.030188679695129395
video_01,q003,a yellow car,44.5,0.4097563922405243,0.09111154824495316,-0.2607821822166443,0.33326205611228943,0.11049547046422958,431.3778381347656,393.33453369140625,511.22052001953125,443.6796569824219,2356,434.0,397.0,511.0,442.0,0.0966653898358345,yellow,0.02546689286828041
video_01,q003,a yellow car,45.0,0.3936101198196411,0.09014447778463364,-0.3775732219219208,0.23868386447429657,0.007587462663650513,431.3548278808594,393.341064453125,511.19879150390625,443.632080078125,2359,434.0,396.0,511.0,442.0,0.100565105676651,yellow,0.014836795628070831
video_01,q003,a yellow car,45.5,0.411219984292984,0.09009161591529846,-0.25019556283950806,0.23351405560970306,0.052122943103313446,431.2593994140625,393.2967224121094,511.2247314453125,443.72064208984375,2361,434.0,397.0,511.0,442.0,0.09450417011976242,yellow,0.023718763142824173
video_01,q003,a yellow car,46.0,0.4232856035232544,0.09193646907806396,-0.16292117536067963,0.4139381945133209,0.19761592149734497,431.2286071777344,393.2340393066406,511.3244934082031,443.68023681640625,2372,434.0,396.0,511.0,442.0,0.09229260683059692,yellow,0.025295110419392586
video_01,q003,a yellow car,46.5,0.4199867844581604,0.09107693284749985,-0.186782568693161,0.32987672090530396,0.1361294835805893,431.34881591796875,393.2781066894531,511.25482177734375,443.6652526855469,2371,434.0,397.0,511.0,442.0,0.09570206701755524,yellow,0.024462252855300903
video_01,q003,a yellow car,47.0,0.41260412335395813,0.09101328253746033,-0.24018366634845734,0.3236517906188965,0.11221349239349365,431.2814636230469,393.27349853515625,511.31390380859375,443.7281494140625,2380,434.0,396.0,511.0,442.0,0.09610292315483093,yellow,0.025630252435803413
video_01,q003,a yellow car,47.5,0.4240488111972809,0.0899210050702095,-0.15740066766738892,0.21682853996753693,0.07649258524179459,431.31103515625,393.3663024902344,511.0020446777344,443.68804931640625,2366,434.0,397.0,511.0,442.0,0.09959397464990616,yellow,0.0253592561930418
video_01,q003,a yellow car,48.0,0.41465112566947937,0.09004245698451996,-0.22537705302238464,0.22870637476444244,0.05842509865760803,431.34844970703125,393.2222595214844,511.0895080566406,443.6922607421875,2365,434.0,396.0,511.0,442.0,0.0946803092956543,yellow,0.011839323677122593
video_01,q003,a yellow car,48.5,0.4101264476776123,0.09023167937994003,-0.25810545682907104,0.24721206724643707,0.057718001306056976,431.496337890625,393.3470764160156,510.98846435546875,443.5711669921875,2356,434.0,397.0,511.0,441.0,0.09039994329214096,yellow,0.014855687506496906
video_01,q003,a yellow car,49.0,0.4157722592353821,0.08923770487308502,-0.21726754307746887,0.15000271797180176,0.012276366353034973,431.18646240234375,393.35980224609375,510.95892333984375,443.7112731933594,2379,434.0,397.0,511.0,442.0,0.10219801962375641,yellow,0.016393441706895828
video_01,q003,a yellow car,49.5,0.3716430366039276,0.09556402266025543,-0.5364680290222168,0.7687079906463623,0.27926698327064514,874.7705078125,682.0767211914062,984.591552734375,717.6239013671875,2736,875.0,685.0,986.0,720.0,0.10002292692661285,yellow,0.0347222238779068
video_01,q003,a yellow car,50.0,0.6605736613273621,0.09775743633508682,1.553457498550415,0.9832208752632141,1.1970596313476562,913.8011474609375,648.2534790039062,1026.4635009765625,717.2488403320312,5686,915.0,652.0,1026.0,720.0,0.10733218491077423,yellow,0.04467112198472023
video_01,q003,a yellow car,50.5,0.7014257907867432,0.10204152762889862,1.8489537239074707,1.402199149131775,1.5697321891784668,963.5164794921875,615.1861572265625,1068.28076171875,690.0606079101562,5048,961.0,619.0,1067.0,689.0,0.11127659678459167,yellow,0.0584389865398407
video_01,q003,a yellow car,51.0,0.5847557783126831,0.10102485120296478,1.0050430297851562,1.3027695417404175,1.191122055053711,1010.4717407226562,585.8442993164062,1105.3175048828125,655.4270629882812,4280,1012.0,589.0,1103.0,655.0,0.11416879296302795,yellow,0.04275700822472572
video_01,q003,a yellow car,51.5,0.2759992182254791,0.10639247298240662,-1.2282896041870117,1.8277156352996826,0.6817137002944946,1117.302001953125,460.21148681640625,1181.4139404296875,508.832763671875,2224,1117.0,463.0,1180.0,508.0,0.10527222603559494,yellow,0.008992806077003479
video_01,q003,a yellow car,52.0,0.286244660615921,0.0966743752360344,-1.1541811227798462,0.8772989511489868,0.11549389362335205,1092.1251220703125,534.467041015625,1171.76806640625,592.0476684570312,2629,1094.0,537.0,1171.0,590.0,0.09741580486297607,yellow,0.025104602798819542
video_01,q003,a yellow car,52.5,0.38897639513015747,0.10692968219518661,-0.4110904037952423,1.8802540302276611,1.020999789237976,1027.3758544921875,505.89105224609375,1105.4573974609375,564.294921875,3204,1028.0,509.0,1105.0,564.0,0.11064155399799347,yellow,0.008114856667816639
video_01,q003,a yellow car,53.0,0.27391207218170166,0.11006847769021988,-1.2433866262435913,2.1872239112854004,0.9007449150085449,1154.921630859375,491.22601318359375,1226.6790771484375,542.9354248046875,2435,1160.0,493.0,1225.0,542.0,0.12102694809436798,yellow,0.11663244664669037
video_01,q003,a yellow car,53.5,0.5794845819473267,0.10218121111392975,0.9669148325920105,1.4158600568771362,1.2475056648254395,936.8136596679688,552.0054931640625,1030.1026611328125,621.0865478515625,4430,937.0,556.0,1028.0,621.0,0.11003071814775467,yellow,0.010835214518010616
video_01,q003,a yellow car,54.0,0.5609484314918518,0.10137584060430527,0.8328370451927185,1.337095856666565,1.1479988098144531,900.2948608398438,570.7610473632812,998.8434448242188,644.333740234375,4928,901.0,574.0,998.0,643.0,0.10903163999319077,yellow,0.02780032530426979
video_01,q003,a yellow car,54.5,0.7469639778137207,0.10726393759250641,2.1783456802368164,1.912943720817566,2.0124692916870117,872.753173828125,580.8605346679688,977.5213623046875,662.4703369140625,5444,873.0,588.0,974.0,662.0,0.11182691156864166,yellow,0.041513592004776
video_01,q003,a yellow car,55.0,0.6537889242172241,0.0994272232055664,1.5043812990188599,1.1465237140655518,1.2807202339172363,857.817626953125,592.2552490234375,965.4511108398438,672.3796997070312,5741,858.0,595.0,963.0,671.0,0.10187367349863052,yellow,0.03501132130622864
video_01,q003,a yellow car,55.5,0.6658015251159668,0.09929761290550232,1.591272234916687,1.1338480710983276,1.3053821325302124,849.553466796875,596.0635375976562,960.111328125,676.185302734375,5854,852.0,599.0,957.0,675.0,0.10234775394201279,yellow,0.033823028206825256
video_01,q003,a yellow car,56.0,0.7245467305183411,0.09309448301792145,2.0161945819854736,0.5271903872489929,1.0855669975280762,846.3172607421875,597.197021484375,956.48388671875,679.2258911132812,5912,849.0,601.0,954.0,678.0,0.10287275910377502,yellow,0.029262516647577286
video_01,q003,a yellow car,56.5,0.7172869443893433,0.09611767530441284,1.9636824131011963,0.8228544592857361,1.2506649494171143,842.2345581054688,599.971435546875,952.865966796875,682.2998046875,6010,843.0,604.0,951.0,682.0,0.10913068801164627,yellow,0.027287853881716728
video_01,q003,a yellow car,57.0,0.6754642724990845,0.09543296694755554,1.6611659526824951,0.7558909058570862,1.0953689813613892,835.3466796875,605.2047729492188,945.8446044921875,687.261962890625,6075,836.0,608.0,944.0,686.0,0.10808710753917694,yellow,0.02633744850754738
video_01,q003,a yellow car,57.5,0.6987247467041016,0.0934702605009079,1.8294161558151245,0.5639408826828003,1.0384941101074219,819.6786499023438,613.1677856445312,933.017578125,697.7431030273438,6332,820.0,617.0,930.0,697.0,0.10462118685245514,yellow,0.01579279825091362
video_01,q003,a yellow car,58.0,0.7582602500915527,0.0989692211151123,2.2600550651550293,1.101731777191162,1.5361030101776123,796.5299072265625,626.0460205078125,914.92529296875,712.5228271484375,6813,798.0,629.0,913.0,712.0,0.11068922281265259,yellow,0.021576398983597755
video_01,q003,a yellow car,58.5,0.6909188032150269,0.09890492260456085,1.7729533910751343,1.0954434871673584,1.3495097160339355,762.7359619140625,644.1405029296875,886.3843383789062,717.0880126953125,6747,763.0,647.0,885.0,720.0,0.1101185753941536,yellow,0.016007114201784134
video_01,q003,a yellow car,59.0,0.5131974220275879,0.10776142030954361,0.4874390959739685,1.9615968465805054,1.408787727355957,729.8157348632812,667.7147216796875,851.1725463867188,717.3831176757812,4609,729.0,670.0,850.0,720.0,0.10957062244415283,yellow,0.00998047273606062
video_01,q003,a yellow car,59.5,0.4126482307910919,0.08851668983697891,-0.23986461758613586,0.07948842644691467,-0.04026896879076958,430.9747619628906,393.23626708984375,511.4788513183594,443.86785888671875,2402,433.0,397.0,511.0,442.0,0.09519454836845398,yellow,0.019567027688026428
video_01,q003,a yellow car,60.0,0.42918798327445984,0.09081612527370453,-0.12022742629051208,0.30437007546424866,0.14514601230621338,431.0585021972656,393.1654968261719,511.4628601074219,443.8488464355469,2393,434.0,397.0,511.0,442.0,0.09425987303256989,yellow,0.017133304849267006
video_01,q003,a yellow car,60.5,0.42297735810279846,0.08870511502027512,-0.16515082120895386,0.0979161486029625,-0.0007339641451835632,431.3751525878906,393.3599853515625,511.34136962890625,443.66912841796875,2397,434.0,397.0,511.0,441.0,0.093116894364357,yellow,0.019190654158592224
video_01,q003,a yellow car,61.0,0.43814578652381897,0.08824522793292999,-0.05543283745646477,0.052939821034669876,0.012300074100494385,431.02349853515625,393.2579040527344,511.6318359375,443.96563720703125,2413,434.0,397.0,511.0,442.0,0.09608200192451477,yellow,0.021964360028505325
video_01,q003,a yellow car,61.5,0.4386799931526184,0.08803714066743851,-0.05156875401735306,0.03258916735649109,0.0010299459099769592,431.05975341796875,393.2287902832031,511.5514831542969,443.8660583496094,2389,434.0,397.0,511.0,442.0,0.0907740592956543,yellow,0.02134784497320652
video_01,q003,a yellow car,62.0,0.41378891468048096,0.08779153972864151,-0.23161369562149048,0.008569730445742607,-0.08149905502796173,431.1907653808594,393.2098693847656,511.4517517089844,443.8377990722656,2377,434.0,397.0,511.0,441.0,0.09066403657197952,yellow,0.02355910837650299
video_01,q003,a yellow car,62.5,0.4095665514469147,0.08976967632770538,-0.2621553838253021,0.2020287960767746,0.027959734201431274,431.1915588378906,393.2386169433594,511.365966796875,443.73675537109375,2383,434.0,397.0,511.0,441.0,0.09045001864433289,yellow,0.01636592485010624
video_01,q003,a yellow car,63.0,0.41520002484321594,0.09044913947582245,-0.2214066982269287,0.2684793770313263,0.08477209508419037,431.27227783203125,393.2701110839844,511.2416076660156,443.65472412109375,2385,434.0,397.0,511.0,442.0,0.09403088688850403,yellow,0.01886792480945587
video_01,q003,a yellow car,63.5,0.42663246393203735,0.08832540363073349,-0.1387123018503189,0.06078089401125908,-0.014029055833816528,431.087646484375,393.1590881347656,511.3706970214844,443.6688232421875,2378,434.0,396.0,511.0,442.0,0.09781995415687561,yellow,0.01766190119087696
video_01,q003,a yellow car,64.0,0.44466108083724976,0.08858382701873779,-0.008305677212774754,0.08605434745550156,0.050669338554143906,431.223388671875,393.3107604980469,511.23681640625,443.7084045410156,2361,434.0,397.0,511.0,441.0,0.0903034582734108,yellow,0.013553579337894917
video_01,q003,a yellow car,64.5,0.43077734112739563,0.08814581483602524,-0.10873110592365265,0.04321735352277756,-0.013763319700956345,431.3296203613281,393.2458190917969,511.2670593261719,443.67633056640625,2377,434.0,397.0,511.0,441.0,0.09208553284406662,yellow,0.021455615758895874
video_01,q003,a yellow car,65.0,0.4281383156776428,0.09057702869176865,-0.1278200000524521,0.2809867560863495,0.12768423557281494,431.30560302734375,393.26776123046875,511.297607421875,443.7342224121094,2388,434.0,397.0,511.0,441.0,0.09227979928255081,yellow,0.02010050229728222
video_01,q003,a yellow car,65.5,0.42275869846343994,0.08888144791126251,-0.16673244535923004,0.11516126990318298,0.009451128542423248,431.3082275390625,393.2012023925781,511.3712158203125,443.76483154296875,2376,434.0,397.0,511.0,441.0,0.09054599702358246,yellow,0.02988215535879135
video_01,q003,a yellow car,66.0,0.4108731150627136,0.08951820433139801,-0.25270459055900574,0.17743517458438873,0.016132764518260956,431.4984130859375,393.2505798339844,511.10931396484375,443.688232421875,2372,434.0,396.0,511.0,441.0,0.09021755307912827,yellow,0.029932545498013496
video_01,q003,a yellow car,66.5,0.4141378104686737,0.089455246925354,-0.22909002006053925,0.17127802968025208,0.02114000916481018,431.2190246582031,393.2164001464844,511.2245178222656,443.7071533203125,2372,433.0,396.0,511.0,442.0,0.09316422045230865,yellow,0.02908937633037567
video_01,q003,a yellow car,67.0,0.4065532684326172,0.08770453929901123,-0.28395140171051025,6.12071598879993e-05,-0.10644352436065674,430.91046142578125,393.2246398925781,511.23583984375,443.5464782714844,2369,434.0,396.0,511.0,442.0,0.09906970709562302,yellow,0.03334740549325943
video_01,q003,a yellow car,67.5,0.4333510100841522,0.08822645246982574,-0.09011495113372803,0.051103606820106506,-0.001853354275226593,430.842529296875,393.1029357910156,511.5946044921875,443.5578918457031,2387,433.0,396.0,511.0,442.0,0.09621412307024002,yellow,0.022203603759407997
video_01,q003,a yellow car,68.0,0.43196728825569153,0.08707958459854126,-0.10012384504079819,-0.061058513820171356,-0.07570801675319672,430.833984375,393.09588623046875,511.3885498046875,443.5045166015625,2375,433.0,396.0,511.0,441.0,0.09245698899030685,yellow,0.022736841812729836
video_01,q003,a yellow car,68.5,0.424709677696228,0.0894852876663208,-0.15262040495872498,0.17421597242355347,0.05165233090519905,431.025634765625,392.994873046875,511.3104248046875,443.5830383300781,2384,433.0,396.0,511.0,442.0,0.0985061526298523,yellow,0.03313758224248886
video_01,q003,a yellow car,69.0,0.4185596704483032,0.0887599065899849,-0.19710533320903778,0.10327469557523727,-0.009367816150188446,430.8070373535156,393.02825927734375,511.4070129394531,443.63702392578125,2382,433.0,396.0,511.0,442.0,0.09815411269664764,yellow,0.032745592296123505
video_01,q003,a yellow car,69.5,0.42265456914901733,0.08682980388402939,-0.16748565435409546,-0.08548672497272491,-0.11623632162809372,430.84283447265625,393.10064697265625,511.44476318359375,443.62066650390625,2379,433.0,396.0,511.0,442.0,0.09978105872869492,yellow,0.028163094073534012
video_01,q003,a yellow car,70.0,0.4218330383300781,0.08875754475593567,-0.17342804372310638,0.10304370522499084,-0.0006332024931907654,430.8565979003906,393.1289367675781,511.4590148925781,443.6102600097656,2374,433.0,396.0,511.0,442.0,0.10203030705451965,yellow,0.02906486950814724
video_01,q003,a yellow car,70.5,0.39903005957603455,0.08759883046150208,-0.33836910128593445,-0.010276973247528076,-0.13331151008605957,431.1415100097656,393.13372802734375,511.1540222167969,443.58251953125,2361,434.0,396.0,511.0,442.0,0.10045427083969116,yellow,0.015671325847506523
video_01,q003,a yellow car,71.0,0.41451147198677063,0.08710785955190659,-0.22638721764087677,-0.058293260633945465,-0.12132849544286728,431.0533142089844,392.98907470703125,511.2062072753906,443.5459899902344,2374,434.0,396.0,511.0,441.0,0.09540514647960663,yellow,0.018534120172262192
video_01,q003,a yellow car,71.5,0.4212001860141754,0.08797930181026459,-0.1780056655406952,0.0269326064735651,-0.049919240176677704,431.0572814941406,393.11468505859375,511.1820068359375,443.5699157714844,2361,434.0,396.0,511.0,441.0,0.09144698083400726,yellow,0.016518425196409225
video_01,q003,a yellow car,72.0,0.4095160663127899,0.08705386519432068,-0.26252055168151855,-0.06357383728027344,-0.13817885518074036,430.9169006347656,393.0869140625,511.37664794921875,443.62847900390625,2359,434.0,397.0,511.0,441.0,0.09805452823638916,yellow,0.015684612095355988
video_01,q003,a yellow car,72.5,0.42213326692581177,0.08799804747104645,-0.1712563931941986,0.028765907511115074,-0.046242453157901764,430.8168029785156,393.1595153808594,511.5313720703125,443.6624755859375,2359,434.0,397.0,511.0,441.0,0.09826381504535675,yellow,0.017804155126214027
video_01,q003,a yellow car,73.0,0.4175189435482025,0.0889568105340004,-0.20463323593139648,0.12253163009881973,-0.00015519559383392334,430.9485168457031,393.0003967285156,511.5562744140625,443.60943603515625,2366,434.0,396.0,511.0,441.0,0.08897826075553894,yellow,0.027049873024225235
video_01,q003,a yellow car,73.5,0.36043429374694824,0.10956395417451859,-0.6175443530082703,2.1378822326660156,1.1045973300933838,893.7625732421875,676.1005859375,1005.9931030273438,717.5864868164062,3311,893.0,680.0,1006.0,720.0,0.10837753117084503,yellow,0.0
video_01,q003,a yellow car,74.0,0.32057246565818787,0.08764208853244781,-0.905877411365509,-0.00604639295488596,-0.343483030796051,431.70782470703125,392.987060546875,510.6901550292969,443.6102600097656,2366,434.0,396.0,511.0,441.0,0.09122022986412048,yellow,0.019019441679120064
video_01,q003,a yellow car,74.5,0.37333300709724426,0.08860399574041367,-0.5242438912391663,0.08802682161331177,-0.1415747106075287,431.2796630859375,393.0585021972656,511.19451904296875,443.755859375,2354,434.0,396.0,511.0,441.0,0.09337872266769409,yellow,0.02166525088250637
video_01,q003,a yellow car,75.0,0.28061941266059875,0.08609434962272644,-1.1948703527450562,-0.15741315484046936,-0.5464595556259155,1030.0380859375,588.9646606445312,1123.416259765625,655.02880859375,4097,1030.0,592.0,1122.0,654.0,0.10937000811100006,yellow,0.010739565826952457
video_01,q003,a yellow car,75.5,0.4216969311237335,0.08805860579013824,-0.1744125485420227,0.03468842804431915,-0.04372444003820419,431.4994812011719,393.2243347167969,510.94244384765625,443.56170654296875,2380,434.0,397.0,511.0,442.0,0.09601034224033356,yellow,0.03613445535302162
video_01,q003,a yellow car,76.0,0.40781286358833313,0.08807625621557236,-0.2748403549194336,0.03641461580991745,-0.08030599355697632,431.3244934082031,393.2018737792969,510.8483581542969,443.6031188964844,2378,434.0,397.0,511.0,442.0,0.09735260903835297,yellow,0.0357443243265152
video_01,q003,a yellow car,76.5,0.42838817834854126,0.08829661458730698,-0.1260126680135727,0.057965364307165146,-0.011026397347450256,431.25518798828125,393.16595458984375,511.114501953125,443.73681640625,2362,434.0,397.0,511.0,441.0,0.0944504365324974,yellow,0.02455546148121357
video_01,q003,a yellow car,77.0,0.2784355878829956,0.0910564661026001,-1.210666537284851,0.3278750777244568,-0.24907800555229187,1165.4835205078125,503.6591491699219,1235.39404296875,552.9010009765625,1779,1168.0,506.0,1234.0,551.0,0.10930302739143372,yellow,0.008431702852249146
video_01,q003,a yellow car,77.5,0.4064340591430664,0.08803800493478775,-0.28481367230415344,0.03267369419336319,-0.08638407289981842,431.35809326171875,393.156005859375,511.1337890625,443.7878723144531,2353,434.0,397.0,510.0,441.0,0.09472301602363586,yellow,0.03569910675287247
video_01,q003,a yellow car,78.0,0.25687575340270996,0.09128843247890472,-1.366615653038025,0.35056108236312866,-0.29338017106056213,1094.1689453125,470.9394226074219,1165.549072265625,521.5721435546875,2529,1093.0,470.0,1163.0,520.0,0.10053195059299469,yellow,0.0
video_01,q003,a yellow car,78.5,0.4119206666946411,0.08533112704753876,-0.24512732028961182,-0.23205527663230896,-0.23695729672908783,431.5462646484375,393.1022644042969,511.0281982421875,443.72607421875,2354,434.0,397.0,511.0,441.0,0.09129571914672852,yellow,0.028886999934911728
video_01,q003,a yellow car,79.0,0.2645595669746399,0.09927856922149658,-1.311036229133606,1.1319855451583862,0.21585237979888916,1041.914794921875,497.5814514160156,1119.9696044921875,555.0603637695312,3102,1042.0,501.0,1118.0,554.0,0.1022828072309494,yellow,0.004513217136263847
video_01,q003,a yellow car,79.5,0.2728821635246277,0.09564387053251266,-1.2508362531661987,0.7765169739723206,0.01625952124595642,1132.6490478515625,449.3062744140625,1196.3302001953125,493.94097900390625,2052,1134.0,452.0,1195.0,493.0,0.1081467717885971,yellow,0.02144249528646469
video_01,q003,a yellow car,80.0,0.3749181926250458,0.09943997859954834,-0.5127777457237244,1.1477712392807007,0.5250654220581055,1116.4844970703125,456.84185791015625,1183.624755859375,504.67529296875,2215,1118.0,460.0,1182.0,503.0,0.11126481741666794,yellow,0.03476297855377197
video_01,q003,a yellow car,80.5,0.29414358735084534,0.09469962120056152,-1.0970457792282104,0.6841707229614258,0.01621454954147339,1099.0772705078125,466.8652648925781,1166.85693359375,515.3182373046875,2390,1099.0,469.0,1166.0,515.0,0.1081012561917305,yellow,0.011297071352601051
video_01,q003,a yellow car,81.0,0.2523627281188965,0.10217621922492981,-1.3992596864700317,1.4153717756271362,0.35988497734069824,1156.337158203125,507.77447509765625,1226.372314453125,558.335693359375,2584,1158.0,511.0,1224.0,559.0,0.08571690320968628,yellow,0.07856037467718124
video_01,q003,a yellow car,81.5,0.36836111545562744,0.08736608177423477,-0.560207188129425,-0.03303947672247887,-0.23072737455368042,431.6789245605469,393.1841735839844,510.7537841796875,443.6148376464844,2363,434.0,397.0,511.0,441.0,0.09518562257289886,yellow,0.027084214612841606
video_01,q003,a yellow car,82.0,0.3060666620731354,0.09826333075761795,-1.0108023881912231,1.0326966047286987,0.266384482383728,1037.047607421875,497.99249267578125,1113.1822509765625,553.5769653320312,3070,1038.0,501.0,1112.0,553.0,0.10581505298614502,yellow,0.02117263898253441
video_01,q003,a yellow car,82.5,0.34786975383758545,0.10676746070384979,-0.7084276080131531,1.8643889427185059,0.8995828032493591,1025.7777099609375,505.2321472167969,1104.9697265625,561.9453735351562,3261,1025.0,507.0,1104.0,560.0,0.1102224588394165,yellow,0.019932536408305168
video_01,q003,a yellow car,83.0,0.3755480647087097,0.10552441328763962,-0.5082216858863831,1.7428206205368042,0.8986797332763672,1015.40673828125,508.8854675292969,1095.7840576171875,567.7484741210938,3357,1015.0,512.0,1094.0,567.0,0.1069299653172493,yellow,0.039916593581438065
video_01,q003,a yellow car,83.5,0.3522762656211853,0.10465647280216217,-0.6765539050102234,1.6579372882843018,0.782503068447113,1007.9444580078125,512.7664794921875,1091.0859375,571.5291748046875,3411,1008.0,516.0,1088.0,571.0,0.11107174307107925,yellow,0.024333039298653603
video_01,q003,a yellow car,84.0,0.3465898334980011,0.1013156920671463,-0.7176856398582458,1.3312134742736816,0.5628763437271118,1002.515625,515.7100219726562,1086.7833251953125,575.0092163085938,3490,1002.0,518.0,1084.0,574.0,0.10610498487949371,yellow,0.01633237861096859
video_01,q003,a yellow car,84.5,0.40376582741737366,0.10224754363298416,-0.30411383509635925,1.4223471879959106,0.7749242782592773,998.4918823242188,517.2927856445312,1083.7501220703125,577.1581420898438,3539,999.0,520.0,1082.0,576.0,0.1105947196483612,yellow,0.006781576666980982
video_01,q003,a yellow car,85.0,0.4136083722114563,0.09966202080249786,-0.2329196184873581,1.16948664188385,0.6435842514038086,994.49951171875,520.1051025390625,1080.71435546875,579.6093139648438,3596,995.0,521.0,1078.0,579.0,0.10841505229473114,yellow,0.02252502739429474
video_01,q003,a yellow car,85.5,0.3619757294654846,0.10591654479503632,-0.6063946485519409,1.7811706066131592,0.8858336806297302,989.2681884765625,522.0328979492188,1075.502197265625,583.1786499023438,3649,990.0,525.0,1074.0,583.0,0.10853762179613113,yellow,0.015346670523285866
video_01,q003,a yellow car,86.0,0.471261203289032,0.10495287925004959,0.18410131335258484,1.6869254112243652,1.1233664751052856,981.5059814453125,526.3741455078125,1069.8302001953125,587.2743530273438,3737,982.0,529.0,1068.0,587.0,0.11384233832359314,yellow,0.03291410207748413
video_01,q003,a yellow car,86.5,0.3341410756111145,0.10365387052297592,-0.8077313899993896,1.5598840713500977,0.6720283031463623,974.4284057617188,530.3406982421875,1063.7989501953125,592.3659057617188,3878,974.0,533.0,1062.0,592.0,0.11149100959300995,yellow,0.037132542580366135
video_01,q003,a yellow car,87.0,0.3051898777484894,0.10469946265220642,-1.0171444416046143,1.6621415615081787,0.6574093103408813,964.4091796875,534.5780029296875,1055.47265625,597.3447875976562,3969,965.0,537.0,1053.0,597.0,0.11393359303474426,yellow,0.03653313219547272
video_01,q003,a yellow car,87.5,0.3422909677028656,0.10550317168235779,-0.7487806677818298,1.7407432794570923,0.8071718215942383,946.3507080078125,537.6949462890625,1048.477294921875,599.6237182617188,3851,958.0,540.0,1047.0,600.0,0.10840530693531036,yellow,0.01168527640402317
video_01,q003,a yellow car,88.0,0.46834227442741394,0.10437732934951782,0.16298779845237732,1.6306374073028564,1.0802687406539917,944.200927734375,539.2488403320312,1044.2802734375,604.803955078125,3992,952.0,543.0,1044.0,605.0,0.12014493346214294,yellow,0.02605210430920124
video_01,q003,a yellow car,88.5,0.3992052376270294,0.10420726239681244,-0.3371019959449768,1.6140050888061523,0.8823399543762207,943.9031982421875,541.0350952148438,1042.5302734375,605.8051147460938,3908,951.0,544.0,1042.0,606.0,0.10367119312286377,yellow,0.015097236260771751
video_01,q003,a yellow car,89.0,0.42941805720329285,0.099797822535038,-0.1185632273554802,1.1827678680419922,0.6947687268257141,943.00341796875,541.68359375,1042.279052734375,606.5101318359375,3898,951.0,544.0,1042.0,607.0,0.1075257658958435,yellow,0.0369420200586319
video_01,q003,a yellow car,89.5,0.48838523030281067,0.0960579663515091,0.3079647421836853,0.8170149922370911,0.6261211633682251,942.7637329101562,541.6068725585938,1042.37158203125,606.539794921875,3947,950.0,544.0,1041.0,607.0,0.1111881285905838,yellow,0.0339498370885849
video_01,q003,a yellow car,90.0,0.44673264026641846,0.09973694384098053,0.006678558886051178,1.1768139600753784,0.7380132079124451,942.9767456054688,542.3028564453125,1042.3228759765625,606.5299682617188,4005,948.0,545.0,1041.0,607.0,0.10736295580863953,yellow,0.034207239747047424
video_01,q003,a yellow car,90.5,0.41682276129722595,0.10130476206541061,-0.20966893434524536,1.3301445245742798,0.7527144551277161,944.0408325195312,543.2855224609375,1041.2122802734375,608.650146484375,4082,946.0,546.0,1039.0,608.0,0.10825089365243912,yellow,0.03258206695318222
video_01,q003,a yellow car,91.0,0.43923419713974,0.1011032983660698,-0.04756002128124237,1.3104416131973267,0.801190972328186,940.4544677734375,543.916748046875,1036.6903076171875,611.3247680664062,4136,943.0,548.0,1035.0,610.0,0.10895851999521255,yellow,0.023694390431046486
video_01,q003,a yellow car,91.5,0.4964044690132141,0.09864915162324905,0.3659704029560089,1.0704294443130493,0.8062573075294495,935.7903442382812,548.6985473632812,1030.6728515625,615.5215454101562,4247,936.0,552.0,1029.0,615.0,0.10778731852769852,yellow,0.019543206319212914
video_01,q003,a yellow car,92.0,0.5655292868614197,0.10276392102241516,0.8659718036651611,1.4728482961654663,1.2452696561813354,925.8880615234375,553.872314453125,1023.697998046875,621.1761474609375,4501,926.0,557.0,1023.0,620.0,0.1071367934346199,yellow,0.03310375288128853
video_01,q003,a yellow car,92.5,0.6189807653427124,0.10369035601615906,1.2526030540466309,1.5634523630142212,1.4468839168548584,915.171630859375,558.7242431640625,1014.01318359375,627.7415161132812,4703,916.0,562.0,1013.0,627.0,0.10594871640205383,yellow,0.02317669615149498
video_01,q003,a yellow car,93.0,0.5667775273323059,0.10805749148130417,0.8750007152557373,1.9905521869659424,1.5722203254699707,902.30712890625,566.0236206054688,1003.41748046875,636.112548828125,4882,903.0,568.0,1003.0,635.0,0.10828746110200882,yellow,0.035641130059957504
video_01,q003,a yellow car,93.5,0.6156519055366516,0.10746347159147263,1.2285243272781372,1.9324579238891602,1.668482780456543,889.758544921875,571.4576416015625,995.17431640625,644.817138671875,5099,891.0,575.0,993.0,644.0,0.1062534898519516,yellow,0.024906843900680542
video_01,q003,a yellow car,94.0,0.6535583138465881,0.09810563176870346,1.5027133226394653,1.0172739028930664,1.1993136405944824,822.6998901367188,607.0321044921875,938.0634765625,688.6766357421875,6282,824.0,610.0,936.0,687.0,0.10916267335414886,yellow,0.024196116253733635
video_01,q003,a yellow car,94.5,0.657642662525177,0.10273953527212143,1.5322566032409668,1.4704633951187134,1.493635892868042,787.84130859375,623.0166015625,911.256591796875,710.0830078125,6939,790.0,627.0,908.0,709.0,0.10713443905115128,yellow,0.021328721195459366
video_01,q003,a yellow car,95.0,0.6508652567863464,0.10489246249198914,1.4832335710525513,1.6810166835784912,1.6068480014801025,745.174072265625,646.8330078125,874.4578857421875,717.6333618164062,6764,745.0,650.0,873.0,720.0,0.10884974896907806,yellow,0.013601419515907764
video_01,q003,a yellow car,95.5,0.29956018924713135,0.11128580570220947,-1.0578657388687134,2.30627703666687,1.0447235107421875,709.144775390625,673.8280029296875,830.2666015625,717.3545532226562,3974,709.0,677.0,831.0,720.0,0.1121697723865509,yellow,0.02340211346745491
video_01,q003,a yellow car,96.0,0.5480978488922119,0.0889965146780014,0.7398847937583923,0.12641464173793793,0.3564659357070923,931.0736694335938,558.2647094726562,1024.8140869140625,627.6849975585938,4409,932.0,561.0,1023.0,626.0,0.10237657278776169,yellow,0.014062145724892616
video_01,q003,a yellow car,96.5,0.5962156057357788,0.08861196041107178,1.0879355669021606,0.08880575746297836,0.4634794592857361,915.6969604492188,566.7380981445312,1012.1927490234375,637.8658447265625,4643,917.0,570.0,1010.0,636.0,0.10355889052152634,yellow,0.014645703136920929
video_01,q003,a yellow car,97.0,0.6767714619636536,0.09718691557645798,1.6706212759017944,0.9274247288703918,1.2061233520507812,902.5112915039062,574.25244140625,1000.9872436523438,646.279052734375,4785,904.0,577.0,999.0,645.0,0.0999840572476387,yellow,0.007732497528195381
video_01,q003,a yellow car,97.5,0.5929446816444397,0.08573740720748901,1.0642759799957275,-0.19232162833213806,0.27890247106552124,892.0361328125,580.1221923828125,991.5597534179688,653.8726196289062,4963,893.0,583.0,990.0,653.0,0.09802499413490295,yellow,0.014507354237139225
video_01,q003,a yellow car,98.0,0.505389392375946,0.09286441653966904,0.43096116185188293,0.5046901702880859,0.4770417809486389,886.1603393554688,588.6072998046875,981.2943115234375,662.68603515625,4990,887.0,590.0,979.0,663.0,0.10177922248840332,yellow,0.011022044345736504
video_01,q003,a yellow car,98.5,0.6257144212722778,0.09077740460634232,1.3013097047805786,0.30058324337005615,0.6758556962013245,884.8983154296875,594.8309936523438,973.078369140625,673.8670043945312,4910,887.0,598.0,971.0,673.0,0.10015034675598145,yellow,0.010386965237557888
video_01,q003,a yellow car,99.0,0.459102064371109,0.09358213096857071,0.0961504653096199,0.5748816728591919,0.3953574597835541,892.7247314453125,603.4454345703125,972.1578979492188,688.3792114257812,4897,895.0,606.0,969.0,686.0,0.10248351097106934,yellow,0.010006126016378403
video_01,q003,a yellow car,99.5,0.3907301127910614,0.09227748960256577,-0.3984052240848541,0.44728952646255493,0.13015398383140564,898.9987182617188,616.3265380859375,990.7406616210938,705.4140014648438,5707,902.0,620.0,989.0,704.0,0.09650067985057831,yellow,0.003329244675114751
video_01,q003,a yellow car,100.0,0.370419979095459,0.08903007954359055,-0.5453147292137146,0.12969723343849182,-0.12343224883079529,911.4203491210938,637.4723510742188,1031.9410400390625,717.4564819335938,6893,914.0,641.0,1033.0,720.0,0.0984131395816803,yellow,0.0024662702344357967
video_01,q003,a yellow car,100.5,0.439014196395874,0.08646418154239655,-0.049151357263326645,-0.12124409526586533,-0.09420932084321976,431.2088623046875,393.1853332519531,511.0587158203125,443.88507080078125,2367,434.0,396.0,511.0,442.0,0.09685736894607544,yellow,0.03084072656929493
video_01,q003,a yellow car,101.0,0.43016454577445984,0.0858941599726677,-0.11316364258527756,-0.17699143290519714,-0.15305601060390472,431.3459777832031,393.2016296386719,511.3069152832031,443.87469482421875,2367,434.0,396.0,511.0,441.0,0.08675113320350647,yellow,0.03295310586690903
video_01,q003,a yellow car,101.5,0.46539196372032166,0.08698704838752747,0.14164727926254272,-0.07010842859745026,0.00929996371269226,431.037353515625,393.1293640136719,511.56591796875,444.0228271484375,2367,433.0,396.0,511.0,441.0,0.08712643384933472,yellow,0.03168567642569542
video_01,q003,a yellow car,102.0,0.4341161251068115,0.09025780856609344,-0.08458063751459122,0.24976746737957,0.12438692897558212,431.07025146484375,392.91864013671875,511.3070068359375,443.8965759277344,2370,433.0,396.0,511.0,441.0,0.09229537844657898,yellow,0.029113924130797386
video_01,q003,a yellow car,102.5,0.435942679643631,0.08803431689739227,-0.07136859744787216,0.03231300786137581,-0.006567593663930893,431.0444641113281,393.1452941894531,511.469970703125,443.90777587890625,2359,433.0,396.0,511.0,441.0,0.09098963439464569,yellow,0.025010596960783005
video_01,q003,a yellow car,103.0,0.45099717378616333,0.08631105720996857,0.03752526268362999,-0.13621944189071655,-0.07106518000364304,430.96270751953125,393.1114196777344,511.273681640625,443.974609375,2369,433.0,396.0,511.0,442.0,0.09691259264945984,yellow,0.01392992865294218
video_01,q003,a yellow car,103.5,0.430336058139801,0.08968496322631836,-0.11192303895950317,0.1937439739704132,0.07911884039640427,431.07403564453125,393.0982971191406,511.3563232421875,444.03466796875,2361,433.0,396.0,511.0,441.0,0.09625688195228577,yellow,0.012706479988992214
video_01,q003,a yellow car,104.0,0.4235785901546478,0.08979406207799911,-0.16080191731452942,0.20441369712352753,0.06745783984661102,431.1268310546875,393.1056823730469,511.5552062988281,443.96087646484375,2348,433.0,396.0,511.0,441.0,0.09465199708938599,yellow,0.013202725909650326
video_01,q003,a yellow car,104.5,0.27715107798576355,0.11008010804653168,-1.2199578285217285,2.188361406326294,0.9102416634559631,1151.423828125,442.25946044921875,1210.6363525390625,485.87945556640625,1797,1153.0,445.0,1209.0,484.0,0.10979989171028137,yellow,0.011686143465340137
video_01,q003,a yellow car,105.0,0.4098680019378662,0.1088787391781807,-0.2599748969078064,2.070869207382202,1.1968027353286743,1127.832275390625,453.27783203125,1192.99609375,499.2044677734375,2147,1128.0,457.0,1192.0,499.0,0.11604902148246765,yellow,0.006054960191249847
video_01,q003,a yellow car,105.5,0.38209471106529236,0.0985146313905716,-0.4608677625656128,1.057273507118225,0.4879705309867859,1105.786865234375,463.7208557128906,1174.83935546875,513.6996459960938,2352,1107.0,467.0,1173.0,512.0,0.11396577954292297,yellow,0.012755102477967739
video_01,q003,a yellow car,106.0,0.4898805618286133,0.09705676883459091,0.31878095865249634,0.9146965146064758,0.6912281513214111,1082.43505859375,476.34332275390625,1153.904296875,527.9973754882812,2293,1083.0,479.0,1152.0,524.0,0.10974719375371933,yellow,0.020933276042342186
video_01,q003,a yellow car,106.5,0.2625429630279541,0.10203106701374054,-1.3256229162216187,1.40117609500885,0.3786264657974243,1059.9329833984375,488.80645751953125,1128.909423828125,540.5155029296875,2312,1060.0,491.0,1128.0,539.0,0.10377611219882965,yellow,0.024221453815698624
video_01,q003,a yellow car,107.0,0.42340099811553955,0.10219429433345795,-0.16208650171756744,1.4171395301818848,0.8249297738075256,1033.8873291015625,500.41766357421875,1113.591552734375,555.6002807617188,3143,1035.0,503.0,1112.0,554.0,0.10592451691627502,yellow,0.023226216435432434
video_01,q003,a yellow car,107.5,0.4348629117012024,0.09717640280723572,-0.07917889207601547,0.9263965487480164,0.54930579662323,1010.8428955078125,512.2200317382812,1093.9342041015625,569.7737426757812,3451,1011.0,515.0,1092.0,568.0,0.10797814279794693,yellow,0.03245436027646065
video_01,q003,a yellow car,108.0,0.45258828997612,0.09541371464729309,0.049034301191568375,0.7540080547332764,0.4896428883075714,986.3400268554688,523.8272094726562,1072.819091796875,584.1412963867188,3720,988.0,526.0,1072.0,584.0,0.10086266696453094,yellow,0.01693548448383808
video_01,q003,a yellow car,108.5,0.4998428225517273,0.09950628131628036,0.3908410966396332,1.1542555093765259,0.867975115776062,966.677734375,534.8809814453125,1056.256103515625,598.0989379882812,4010,967.0,537.0,1054.0,597.0,0.1013399139046669,yellow,0.015960099175572395
video_01,q003,a yellow car,109.0,0.6414393782615662,0.09692186862230301,1.4150532484054565,0.9015035033226013,1.094084620475769,946.9893798828125,544.8357543945312,1040.9317626953125,610.3973388671875,4255,948.0,548.0,1038.0,609.0,0.10500253736972809,yellow,0.021386604756116867
video_01,q003,a yellow car,109.5,0.6261977553367615,0.08552219718694687,1.3048057556152344,-0.21336887776851654,0.3559466004371643,932.0486450195312,553.207763671875,1028.4210205078125,620.932373046875,4491,933.0,556.0,1026.0,620.0,0.098597452044487,yellow,0.02026274800300598
video_01,q003,a yellow car,110.0,0.6584929823875427,0.0887908786535263,1.5384072065353394,0.10630371421575546,0.6433424949645996,919.930908203125,559.58740234375,1018.5986328125,628.7163696289062,4704,920.0,563.0,1015.0,628.0,0.0951385498046875,yellow,0.02380952425301075
video_01,q003,a yellow car,110.5,0.6683964729309082,0.08858004212379456,1.6100423336029053,0.08568419516086578,0.6573184728622437,911.494384765625,564.2586669921875,1011.887451171875,633.8123168945312,4850,911.0,567.0,1008.0,633.0,0.09328731894493103,yellow,0.008659793995320797
video_01,q003,a yellow car,111.0,0.6904665231704712,0.08688165247440338,1.7696819305419922,-0.0804160013794899,0.6133707165718079,905.15966796875,567.5245971679688,1006.1026611328125,637.7593383789062,4883,907.0,571.0,1003.0,637.0,0.09314584732055664,yellow,0.018636085093021393
video_01,q003,a yellow car,111.5,0.6960136294364929,0.09035532921552658,1.8098058700561523,0.25930485129356384,0.8407427072525024,898.7261962890625,570.0804443359375,1001.1715698242188,641.5784912109375,4897,900.0,574.0,998.0,640.0,0.09743458032608032,yellow,0.014702878892421722
video_01,q003,a yellow car,112.0,0.6781253814697266,0.09252938628196716,1.6804145574569702,0.47192466259002686,0.9251083731651306,890.4263305664062,576.08251953125,993.2579345703125,648.1057739257812,5006,892.0,579.0,990.0,648.0,0.10061027854681015,yellow,0.02217339165508747
video_01,q003,a yellow car,112.5,0.7154266238212585,0.09773015230894089,1.950226068496704,0.9805524945259094,1.3441801071166992,879.0357055664062,581.77294921875,983.2445678710938,657.0543212890625,5230,880.0,586.0,980.0,655.0,0.10056045651435852,yellow,0.017782026901841164
video_01,q003,a yellow car,113.0,0.7164492011070251,0.09357714653015137,1.9576226472854614,0.5743942260742188,1.0931048393249512,860.5746459960938,594.0737915039062,967.3463134765625,671.4027709960938,5593,861.0,597.0,964.0,670.0,0.0990372821688652,yellow,0.021634185686707497
video_01,q003,a yellow car,113.5,0.7420355677604675,0.08705546706914902,2.1426968574523926,-0.06341717392206192,0.7638756036758423,837.9226684570312,607.7064208984375,948.739013671875,689.0023193359375,6094,840.0,611.0,947.0,687.0,0.10009819269180298,yellow,0.02051197923719883
video_01,q003,a yellow car,114.0,0.7180132865905762,0.08590077608823776,1.9689362049102783,-0.1763443797826767,0.6281358599662781,804.160400390625,627.6453247070312,922.5342407226562,712.7252197265625,6747,805.0,632.0,919.0,713.0,0.10296554863452911,yellow,0.014524973928928375
video_01,q003,a yellow car,114.5,0.725602924823761,0.09873366355895996,2.023834466934204,1.0786945819854736,1.4331220388412476,765.5252685546875,648.8501586914062,891.2896118164062,717.6470336914062,6475,766.0,653.0,889.0,720.0,0.11304783076047897,yellow,0.011583011597394943
video_01,q003,a yellow car,115.0,0.3662914037704468,0.0970132052898407,-0.5751780271530151,0.9104360938072205,0.3533307909965515,730.0750122070312,679.692626953125,847.6299438476562,717.635009765625,3433,730.0,683.0,846.0,720.0,0.09987978637218475,yellow,0.008738712407648563
video_01,q003,a yellow car,115.5,0.3457931876182556,0.0890132486820221,-0.7234480381011963,0.12805120646953583,-0.19126100838184357,431.577880859375,393.1744079589844,511.50341796875,444.037841796875,2357,434.0,396.0,511.0,442.0,0.09421183913946152,yellow,0.021213406696915627
video_01,q003,a yellow car,116.0,0.350883811712265,0.08811751753091812,-0.6866259574890137,0.04044991731643677,-0.23220354318618774,431.6506652832031,393.0917663574219,511.2240905761719,444.0726318359375,2355,434.0,396.0,510.0,442.0,0.09433326125144958,yellow,0.018683651462197304
video_01,q003,a yellow car,116.5,0.33094877004623413,0.08896613866090775,-0.8308223485946655,0.12344390898942947,-0.23440591990947723,431.7077941894531,393.08575439453125,511.12286376953125,443.8578796386719,2352,434.0,396.0,511.0,441.0,0.08779329061508179,yellow,0.017431972548365593
video_01,q003,a yellow car,117.0,0.33698371052742004,0.08726491034030914,-0.7871697545051575,-0.042933907359838486,-0.32202234864234924,431.5484924316406,393.4254455566406,511.03955078125,443.7220458984375,2367,434.0,397.0,511.0,442.0,0.08911160379648209,yellow,0.0215462613850832
video_01,q003,a yellow car,117.5,0.33110156655311584,0.08852823078632355,-0.8297170996665955,0.08061711490154266,-0.2607582211494446,431.7729187011719,393.3896789550781,510.98565673828125,443.6305847167969,2354,434.0,397.0,511.0,442.0,0.09044820070266724,yellow,0.018691588193178177
video_01,q003,a yellow car,118.0,0.3134104013442993,0.08695006370544434,-0.9576828479766846,-0.07372547686100006,-0.405209481716156,431.79156494140625,393.35540771484375,510.89642333984375,443.72857666015625,2369,434.0,396.0,511.0,442.0,0.09763897955417633,yellow,0.019417475908994675
video_01,q003,a yellow car,118.5,0.3187425434589386,0.08820594847202301,-0.91911381483078,0.04909834265708923,-0.31398120522499084,431.8369140625,393.2383728027344,510.9627685546875,443.4967041015625,2347,434.0,396.0,511.0,442.0,0.09726837277412415,yellow,0.02939923293888569
video_01,q003,a yellow car,119.0,0.2899618446826935,0.0898125022649765,-1.127293586730957,0.20621711015701294,-0.2938494086265564,431.938232421875,393.2568054199219,510.8780517578125,443.4097595214844,2363,434.0,396.0,511.0,441.0,0.09143148362636566,yellow,0.01565806195139885
video_01,q003,a yellow car,119.5,0.28109902143478394,0.0892726257443428,-1.1914011240005493,0.1534179300069809,-0.3508892357349396,431.824462890625,393.3074951171875,510.72247314453125,443.26953125,2353,434.0,396.0,511.0,441.0,0.09243590384721756,yellow,0.014874627813696861
video_01,q003,a yellow car,120.0,0.2735726535320282,0.08881507813930511,-1.2458417415618896,0.10867039114236832,-0.3992716670036316,431.8083190917969,393.2652587890625,510.69677734375,443.5235290527344,2351,434.0,396.0,511.0,442.0,0.0962136909365654,yellow,0.02594640664756298
video_01,q003,a yellow car,120.5,0.32325080037117004,0.08907461911439896,-0.8865041732788086,0.13405315577983856,-0.24865584075450897,431.49755859375,393.51318359375,511.08636474609375,443.72808837890625,2356,434.0,396.0,511.0,442.0,0.10007809102535248,yellow,0.025891341269016266
video_01,q003,a yellow car,121.0,0.3504977226257324,0.08820445835590363,-0.6894186735153198,0.0489526093006134,-0.22793661057949066,431.68963623046875,393.69866943359375,511.02520751953125,443.6954650878906,2349,434.0,396.0,511.0,442.0,0.09738990664482117,yellow,0.014048531651496887
video_01,q003,a yellow car,121.5,0.27178868651390076,0.08663126826286316,-1.2587456703186035,-0.10490324348211288,-0.5375941395759583,433.49249267578125,393.62774658203125,510.8372497558594,443.3131408691406,2347,434.0,396.0,511.0,441.0,0.09277763962745667,yellow,0.014060502871870995
video_01,q003,a yellow car,122.0,0.28670838475227356,0.08659550547599792,-1.1508268117904663,-0.10840079188346863,-0.49931055307388306,432.31988525390625,393.16253662109375,511.1307373046875,444.0061340332031,2365,434.0,396.0,511.0,442.0,0.09629936516284943,yellow,0.012684989720582962
video_01,q003,a yellow car,122.5,0.538134753704071,0.06525499373674393,0.6678186058998108,-2.1954739093780518,-1.121739149093628,864.9872436523438,589.6044921875,975.1964721679688,666.361328125,5585,866.0,593.0,974.0,665.0,0.08010056614875793,yellow,0.012175469659268856
video_01,q003,a yellow car,123.0,0.26873406767845154,0.08750540763139725,-1.2808407545089722,-0.019413599744439125,-0.4924487769603729,432.1646728515625,393.35906982421875,510.914306640625,443.71490478515625,2342,434.0,396.0,511.0,442.0,0.09577328711748123,yellow,0.020068317651748657
video_01,q003,a yellow car,123.5,0.309174120426178,0.08703075349330902,-0.9883251786231995,-0.06583412736654282,-0.4117682874202728,432.1719665527344,393.263671875,510.8904724121094,443.48236083984375,2335,434.0,396.0,511.0,442.0,0.09773731976747513,yellow,0.020128479227423668
video_01,q003,a yellow car,124.0,0.2956530749797821,0.08533109724521637,-1.0861271619796753,-0.23205819725990295,-0.5523340702056885,431.918701171875,393.32794189453125,510.82733154296875,443.5824890136719,2339,434.0,396.0,511.0,442.0,0.09587130695581436,yellow,0.023941855877637863
video_01,q003,a yellow car,124.5,0.30337321758270264,0.08873780071735382,-1.0302848815917969,0.10111276805400848,-0.32316136360168457,431.9485168457031,393.3304443359375,511.0979919433594,443.5767822265625,2339,434.0,396.0,511.0,441.0,0.09170893579721451,yellow,0.0230867899954319
video_01,q003,a yellow car,125.0,0.38849401473999023,0.08556857705116272,-0.4145796000957489,-0.2088329941034317,-0.2859879732131958,431.32818603515625,393.35821533203125,511.2381591796875,443.7423095703125,2341,434.0,396.0,511.0,442.0,0.09313220530748367,yellow,0.020931225270032883
video_01,q003,a yellow car,125.5,0.35131126642227173,0.09001097083091736,-0.6835340261459351,0.2256270796060562,-0.11530831456184387,431.60369873046875,393.18560791015625,511.25946044921875,443.9088134765625,2371,434.0,396.0,511.0,442.0,0.09716996550559998,yellow,0.022353436797857285
video_01,q003,a yellow car,126.0,0.3430706858634949,0.08984699100255966,-0.7431407570838928,0.20959006249904633,-0.1476840078830719,431.6980285644531,393.2947082519531,511.1787109375,443.76409912109375,2362,434.0,396.0,511.0,442.0,0.0950256735086441,yellow,0.027519050985574722
video_01,q003,a yellow car,126.5,0.35518696904182434,0.08894730359315872,-0.6554998755455017,0.12160186469554901,-0.16981127858161926,431.7025146484375,393.2271728515625,511.19818115234375,443.8056335449219,2364,434.0,396.0,511.0,442.0,0.0935472697019577,yellow,0.026649747043848038
video_01,q003,a yellow car,127.0,0.3433054983615875,0.08977293968200684,-0.7414422631263733,0.20234794914722443,-0.15157338976860046,431.74383544921875,393.19659423828125,511.3471984863281,443.9088134765625,2368,434.0,396.0,511.0,442.0,0.0974588692188263,yellow,0.03167229890823364
video_01,q003,a yellow car,127.5,0.34258952736854553,0.08827990293502808,-0.7466211318969727,0.05633098632097244,-0.24477605521678925,431.7210388183594,393.22308349609375,511.2641906738281,443.7386474609375,2351,434.0,396.0,511.0,442.0,0.09937910735607147,yellow,0.022968949750065804
video_01,q003,a yellow car,128.0,0.34062448143959045,0.08906789124011993,-0.7608348727226257,0.13339516520500183,-0.2019410878419876,431.737060546875,393.1906433105469,511.25244140625,443.6629638671875,2356,434.0,396.0,511.0,442.0,0.1001545637845993,yellow,0.025042444467544556
video_01,q003,a yellow car,128.5,0.33899179100990295,0.08817333728075027,-0.7726446390151978,0.04590901359915733,-0.2610486149787903,431.84490966796875,393.2477111816406,511.24981689453125,443.6893005371094,2343,434.0,397.0,511.0,442.0,0.09511983394622803,yellow,0.021766966208815575
video_01,q003,a yellow car,129.0,0.3449409306049347,0.08875663578510284,-0.7296126484870911,0.10295481234788895,-0.20925799012184143,431.81903076171875,393.3167724609375,511.2513427734375,443.6265869140625,2320,434.0,397.0,511.0,442.0,0.09264098852872849,yellow,0.032758619636297226
video_01,q003,a yellow car,129.5,0.33778688311576843,0.08882535994052887,-0.7813601493835449,0.10967594385147095,-0.2244625985622406,432.02117919921875,393.3717346191406,511.05401611328125,443.4608154296875,2338,434.0,396.0,511.0,441.0,0.08807190507650375,yellow,0.023096663877367973
video_01,q003,a yellow car,130.0,0.3483479917049408,0.08920246362686157,-0.7049683332443237,0.14655616879463196,-0.17276550829410553,431.7553405761719,393.2954406738281,511.1941223144531,443.5251159667969,2345,434.0,396.0,511.0,441.0,0.0880010798573494,yellow,0.025159914046525955
video_01,q003,a yellow car,130.5,0.3407498598098755,0.08723600208759308,-0.7599279880523682,-0.045761093497276306,-0.3135736882686615,431.9284362792969,393.4358215332031,511.3431091308594,443.4426574707031,2334,434.0,396.0,511.0,441.0,0.0949326679110527,yellow,0.02699228748679161
video_01,q003,a yellow car,131.0,0.32915937900543213,0.0891866683959961,-0.8437655568122864,0.14501141011714935,-0.2257799506187439,431.9232177734375,393.3558349609375,511.322265625,443.5604248046875,2339,434.0,396.0,511.0,442.0,0.09730049967765808,yellow,0.029499785974621773
video_01,q003,a yellow car,131.5,0.34339532256126404,0.09002581238746643,-0.7407925128936768,0.22707855701446533,-0.13587309420108795,431.81500244140625,393.2380676269531,511.3212890625,443.637939453125,2334,434.0,396.0,511.0,441.0,0.08949059993028641,yellow,0.027420736849308014
video_01,q003,a yellow car,132.0,0.348013311624527,0.08965221047401428,-0.7073891758918762,0.19054080545902252,-0.14618295431137085,431.7663879394531,393.280029296875,511.2463073730469,443.5615539550781,2334,434.0,396.0,511.0,441.0,0.09304878115653992,yellow,0.027420736849308014
video_01,q003,a yellow car,132.5,0.3378039300441742,0.09059590101242065,-0.7812368273735046,0.28283244371414185,-0.11619353294372559,431.721435546875,393.21923828125,511.24017333984375,443.7535095214844,2341,434.0,396.0,511.0,441.0,0.0896616131067276,yellow,0.02819308079779148
video_01,q003,a yellow car,133.0,0.30216100811958313,0.09163966774940491,-1.039053201675415,0.3849114179611206,-0.14907531440258026,639.1229858398438,349.5506591796875,710.1495971679688,382.4987487792969,1654,638.0,352.0,710.0,383.0,0.10352971404790878,yellow,0.03325271978974342
video_01,q003,a yellow car,133.5,0.29145804047584534,0.0886407345533371,-1.1164711713790894,0.0916198268532753,-0.3614142835140228,619.5471801757812,347.8843688964844,698.7360229492188,381.199462890625,1738,619.0,351.0,698.0,380.0,0.09706953167915344,yellow,0.00345224398188293
video_01,q003,a yellow car,134.0,0.3929179608821869,0.0881568044424057,-0.38257983326911926,0.04429212212562561,-0.11578486859798431,431.4534912109375,393.177734375,511.0609436035156,444.0563659667969,2367,434.0,396.0,510.0,442.0,0.09327000379562378,yellow,0.034220531582832336
video_01,q003,a yellow car,134.5,0.3783749043941498,0.08803984522819519,-0.4877743124961853,0.03285367041826248,-0.16238181293010712,431.31036376953125,393.23883056640625,511.176513671875,443.9548034667969,2354,434.0,397.0,511.0,442.0,0.0868283361196518,yellow,0.033559899777173996
video_01,q003,a yellow car,135.0,0.35997435450553894,0.08831548690795898,-0.6208712458610535,0.059811051934957504,-0.19544480741024017,431.5242919921875,393.2312316894531,511.20367431640625,443.91314697265625,2364,433.0,396.0,510.0,442.0,0.0966043695807457,yellow,0.03257191181182861
video_01,q003,a yellow car,135.5,0.35365504026412964,0.08975920081138611,-0.6665807962417603,0.20100431144237518,-0.12434010207653046,431.7509765625,393.2437744140625,511.1257629394531,443.86163330078125,2343,434.0,396.0,510.0,442.0,0.09591598808765411,yellow,0.03158343955874443
video_01,q003,a yellow car,136.0,0.32375648617744446,0.08830488473176956,-0.8828463554382324,0.05877417325973511,-0.2943335175514221,431.5583801269531,393.2227783203125,511.21490478515625,443.9911193847656,2356,434.0,396.0,511.0,442.0,0.09678538143634796,yellow,0.04159592464566231
video_01,q003,a yellow car,136.5,0.6421579122543335,0.11239220947027206,1.420250654220581,2.4144818782806396,2.041645050048828,897.5723876953125,659.9640502929688,1012.3067626953125,717.6807861328125,4957,898.0,664.0,1011.0,720.0,0.11951310932636261,yellow,0.022594310343265533
video_01,q003,a yellow car,137.0,0.7588931918144226,0.1048639714717865,2.2646334171295166,1.6782302856445312,1.8981314897537231,947.8516235351562,628.1925048828125,1055.540283203125,703.9542236328125,5386,950.0,631.0,1054.0,704.0,0.11331018060445786,yellow,0.03713330999016762
video_01,q003,a yellow car,137.5,0.659110426902771,0.10165798664093018,1.5428733825683594,1.3646893501281738,1.4315083026885986,1001.0928344726562,595.7070922851562,1097.940673828125,665.6854248046875,4538,1002.0,598.0,1097.0,664.0,0.12112683057785034,yellow,0.07404142618179321
video_01,q003,a yellow car,138.0,0.5510278940200806,0.0996784120798111,0.7610787153244019,1.1710896492004395,1.0173355340957642,1064.0943603515625,556.0940551757812,1149.9649658203125,617.9581909179688,3553,1066.0,559.0,1148.0,617.0,0.11202434450387955,yellow,0.10385589301586151
video_01,q003,a yellow car,138.5,0.28563588857650757,0.10117317736148834,-1.1585845947265625,1.3172756433486938,0.3888280391693115,1103.54638671875,532.933349609375,1182.2001953125,588.806396484375,2718,1104.0,535.0,1180.0,587.0,0.11228298395872116,yellow,0.05481972172856331
video_01,q003,a yellow car,139.0,0.25149309635162354,0.09748499095439911,-1.4055500030517578,0.9565760493278503,0.07077878713607788,1148.334716796875,503.1755065917969,1218.968994140625,554.4651489257812,1996,1152.0,506.0,1216.0,554.0,0.12056542187929153,yellow,0.09118236601352692
video_01,q003,a yellow car,139.5,0.4324910640716553,0.09300464391708374,-0.09633520990610123,0.5184042453765869,0.2878769636154175,372.8468322753906,356.9618225097656,443.5096740722656,398.3558044433594,1956,374.0,358.0,443.0,398.0,0.09587012976408005,yellow,0.05163599178195
video_01,q003,a yellow car,140.0,0.2905963659286499,0.08998347818851471,-1.1227039098739624,0.22293832898139954,-0.2816774845123291,346.0528259277344,360.8460693359375,418.264892578125,405.5758056640625,2097,346.0,365.0,418.0,404.0,0.09988555312156677,yellow,0.030996661633253098
video_01,q003,a yellow car,140.5,0.4324733316898346,0.09220560640096664,-0.09646347165107727,0.4402594566345215,0.23898835480213165,974.527587890625,612.9734497070312,1082.6634521484375,687.5416870117188,5226,976.0,616.0,1081.0,687.0,0.10546289384365082,yellow,0.020283199846744537
video_01,q003,a yellow car,141.0,0.5378583073616028,0.0902942419052124,0.665818989276886,0.2533305883407593,0.4080137610435486,1027.0897216796875,581.4050903320312,1123.0806884765625,649.334716796875,4318,1028.0,584.0,1122.0,649.0,0.09800714254379272,yellow,0.01736915297806263
video_01,q003,a yellow car,141.5,0.3669253885746002,0.08609708398580551,-0.5705922245979309,-0.15714573860168457,-0.31218817830085754,1069.7198486328125,553.4906616210938,1154.7412109375,615.0439453125,3466,1071.0,556.0,1151.0,614.0,0.09992467612028122,yellow,0.03606462851166725
video_01,q003,a yellow car,142.0,0.2953783869743347,0.09053889662027359,-1.0881140232086182,0.27725750207901,-0.23475682735443115,431.947265625,393.4962463378906,510.67572021484375,443.51123046875,2372,434.0,397.0,511.0,442.0,0.09162552654743195,yellow,0.019392916932702065
video_01,q003,a yellow car,142.5,0.30765968561172485,0.09399362653493881,-0.9992795586585999,0.6151253581047058,0.009723514318466187,1145.8253173828125,503.4556884765625,1219.6923828125,555.8756713867188,2366,1157.0,506.0,1218.0,555.0,0.11803722381591797,yellow,0.03592561185359955
video_01,q003,a yellow car,143.0,0.2627859115600586,0.09234604239463806,-1.323865532875061,0.45399388670921326,-0.2127034068107605,1181.4012451171875,481.5655212402344,1246.960205078125,530.5369873046875,2122,1181.0,485.0,1246.0,531.0,0.1171809732913971,yellow,0.03675777465105057
video_01,q003,a yellow car,143.5,0.31071534752845764,0.08986072987318039,-0.9771770238876343,0.21093371510505676,-0.23460780084133148,113.29071044921875,405.0440673828125,189.26116943359375,457.84521484375,2675,116.0,409.0,187.0,458.0,0.09775390475988388,yellow,0.033271029591560364
video_01,q003,a yellow car,144.0,0.31235650181770325,0.08714989572763443,-0.9653060436248779,-0.054182179272174835,-0.3958536386489868,431.5158386230469,393.2560119628906,510.7843322753906,443.6500244140625,2352,434.0,397.0,511.0,442.0,0.09548486769199371,yellow,0.026360543444752693
video_01,q003,a yellow car,144.5,0.2888408899307251,0.08778797835111618,-1.1354018449783325,0.008221432566642761,-0.420637309551239,431.89923095703125,393.2682189941406,510.6054992675781,443.6075134277344,2340,434.0,397.0,510.0,442.0,0.09299327433109283,yellow,0.022649573162198067
video_01,q003,a yellow car,145.0,0.49030932784080505,0.07334865629673004,0.32188236713409424,-1.403924584388733,-0.7567469477653503,73.17134857177734,447.6401672363281,153.57652282714844,513.0302124023438,3251,76.0,448.0,151.0,511.0,0.058084167540073395,yellow,0.03445093706250191
video_01,q003,a yellow car,145.5,0.4952789545059204,0.060388870537281036,0.357829213142395,-2.6713740825653076,-1.535422921180725,81.8800277709961,444.8420104980469,178.14376831054688,511.4722900390625,4015,83.0,444.0,183.0,510.0,0.05929021164774895,yellow,0.05628891661763191
video_01,q003,a yellow car,146.0,0.26183027029037476,0.08768361806869507,-1.3307780027389526,-0.001984860748052597,-0.5002822875976562,432.17315673828125,393.5785827636719,510.521240234375,443.4917297363281,2341,434.0,397.0,511.0,442.0,0.09331623464822769,yellow,0.012815035879611969
video_01,q003,a yellow car,146.5,0.29806020855903625,0.09036979079246521,-1.0687155723571777,0.2607191801071167,-0.2378188520669937,431.7167663574219,393.280517578125,510.77783203125,443.61883544921875,2347,434.0,397.0,511.0,442.0,0.09341180324554443,yellow,0.01746910996735096
video_01,q003,a yellow car,147.0,0.5157634019851685,0.07983346283435822,0.5059996247291565,-0.7697193622589111,-0.2913247346878052,130.98777770996094,441.6455383300781,217.21420288085938,497.2939453125,2964,131.0,440.0,218.0,495.0,0.0722542554140091,yellow,0.07287449389696121
video_01,q003,a yellow car,147.5,0.48536670207977295,0.08169565349817276,0.28613078594207764,-0.5875996351242065,-0.25995075702667236,148.26141357421875,438.23638916015625,235.5054473876953,499.9742431640625,3484,151.0,439.0,236.0,500.0,0.08226969838142395,yellow,0.05998851731419563
video_01,q003,a yellow car,148.0,0.4417754113674164,0.06694784760475159,-0.029178626835346222,-2.0299150943756104,-1.2796388864517212,169.1978302001953,448.9027099609375,247.87962341308594,500.4272766113281,2915,172.0,453.0,252.0,500.0,0.07315214723348618,yellow,0.06277873367071152
video_01,q003,a yellow car,148.5,0.4713073968887329,0.07528328150510788,0.18443545699119568,-1.2147208452224731,-0.6900372505187988,184.81289672851562,441.8184509277344,263.3899230957031,497.497314453125,2895,187.0,443.0,265.0,501.0,0.06025531515479088,yellow,0.07357513159513474
video_01,q003,a yellow car,149.0,0.4195162355899811,0.06978918612003326,-0.19018620252609253,-1.7520359754562378,-1.1663422584533691,200.0865936279297,455.8790588378906,284.93878173828125,508.613525390625,3031,203.0,456.0,284.0,509.0,0.06741496920585632,yellow,0.07819201797246933
video_01,q003,a yellow car,149.5,0.2703644335269928,0.08716697990894318,-1.269047737121582,-0.052511367946863174,-0.5087125301361084,432.1818542480469,393.37982177734375,510.90338134765625,443.3903503417969,2343,434.0,396.0,511.0,442.0,0.0964251309633255,yellow,0.02390098199248314
video_01,q003,a yellow car,150.0,0.5480608344078064,0.06883574277162552,0.7396170496940613,-1.8452813625335693,-0.8759444952011108,226.70733642578125,450.915771484375,314.53265380859375,516.2969360351562,4131,229.0,451.0,320.0,520.0,0.052850477397441864,yellow,0.10505931079387665
video_01,q003,a yellow car,150.5,0.42579570412635803,0.07303833961486816,-0.14476484060287476,-1.43427312374115,-0.9507075548171997,238.42489624023438,462.894775390625,320.3946228027344,516.4662475585938,3441,240.0,464.0,320.0,522.0,0.05987579748034477,yellow,0.08195292204618454
video_01,q003,a yellow car,151.0,0.2880410850048065,0.08759978413581848,-1.141187071800232,-0.010183705016970634,-0.4343099594116211,431.7677307128906,393.6745910644531,511.1723327636719,443.3872985839844,2412,434.0,396.0,511.0,442.0,0.09024925529956818,yellow,0.006633499171584845
video_01,q003,a yellow car,151.5,0.4612713158130646,0.08361991494894028,0.1118413433432579,-0.3994095027446747,-0.20769044756889343,244.15634155273438,465.5241394042969,320.4906921386719,517.3670043945312,3204,245.0,468.0,321.0,522.0,0.061872050166130066,yellow,0.08021223545074463
video_01,q003,a yellow car,152.0,0.25178608298301697,0.08657887578010559,-1.4034308195114136,-0.11002715677022934,-0.595053493976593,433.2911376953125,393.7554016113281,511.1170654296875,443.073974609375,2395,434.0,396.0,510.0,442.0,0.09588959068059921,yellow,0.008350730873644352
video_01,q003,a yellow car,152.5,0.5147475004196167,0.06633660197257996,0.49865129590034485,-2.089694023132324,-1.1190645694732666,220.61813354492188,452.8746337890625,309.0624694824219,513.93896484375,3998,222.0,450.0,317.0,516.0,0.06666752696037292,yellow,0.08954477310180664
video_01,q003,a yellow car,153.0,0.5029358863830566,0.07077430188655853,0.41321420669555664,-1.6556929349899292,-0.8798527121543884,206.69992065429688,452.6953125,290.9501037597656,512.0169067382812,3985,209.0,448.0,290.0,516.0,0.05275239795446396,yellow,0.09159347414970398
video_01,q003,a yellow car,153.5,0.36873859167099,0.06721332669258118,-0.5574767589569092,-2.0039515495300293,-1.4615235328674316,190.96124267578125,448.79010009765625,282.1262512207031,509.6539306640625,4224,195.0,445.0,289.0,514.0,0.05595245212316513,yellow,0.09659090638160706
video_01,q003,a yellow car,154.0,0.3435700833797455,0.09053421765565872,-0.7395284175872803,0.27679988741874695,-0.10432322323322296,179.88107299804688,450.353271484375,257.9010314941406,497.396728515625,2421,182.0,454.0,259.0,498.0,0.030514298006892204,yellow,0.09004543721675873
video_01,q003,a yellow car,154.5,0.3482171297073364,0.07867200672626495,-0.7059149146080017,-0.8833081722259521,-0.8167856931686401,165.17990112304688,437.0981750488281,250.6580352783203,500.2664794921875,3450,169.0,439.0,249.0,502.0,0.04969156160950661,yellow,0.09507246315479279
video_01,q003,a yellow car,155.0,0.3780556917190552,0.08386785537004471,-0.4900832772254944,-0.3751612603664398,-0.4182570278644562,156.4306182861328,435.08819580078125,234.48001098632812,499.7396545410156,3185,158.0,437.0,236.0,502.0,0.055262573063373566,yellow,0.11334379762411118
video_01,q003,a yellow car,155.5,0.5723639726638794,0.06071551889181137,0.9154092073440552,-2.6394283771514893,-1.3063642978668213,331.533935546875,377.26519775390625,408.834716796875,427.1489562988281,2481,333.0,381.0,406.0,426.0,0.07046002894639969,yellow,0.04272470623254776
video_01,q003,a yellow car,156.0,0.317128986120224,0.07756038010120392,-0.9307851791381836,-0.992023766040802,-0.9690592885017395,135.42083740234375,440.244384765625,217.57728576660156,497.9404602050781,2672,137.0,445.0,220.0,498.0,0.05172890052199364,yellow,0.10104790329933167
video_01,q003,a yellow car,156.5,0.49362877011299133,0.06864924728870392,0.34589290618896484,-1.8635203838348389,-1.0349904298782349,331.3020324707031,389.1852722167969,385.8294677734375,439.6968078613281,2070,333.0,391.0,384.0,440.0,0.07992494851350784,yellow,0.025120772421360016
video_01,q003,a yellow car,157.0,0.4297822117805481,0.0695798397064209,-0.11592918634414673,-1.7725096940994263,-1.151292085647583,335.4131774902344,393.58709716796875,395.72247314453125,450.5487060546875,2331,339.0,398.0,392.0,448.0,0.08116811513900757,yellow,0.03903903812170029
video_01,q003,a yellow car,157.5,0.5740187764167786,0.06520626693964005,0.9273789525032043,-2.2002391815185547,-1.0273823738098145,339.3778991699219,402.6798095703125,420.71624755859375,458.9009094238281,2998,343.0,407.0,420.0,457.0,0.06797333061695099,yellow,0.0460306853055954
video_01,q003,a yellow car,158.0,0.2789539694786072,0.0664583072066307,-1.2069169282913208,-2.077791452407837,-1.751213550567627,150.39430236816406,433.5119323730469,231.671142578125,498.8051452636719,3341,153.0,435.0,234.0,500.0,0.057612478733062744,yellow,0.08949416130781174
video_01,q003,a yellow car,158.5,0.2615244686603546,0.06859685480594635,-1.332990050315857,-1.8686443567276,-1.667773962020874,161.44973754882812,438.2681579589844,246.2921905517578,504.2025146484375,3885,164.0,438.0,259.0,505.0,0.056397952139377594,yellow,0.08597168326377869
video_01,q003,a yellow car,159.0,0.2664240300655365,0.08790691196918488,-1.2975499629974365,0.019852979108691216,-0.4741731286048889,433.36358642578125,393.5308837890625,509.5809326171875,438.4495849609375,1984,434.0,396.0,510.0,436.0,0.09694388508796692,yellow,0.006552419159561396
video_01,q003,a yellow car,159.5,0.32024121284484863,0.07444903254508972,-0.908273458480835,-1.2963093519210815,-1.1507959365844727,184.73883056640625,455.5498046875,251.28042602539062,494.46990966796875,2135,184.0,457.0,255.0,495.0,0.0529320165514946,yellow,0.06932084262371063
video_01,q003,a yellow car,160.0,0.30606845021247864,0.06510981917381287,-1.0107895135879517,-2.20967173576355,-1.760090947151184,802.6300048828125,617.2167358398438,931.82568359375,716.3187866210938,9083,803.0,620.0,931.0,720.0,0.07666360586881638,yellow,0.016954749822616577
video_01,q003,a yellow car,160.5,0.2587984800338745,0.08800797164440155,-1.3527079820632935,0.029736477881669998,-0.4886802136898041,432.20452880859375,393.5576477050781,510.7186279296875,443.6383972167969,2350,434.0,396.0,510.0,442.0,0.09888830780982971,yellow,0.015744680538773537
video_01,q003,a yellow car,161.0,0.29013529419898987,0.060776010155677795,-1.126038908958435,-2.633512258529663,-2.068209648132324,223.6612091064453,462.646240234375,289.9855651855469,499.03228759765625,1932,223.0,461.0,288.0,498.0,0.054000601172447205,yellow,0.09420289844274521
video_01,q003,a yellow car,161.5,0.4268916845321655,0.07670895755290985,-0.13683727383613586,-1.0752917528152466,-0.7233713269233704,913.2274169921875,568.865478515625,1011.7019653320312,643.85107421875,5170,914.0,572.0,1010.0,642.0,0.088615782558918,yellow,0.00986460316926241
video_01,q003,a yellow car,162.0,0.30639779567718506,0.07290714234113693,-1.0084072351455688,-1.4471040964126587,-1.2825927734375,663.0040893554688,411.9237976074219,751.0904541015625,463.0433349609375,2767,665.0,415.0,750.0,462.0,0.06887774169445038,yellow,0.0054210335947573185
video_01,q003,a yellow car,162.5,0.5085625648498535,0.07310052216053009,0.45391371846199036,-1.4281917810440063,-0.7224022150039673,882.2643432617188,579.247314453125,986.8085327148438,664.753662109375,5703,885.0,588.0,985.0,663.0,0.0906631276011467,yellow,0.005085043143481016
video_01,q003,a yellow car,163.0,0.5044001936912537,0.07262212783098221,0.42380598187446594,-1.4749780893325806,-0.7629340291023254,873.4278564453125,590.1890869140625,979.274169921875,671.3532104492188,5877,875.0,594.0,977.0,669.0,0.09492485970258713,yellow,0.0025523225776851177
video_01,q003,a yellow car,163.5,0.5735951066017151,0.07178309559822083,0.9243143796920776,-1.5570343732833862,-0.6265286207199097,861.6663208007812,597.05859375,970.0687255859375,679.85302734375,6092,863.0,601.0,967.0,678.0,0.09388666599988937,yellow,0.001969796372577548
video_01,q003,a yellow car,164.0,0.27993008494377136,0.09246975183486938,-1.1998564004898071,0.4660924971103668,-0.1586383581161499,431.76312255859375,393.18798828125,511.1163024902344,443.6444091796875,2339,434.0,396.0,511.0,441.0,0.09114493429660797,yellow,0.01752885803580284
video_01,q003,a yellow car,164.5,0.3522576689720154,0.09742527455091476,-0.6766884326934814,0.950735867023468,0.34045174717903137,697.8339233398438,404.2991943359375,777.7977905273438,454.33306884765625,2431,700.0,407.0,775.0,453.0,0.0879661813378334,yellow,0.014397366903722286
video_01,q003,a yellow car,165.0,0.39372628927230835,0.09668746590614319,-0.3767329454421997,0.8785791993141174,0.4078371524810791,697.9324340820312,404.1164245605469,777.509765625,454.2439270019531,2435,701.0,407.0,775.0,453.0,0.08615879714488983,yellow,0.009034907445311546
video_01,q003,a yellow car,165.5,0.4226260483264923,0.09300476312637329,-0.16769194602966309,0.5184158682823181,0.26112544536590576,697.9022216796875,404.2226867675781,777.808349609375,454.64581298828125,2439,701.0,407.0,775.0,453.0,0.08119937777519226,yellow,0.006970069836825132
video_01,q003,a yellow car,166.0,0.49679452180862427,0.09294872730970383,0.368791788816452,0.5129356384277344,0.458881676197052,697.85205078125,404.1748962402344,777.6329345703125,454.7061767578125,2425,701.0,407.0,775.0,453.0,0.08258958160877228,yellow,0.007010309491306543
video_01,q003,a yellow car,166.5,0.3025827705860138,0.0912875235080719,-1.036002516746521,0.35047218203544617,-0.16945581138134003,431.7422180175781,393.2227478027344,511.343505859375,443.65521240234375,2328,434.0,396.0,510.0,441.0,0.09500980377197266,yellow,0.0167525764554739
video_01,q003,a yellow car,167.0,0.4652128219604492,0.090355783700943,0.14035148918628693,0.2593493163585663,0.21472513675689697,698.0286865234375,404.2204284667969,777.7505493164062,454.6789245605469,2441,701.0,407.0,775.0,453.0,0.08005480468273163,yellow,0.02621876262128353
video_01,q003,a yellow car,167.5,0.30053219199180603,0.08785073459148407,-1.0508350133895874,0.01435890793800354,-0.38508880138397217,432.0013427734375,393.32733154296875,511.116943359375,443.647705078125,2361,434.0,396.0,510.0,442.0,0.09922356903553009,yellow,0.014824227429926395
video_01,q003,a yellow car,168.0,0.25121936202049255,0.08962641656398773,-1.4075300693511963,0.18801818788051605,-0.4103124439716339,432.274658203125,393.5595397949219,510.874755859375,443.601318359375,2356,434.0,396.0,510.0,441.0,0.09331215918064117,yellow,0.0203735139220953
video_01,q003,a yellow car,168.5,0.4038277566432953,0.06302172690629959,-0.3036658763885498,-2.413884162902832,-1.6225522756576538,215.897216796875,450.72808837890625,303.36761474609375,517.4083251953125,3569,217.0,450.0,304.0,515.0,0.053205396980047226,yellow,0.14373774826526642
video_01,q003,a yellow car,169.0,0.25717857480049133,0.08931872993707657,-1.3644251823425293,0.15792685747146606,-0.4129551649093628,432.24432373046875,393.4266662597656,510.9062194824219,443.3917236328125,2356,434.0,396.0,510.0,442.0,0.09543073177337646,yellow,0.021646859124302864
video_01,q003,a yellow car,169.5,0.2932077944278717,0.09026838839054108,-1.1038146018981934,0.2508021593093872,-0.2571791410446167,431.9398498535156,393.35003662109375,511.13531494140625,443.50775146484375,2356,434.0,396.0,511.0,441.0,0.08819858729839325,yellow,0.019949065521359444
video_01,q003,a yellow car,170.0,0.3156030774116516,0.09084746986627579,-0.9418225288391113,0.307435542345047,-0.16103623807430267,431.9131164550781,393.3128967285156,511.1175231933594,443.6497802734375,2362,434.0,396.0,510.0,442.0,0.09785406291484833,yellow,0.02328535169363022
video_01,q003,a yellow car,170.5,0.31262436509132385,0.08939695358276367,-0.9633684754371643,0.1655770242214203,-0.25777754187583923,432.11328125,393.3438415527344,510.95526123046875,443.5156555175781,2373,434.0,396.0,511.0,442.0,0.09914607554674149,yellow,0.023598819971084595
video_01,q003,a yellow car,171.0,0.3404518961906433,0.08869516849517822,-0.7620832920074463,0.09694339334964752,-0.2251916229724884,431.6940002441406,393.3238220214844,511.29071044921875,443.6109924316406,2365,434.0,396.0,510.0,442.0,0.09484009444713593,yellow,0.02029598318040371
video_01,q003,a yellow car,171.5,0.35409027338027954,0.09081234037876129,-0.6634325981140137,0.3039999306201935,-0.0587872713804245,431.69744873046875,393.22552490234375,511.2742614746094,443.6133728027344,2357,434.0,396.0,510.0,442.0,0.09476244449615479,yellow,0.01824353076517582
video_01,q003,a yellow car,172.0,0.37359675765037537,0.09464101493358612,-0.5223361253738403,0.6784390807151794,0.22814838588237762,1104.8333740234375,448.071044921875,1175.375,506.89013671875,2800,1106.0,451.0,1173.0,507.0,0.0968804657459259,yellow,0.018571428954601288
video_01,q003,a yellow car,172.5,0.32104137539863586,0.08915092051029205,-0.9024856090545654,0.14151531457901,-0.24998503923416138,431.962646484375,393.2376403808594,511.120849609375,443.54290771484375,2361,434.0,396.0,511.0,442.0,0.10264042019844055,yellow,0.007200338877737522
video_01,q003,a yellow car,173.0,0.4578225910663605,0.0912306010723114,0.08689563721418381,0.3449052572250366,0.24815164506435394,1022.8536987304688,488.5029296875,1107.2490234375,557.2470092773438,3920,1024.0,492.0,1105.0,556.0,0.10139226913452148,yellow,0.02091836743056774
video_01,q003,a yellow car,173.5,0.5014565587043762,0.08821769058704376,0.4025137424468994,0.0502467043697834,0.18234685063362122,989.4257202148438,503.7675476074219,1080.355712890625,576.8017578125,4359,992.0,507.0,1078.0,576.0,0.09816071391105652,yellow,0.021105758845806122
video_01,q003,a yellow car,174.0,0.6395040154457092,0.09342506527900696,1.4010541439056396,0.5595208406448364,0.875095784664154,961.723388671875,517.1514282226562,1057.1162109375,594.8951416015625,4920,963.0,520.0,1054.0,594.0,0.09938330203294754,yellow,0.015243902802467346
video_01,q003,a yellow car,174.5,0.6144719123840332,0.08932531625032425,1.2199890613555908,0.15857098996639252,0.5566027760505676,936.070556640625,529.1288452148438,1035.1439208984375,611.1183471679688,5358,938.0,532.0,1033.0,611.0,0.09719256311655045,yellow,0.017170585691928864
video_01,q003,a yellow car,175.0,0.6471569538116455,0.08773598074913025,1.4564101696014404,0.0031361381988972425,0.5481138825416565,914.3543090820312,538.2577514648438,1018.276611328125,624.421142578125,5748,917.0,542.0,1016.0,623.0,0.09287004172801971,yellow,0.008002783171832561
video_01,q003,a yellow car,175.5,0.5847820043563843,0.08912116289138794,1.0052326917648315,0.13860507309436798,0.4635904133319855,896.249755859375,546.9402465820312,1003.4264526367188,635.428466796875,6053,898.0,552.0,1001.0,635.0,0.09810718894004822,yellow,0.006608293391764164
video_01,q003,a yellow car,176.0,0.5813758969306946,0.08959825336933136,0.9805952906608582,0.18526387214660645,0.48351314663887024,883.462890625,553.6309204101562,993.1746826171875,643.0457763671875,6223,885.0,558.0,991.0,643.0,0.09912825375795364,yellow,0.011087900027632713
video_01,q003,a yellow car,176.5,0.5961858630180359,0.08859621733427048,1.0877203941345215,0.08726610243320465,0.4624364674091339,871.4720458984375,559.1790161132812,984.3968505859375,651.2109985351562,6474,873.0,564.0,982.0,651.0,0.09528367221355438,yellow,0.010349088348448277
video_01,q003,a yellow car,177.0,0.6852340698242188,0.08843331038951874,1.7318339347839355,0.07133402675390244,0.694021463394165,860.2080078125,564.5435791015625,973.649169921875,657.798828125,6766,862.0,568.0,972.0,658.0,0.09483996033668518,yellow,0.019213715568184853
video_01,q003,a yellow car,177.5,0.6449880599975586,0.09165658056735992,1.4407219886779785,0.3865654766559601,0.7818741798400879,845.7770385742188,571.5767822265625,961.6809692382812,667.079345703125,7012,847.0,576.0,960.0,667.0,0.09794361889362335,yellow,0.00926982332020998
video_01,q003,a yellow car,178.0,0.6386840343475342,0.09085800498723984,1.39512300491333,0.3084658682346344,0.715962290763855,827.88427734375,577.0235595703125,948.0423583984375,678.1407470703125,7488,828.0,584.0,945.0,678.0,0.10197357088327408,yellow,0.01215277798473835
video_01,q003,a yellow car,178.5,0.5110774040222168,0.08887990564107895,0.47210434079170227,0.11501043289899826,0.24892064929008484,801.8299560546875,593.1207275390625,925.0343017578125,694.4627685546875,7910,803.0,596.0,924.0,694.0,0.09633569419384003,yellow,0.01251580286771059
video_01,q003,a yellow car,179.0,0.4297872483730316,0.08712732046842575,-0.11589275300502777,-0.05639000982046127,-0.07870353758335114,769.1658935546875,608.1607666015625,899.8162231445312,713.2308349609375,8660,769.0,611.0,898.0,714.0,0.09295004606246948,yellow,0.019861431792378426
video_01,q003,a yellow car,179.5,0.6020897626876831,0.08905959129333496,1.130425214767456,0.13258345425128937,0.5067741274833679,724.7775268554688,628.6403198242188,864.1002197265625,717.6409301757812,8785,726.0,633.0,863.0,720.0,0.10380792617797852,yellow,0.006602162960916758
video_01,q003,a yellow car,180.0,0.44122469425201416,0.08876480162143707,-0.033162135630846024,0.10375341773033142,0.05241008847951889,686.5540161132812,654.3911743164062,819.0722045898438,716.9627075195312,6147,682.0,656.0,818.0,720.0,0.10763217508792877,yellow,0.01073694508522749
video_01,q003,a yellow car,180.5,0.28662338852882385,0.08874659240245819,-1.1514416933059692,0.10197257995605469,-0.3680577874183655,432.05120849609375,393.25994873046875,511.2216491699219,443.54412841796875,2343,434.0,396.0,510.0,442.0,0.0939236432313919,yellow,0.00896286778151989
video_01,q003,a yellow car,181.0,0.2873435318470001,0.0881049633026123,-1.1462326049804688,0.03922212868928909,-0.4053233861923218,432.1020812988281,393.26202392578125,511.17205810546875,443.65972900390625,2336,434.0,396.0,510.0,442.0,0.09654480218887329,yellow,0.010273972526192665
video_01,q003,a yellow car,181.5,0.2697765827178955,0.10156899690628052,-1.2732999324798584,1.35598623752594,0.37000390887260437,1154.1993408203125,495.04644775390625,1226.978759765625,547.3783569335938,2485,1159.0,498.0,1225.0,546.0,0.1131533682346344,yellow,0.061167001724243164
video_01,q003,a yellow car,182.0,0.3214208781719208,0.08858580887317657,-0.8997405767440796,0.08624817430973053,-0.2834976017475128,432.0108337402344,393.1134033203125,511.1541442871094,443.4668273925781,2342,434.0,396.0,510.0,442.0,0.09757115691900253,yellow,0.01152860838919878
video_01,q003,a yellow car,182.5,0.3665543496608734,0.09035181999206543,-0.5732760429382324,0.25896164774894714,-0.053127482533454895,431.68621826171875,393.03302001953125,511.38165283203125,443.7908020019531,2337,434.0,396.0,510.0,442.0,0.09686118364334106,yellow,0.011981172487139702
video_01,q003,a yellow car,183.0,0.2541848421096802,0.08853115886449814,-1.3860797882080078,0.08090347796678543,-0.4692152440547943,432.4041748046875,393.4027404785156,511.1357116699219,443.38287353515625,2352,434.0,396.0,510.0,442.0,0.09668365120887756,yellow,0.011904762126505375
video_01,q003,a yellow car,183.5,0.33259615302085876,0.08862077444791794,-0.818906307220459,0.08966775983572006,-0.2510475218296051,431.95928955078125,393.5867614746094,511.204833984375,443.3793640136719,2337,434.0,397.0,511.0,442.0,0.09226460754871368,yellow,0.004278989974409342
video_01,q003,a yellow car,184.0,0.371135413646698,0.08909842371940613,-0.5401397943496704,0.13638120889663696,-0.1173141673207283,431.4478759765625,393.3949279785156,511.2423400878906,443.50244140625,2325,434.0,397.0,510.0,441.0,0.0956001728773117,yellow,0.009032257832586765
video_01,q003,a yellow car,184.5,0.303121417760849,0.08987662196159363,-1.0321062803268433,0.21248793601989746,-0.2542348802089691,431.8191833496094,393.4958190917969,511.2354736328125,443.4126281738281,2320,434.0,397.0,510.0,441.0,0.095512755215168,yellow,0.009051724337041378
video_01,q003,a yellow car,185.0,0.33885082602500916,0.0902429074048996,-0.7736642956733704,0.2483101487159729,-0.13493028283119202,431.42578125,393.4525451660156,511.30279541015625,443.4709777832031,2311,434.0,397.0,510.0,441.0,0.09800258278846741,yellow,0.012548680417239666
video_01,q003,a yellow car,185.5,0.3400716185569763,0.06491292268037796,-0.764833927154541,-2.2289278507232666,-1.6798925399780273,223.5375213623047,458.12847900390625,310.2352600097656,516.1054077148438,4019,224.0,456.0,313.0,520.0,0.05814085528254509,yellow,0.04205026105046272
video_01,q003,a yellow car,186.0,0.27101239562034607,0.08893181383609772,-1.2643609046936035,0.12008699029684067,-0.39908096194267273,432.04510498046875,393.7261047363281,510.7248229980469,443.1868896484375,2317,434.0,397.0,510.0,441.0,0.0963258147239685,yellow,0.021148037165403366
video_01,q003,a yellow car,186.5,0.5988970994949341,0.06568790972232819,1.10733163356781,-2.153135299682617,-0.9304602146148682,245.88702392578125,467.3419189453125,321.87213134765625,510.902099609375,2396,247.0,465.0,321.0,509.0,0.05820497125387192,yellow,0.08430717885494232
video_01,q003,a yellow car,187.0,0.40395212173461914,0.09072916954755783,-0.3027662932872772,0.295865923166275,0.07137884199619293,431.10662841796875,393.2262268066406,511.2666320800781,443.80548095703125,2323,434.0,397.0,510.0,442.0,0.09315111488103867,yellow,0.014636246487498283
video_01,q003,a yellow car,187.5,0.370048850774765,0.08994710445404053,-0.5479992628097534,0.21938103437423706,-0.06838656961917877,431.4175109863281,393.17376708984375,511.0879821777344,443.5619812011719,2334,434.0,397.0,510.0,442.0,0.09175615757703781,yellow,0.005998286418616772
video_01,q003,a yellow car,188.0,0.3818604052066803,0.08772847056388855,-0.46256259083747864,0.002401652280241251,-0.17195993661880493,431.61737060546875,393.3106689453125,510.97479248046875,443.51690673828125,2331,434.0,397.0,510.0,441.0,0.09781699627637863,yellow,0.013299013487994671
video_01,q003,a yellow car,188.5,0.3858393132686615,0.08802184462547302,-0.4337818920612335,0.031093236058950424,-0.14323493838310242,431.5065002441406,393.29736328125,511.027587890625,443.6076354980469,2320,434.0,397.0,510.0,442.0,0.09297490119934082,yellow,0.015948275104165077
video_01,q003,a yellow car,189.0,0.2750474512577057,0.08853937685489655,-1.2351740598678589,0.0817071869969368,-0.41212326288223267,432.05438232421875,393.5585021972656,510.7694091796875,443.2713928222656,2318,434.0,397.0,510.0,441.0,0.09661353379487991,yellow,0.015530630014836788
video_01,q003,a yellow car,189.5,0.2732856273651123,0.08918523788452148,-1.247917890548706,0.1448715180158615,-0.3774245083332062,432.119873046875,393.4671936035156,510.8825378417969,443.4354248046875,2326,434.0,397.0,510.0,441.0,0.09699293971061707,yellow,0.011607910506427288
video_01,q003,a yellow car,190.0,0.31606805324554443,0.08779050409793854,-0.9384592175483704,0.008468447253108025,-0.34662944078445435,431.6635437011719,393.3880615234375,511.0052795410156,443.56982421875,2326,434.0,397.0,510.0,441.0,0.09856032580137253,yellow,0.012897678650915623
video_01,q003,a yellow car,190.5,0.26641690731048584,0.08901020884513855,-1.2976014614105225,0.12775391340255737,-0.40675434470176697,431.8003845214844,393.3894348144531,511.1240234375,443.54620361328125,2319,434.0,397.0,510.0,442.0,0.09704869985580444,yellow,0.002156101865693927
video_01,q003,a yellow car,191.0,0.5473517775535583,0.08846719563007355,0.7344881892204285,0.07464795559644699,0.3220880329608917,1007.8460083007812,496.7579040527344,1097.262451171875,572.3207397460938,4696,1009.0,500.0,1095.0,572.0,0.1037076786160469,yellow,0.05323679745197296
video_01,q003,a yellow car,191.5,0.5205976366996765,0.089926578104496,0.5409671664237976,0.2173735797405243,0.3387211561203003,980.9717407226562,509.0723571777344,1074.9754638671875,588.4630126953125,5111,982.0,513.0,1072.0,589.0,0.09896397590637207,yellow,0.038739971816539764
video_01,q003,a yellow car,192.0,0.5569040775299072,0.08773539960384369,0.8035829663276672,0.0030793030746281147,0.3032681941986084,958.0840454101562,520.1254272460938,1055.481689453125,603.7756958007812,5598,959.0,524.0,1052.0,603.0,0.092741459608078,yellow,0.046266522258520126
video_01,q003,a yellow car,192.5,0.6013851165771484,0.08699151873588562,1.1253281831741333,-0.06967123597860336,0.3784535527229309,933.7753295898438,531.5426025390625,1037.1650390625,619.2586059570312,6006,936.0,535.0,1034.0,618.0,0.09463836252689362,yellow,0.0532800517976284
video_01,q003,a yellow car,193.0,0.6862956881523132,0.08735811710357666,1.7395129203796387,-0.03381841257214546,0.6311808228492737,916.3985595703125,539.15625,1022.4389038085938,629.6143798828125,6379,918.0,543.0,1020.0,629.0,0.09722191840410233,yellow,0.04593196511268616
video_01,q003,a yellow car,193.5,0.685118556022644,0.08655194938182831,1.7309983968734741,-0.11266051977872849,0.5787115693092346,902.1767578125,544.075439453125,1012.8467407226562,637.8380737304688,6651,904.0,550.0,1009.0,638.0,0.0940338522195816,yellow,0.04149751737713814
video_01,q003,a yellow car,194.0,0.6642591953277588,0.08671368658542633,1.5801160335540771,-0.09684284031391144,0.5320166945457458,892.5320434570312,550.9498291015625,1002.299072265625,641.751953125,6789,895.0,555.0,1000.0,641.0,0.0998387336730957,yellow,0.03549860045313835
video_01,q003,a yellow car,194.5,0.6490330696105957,0.08688326179981232,1.4699807167053223,-0.08025861531496048,0.501081109046936,881.5497436523438,556.089111328125,992.4520263671875,651.42919921875,7147,883.0,560.0,991.0,652.0,0.0940203070640564,yellow,0.04813208431005478
video_01,q003,a yellow car,195.0,0.6640127897262573,0.08252948522567749,1.5783337354660034,-0.5060520172119141,0.2755926251411438,870.9508666992188,560.8947143554688,985.6786499023438,657.6006469726562,7402,873.0,565.0,983.0,658.0,0.08889727294445038,yellow,0.028911104425787926
video_01,q003,a yellow car,195.5,0.5957546830177307,0.08269112557172775,1.0846015214920044,-0.4902438223361969,0.10032320022583008,857.6334228515625,567.8700561523438,974.0490112304688,668.5175170898438,7723,858.0,571.0,972.0,667.0,0.09309567511081696,yellow,0.033277224749326706
video_01,q003,a yellow car,196.0,0.7158939838409424,0.08392666280269623,1.9536066055297852,-0.36940997838974,0.5017212629318237,839.9911499023438,574.3196411132812,960.6982421875,678.6160278320312,8153,842.0,579.0,957.0,678.0,0.0956757515668869,yellow,0.03287133574485779
video_01,q003,a yellow car,196.5,0.760618269443512,0.08561275899410248,2.277111291885376,-0.20451205968856812,0.7260967493057251,815.900146484375,585.8634033203125,942.6217651367188,694.3897094726562,8745,818.0,591.0,940.0,693.0,0.09424048662185669,yellow,0.026529446244239807
video_01,q003,a yellow car,197.0,0.7335749268531799,0.0840054601430893,2.081498384475708,-0.36170369386672974,0.5544971227645874,786.7813720703125,600.2686767578125,918.2581176757812,712.5609130859375,9523,788.0,605.0,915.0,713.0,0.09160764515399933,yellow,0.026252230629324913
video_01,q003,a yellow car,197.5,0.7653298377990723,0.08074641227722168,2.3111915588378906,-0.6804341673851013,0.44142547249794006,743.4680786132812,621.5455322265625,885.2474365234375,717.96875,9701,745.0,626.0,883.0,720.0,0.09477703273296356,yellow,0.03061540052294731
video_01,q003,a yellow car,198.0,0.6727489829063416,0.08837354183197021,1.641525387763977,0.06548874825239182,0.6565024852752686,703.2420654296875,644.4404907226562,847.2166748046875,717.4093017578125,7325,703.0,649.0,844.0,720.0,0.09802107512950897,yellow,0.03918088600039482
video_01,q003,a yellow car,198.5,0.32349804043769836,0.08765144646167755,-0.8847157955169678,-0.005131199955940247,-0.3349754214286804,431.7898254394531,393.18707275390625,510.8958740234375,443.7060852050781,2340,434.0,397.0,511.0,442.0,0.0990179032087326,yellow,0.029914529994130135
video_01,q003,a yellow car,199.0,0.3977394700050354,0.08940200507640839,-0.34770435094833374,0.1660710573196411,-0.02659471333026886,431.28546142578125,393.20562744140625,511.38433837890625,443.7891540527344,2350,434.0,397.0,511.0,442.0,0.09762941300868988,yellow,0.011063829995691776
video_01,q003,a yellow car,199.5,0.34200066328048706,0.08980149030685425,-0.7508805394172668,0.20514015853405,-0.15336760878562927,431.6354064941406,393.23431396484375,511.2298889160156,443.610595703125,2354,434.0,397.0,511.0,442.0,0.09914837777614594,yellow,0.017841970548033714
video_01,q003,a yellow car,200.0,0.2839222848415375,0.08806774020195007,-1.170979619026184,0.03558176010847092,-0.41687875986099243,820.97412109375,442.5893249511719,938.7973022460938,491.5678405761719,3372,822.0,446.0,938.0,491.0,0.10066746920347214,yellow,0.0032621589489281178
video_01,q003,a yellow car,200.5,0.38910698890686035,0.08872368186712265,-0.4101457893848419,0.09973196685314178,-0.09147219359874725,431.3019104003906,393.234619140625,511.17144775390625,443.7810974121094,2372,434.0,396.0,511.0,442.0,0.09830290079116821,yellow,0.0248735249042511
video_01,q003,a yellow car,201.0,0.35077738761901855,0.08828798681497574,-0.6873957514762878,0.057121578603982925,-0.22207240760326385,431.53448486328125,393.2947082519531,511.0433349609375,443.6579284667969,2369,434.0,396.0,511.0,442.0,0.09889481961727142,yellow,0.02152807079255581
video_01,q003,a yellow car,201.5,0.4000070095062256,0.09025673568248749,-0.3313025236129761,0.24966254830360413,0.03180064260959625,431.22808837890625,393.1968078613281,511.257568359375,443.8522033691406,2371,434.0,396.0,511.0,443.0,0.08678735792636871,yellow,0.016870519146323204
video_01,q003,a yellow car,202.0,0.4150851368904114,0.08964385092258453,-0.2222377210855484,0.18972323834896088,0.0352378785610199,431.0639953613281,393.2381591796875,511.340576171875,443.8958435058594,2372,434.0,396.0,511.0,442.0,0.10064121335744858,yellow,0.0231871847063303
video_01,q003,a yellow car,202.5,0.3934595286846161,0.08931350708007812,-0.37866249680519104,0.15741606056690216,-0.04361340403556824,431.3675537109375,393.28826904296875,511.238037109375,443.8159484863281,2370,434.0,396.0,511.0,442.0,0.0971020832657814,yellow,0.014767932705581188
video_01,q003,a yellow car,203.0,0.4200359284877777,0.0884043350815773,-0.18642710149288177,0.06850028038024902,-0.027097485959529877,431.0019226074219,393.15673828125,511.4974670410156,444.08404541015625,2369,434.0,396.0,511.0,442.0,0.1028105840086937,yellow,0.024905024096369743
video_01,q003,a yellow car,203.5,0.3792891800403595,0.08951006084680557,-0.48116105794906616,0.17663875222206116,-0.07003617286682129,431.427490234375,393.1596984863281,511.20587158203125,443.84588623046875,2382,434.0,396.0,511.0,442.0,0.09807810187339783,yellow,0.02141057886183262
video_01,q003,a yellow car,204.0,0.34580937027931213,0.09010685235261917,-0.7233309745788574,0.23500415682792664,-0.12437151372432709,431.5257263183594,393.144775390625,511.2751770019531,443.8101806640625,2371,434.0,396.0,511.0,442.0,0.09791845083236694,yellow,0.016870519146323204
video_01,q003,a yellow car,204.5,0.3197048008441925,0.0879008024930954,-0.9121534824371338,0.01925547979772091,-0.3300228714942932,431.85101318359375,393.2993469238281,511.0431213378906,443.86126708984375,2373,434.0,396.0,511.0,442.0,0.1008148044347763,yellow,0.0139064472168684
video_01,q003,a yellow car,205.0,0.3629906475543976,0.0897381454706192,-0.5990534424781799,0.19894511997699738,-0.10030435025691986,431.6375732421875,393.18609619140625,511.1848449707031,443.90509033203125,2365,434.0,396.0,511.0,442.0,0.10310613363981247,yellow,0.011416490189731121
video_01,q003,a yellow car,205.5,0.33823105692863464,0.09084106981754303,-0.778147280216217,0.3068096339702606,-0.1000492125749588,431.77191162109375,393.302978515625,511.01318359375,443.7816467285156,2357,434.0,396.0,511.0,442.0,0.10250161588191986,yellow,0.01400084886699915
video_01,q003,a yellow car,206.0,0.36468061804771423,0.08888815343379974,-0.5868293642997742,0.11581706255674362,-0.14767533540725708,431.39044189453125,393.1489562988281,511.2553405761719,443.87249755859375,2353,434.0,396.0,511.0,442.0,0.09988108277320862,yellow,0.014874627813696861
video_01,q003,a yellow car,206.5,0.34969133138656616,0.08773256838321686,-0.6952515244483948,0.002802413422614336,-0.2589678168296814,431.5998840332031,393.18951416015625,511.0426330566406,443.7391662597656,2362,434.0,396.0,510.0,442.0,0.09887611865997314,yellow,0.013547840528190136
video_01,q003,a yellow car,207.0,0.3667447865009308,0.08968334645032883,-0.5718985795974731,0.1935858577489853,-0.09347080439329147,431.5618591308594,393.2412109375,511.06793212890625,443.87384033203125,2361,434.0,396.0,510.0,442.0,0.09934103488922119,yellow,0.013130029663443565
video_01,q003,a yellow car,207.5,0.31806132197380066,0.08961033821105957,-0.9240412712097168,0.18644574284553528,-0.22998689115047455,431.68096923828125,393.2281494140625,511.0565185546875,443.6901550292969,2362,434.0,396.0,511.0,442.0,0.099375419318676,yellow,0.016934800893068314
video_01,q003,a yellow car,208.0,0.3490036427974701,0.09012370556592941,-0.700225830078125,0.23665237426757812,-0.11467695236206055,431.560546875,393.2147521972656,511.16680908203125,443.7855224609375,2356,434.0,396.0,510.0,442.0,0.09903203696012497,yellow,0.01400679163634777
video_01,q003,a yellow car,208.5,0.2576340138912201,0.08503265678882599,-1.3611308336257935,-0.2612452805042267,-0.6737023591995239,101.13458251953125,348.7962951660156,208.33221435546875,384.277587890625,2193,102.0,352.0,207.0,383.0,0.09781301021575928,yellow,0.010487915948033333
video_01,q003,a yellow car,209.0,0.25473752617836,0.08771462738513947,-1.3820821046829224,0.0010478082112967968,-0.5176259279251099,431.8734130859375,393.1512756347656,510.8058166503906,443.6078796386719,2352,434.0,396.0,511.0,442.0,0.0994231104850769,yellow,0.009778911247849464
video_01,q003,a yellow car,209.5,0.6109726428985596,0.06317424774169922,1.1946778297424316,-2.398967981338501,-1.0513508319854736,842.1243896484375,591.015625,957.4820556640625,689.4063110351562,7368,843.0,596.0,955.0,689.0,0.08221279084682465,yellow,0.01615092344582081
video_01,q003,a yellow car,210.0,0.3084639608860016,0.0863332524895668,-0.9934619665145874,-0.13404877483844757,-0.45632869005203247,431.8397216796875,392.93017578125,510.9290771484375,443.404296875,2342,434.0,396.0,511.0,442.0,0.09708401560783386,yellow,0.012809564359486103
video_01,q003,a yellow car,210.5,0.31102627515792847,0.08936979621648788,-0.9749279618263245,0.16292107105255127,-0.26377230882644653,431.561767578125,392.9419860839844,511.0821838378906,443.6941833496094,2338,434.0,397.0,511.0,442.0,0.09381803870201111,yellow,0.008554319851100445
video_01,q003,a yellow car,211.0,0.3849976658821106,0.08912592381238937,-0.43986979126930237,0.13907067477703094,-0.0780320018529892,431.3333740234375,392.96380615234375,511.43243408203125,443.720703125,2347,434.0,396.0,511.0,442.0,0.09619009494781494,yellow,0.005538986064493656
video_01,q003,a yellow car,211.5,0.399588018655777,0.08945074677467346,-0.334333211183548,0.17083792388439178,-0.018601253628730774,431.35064697265625,392.9649963378906,511.607421875,443.7657775878906,2350,434.0,396.0,511.0,442.0,0.09661342203617096,yellow,0.007659574504941702
video_01,q003,a yellow car,212.0,0.3905082046985626,0.08799995481967926,-0.400010347366333,0.028952443972229958,-0.1319085955619812,431.43023681640625,392.9335021972656,511.31671142578125,443.6109313964844,2333,434.0,396.0,511.0,442.0,0.09525271505117416,yellow,0.012001714669167995
video_01,q003,a yellow car,212.5,0.394906610250473,0.08910326659679413,-0.3681952953338623,0.13685482740402222,-0.05253896862268448,431.56964111328125,393.0297546386719,511.351806640625,443.70941162109375,2345,434.0,396.0,511.0,442.0,0.09478972852230072,yellow,0.007675906177610159
video_01,q003,a yellow car,213.0,0.377067893743515,0.08951094001531601,-0.49722832441329956,0.17672474682331085,-0.0760076493024826,431.70721435546875,393.1624755859375,511.30120849609375,443.68939208984375,2347,434.0,396.0,511.0,442.0,0.09719216078519821,yellow,0.011077972128987312
video_01,q003,a yellow car,213.5,0.389508992433548,0.08842644095420837,-0.4072379469871521,0.07066220790147781,-0.10855033993721008,431.49188232421875,393.1033935546875,511.3595886230469,443.65679931640625,2352,434.0,396.0,511.0,442.0,0.0967482179403305,yellow,0.008928571827709675
video_01,q003,a yellow car,214.0,0.3817976713180542,0.08932288736104965,-0.4630163609981537,0.1583334505558014,-0.07467272877693176,431.6038818359375,393.0764465332031,511.21197509765625,443.713623046875,2363,434.0,396.0,511.0,442.0,0.09824838489294052,yellow,0.00592467188835144
video_01,q003,a yellow car,214.5,0.37249863147735596,0.08942089229822159,-0.5302792191505432,0.16791819036006927,-0.09390584379434586,431.817138671875,393.23822021484375,511.15399169921875,443.7789611816406,2361,434.0,396.0,510.0,442.0,0.09771722555160522,yellow,0.00974163506180048
video_01,q003,a yellow car,215.0,0.4107513129711151,0.08844389021396637,-0.2535856068134308,0.07236871868371964,-0.049864158034324646,431.261474609375,393.02374267578125,511.5258483886719,443.8743896484375,2375,434.0,396.0,511.0,442.0,0.09799280762672424,yellow,0.01094736810773611
video_01,q003,a yellow car,215.5,0.3890981078147888,0.08853895962238312,-0.4102100133895874,0.08166638016700745,-0.10278727114200592,431.13287353515625,392.91607666015625,511.545166015625,443.7558898925781,2370,434.0,396.0,510.0,442.0,0.09657981991767883,yellow,0.010548523627221584
video_01,q003,a yellow car,216.0,0.3955134153366089,0.08776676654815674,-0.3638060986995697,0.0061469473876059055,-0.13258543610572815,431.274169921875,392.90460205078125,511.491943359375,443.8523254394531,2380,434.0,396.0,511.0,442.0,0.09627541154623032,yellow,0.014285714365541935
video_01,q003,a yellow car,216.5,0.4140395224094391,0.08864244818687439,-0.2298009693622589,0.0917874202132225,-0.02880822867155075,431.1099853515625,392.9422912597656,511.5144348144531,444.06597900390625,2368,434.0,396.0,511.0,442.0,0.0975411981344223,yellow,0.007601351477205753
video_01,q003,a yellow car,217.0,0.4345507323741913,0.08617694675922394,-0.08143698424100876,-0.14933526515960693,-0.12387341260910034,430.9411926269531,393.18621826171875,511.87579345703125,443.8550720214844,2379,434.0,396.0,511.0,443.0,0.09235537052154541,yellow,0.007986549288034439
video_01,q003,a yellow car,217.5,0.4234204590320587,0.08693525940179825,-0.16194573044776917,-0.07517331838607788,-0.10771296918392181,430.9776306152344,393.1939392089844,511.6695556640625,443.9104309082031,2373,434.0,396.0,510.0,443.0,0.09075525403022766,yellow,0.016434893012046814
video_01,q003,a yellow car,218.0,0.4054505527019501,0.08941778540611267,-0.29192766547203064,0.16761434078216553,-0.004713907837867737,431.2373352050781,393.3380432128906,511.5887451171875,443.7040100097656,2356,434.0,397.0,510.0,442.0,0.09815217554569244,yellow,0.006791171617805958
video_01,q003,a yellow car,218.5,0.4293603003025055,0.08678524196147919,-0.1189810037612915,-0.08984482288360596,-0.10077089071273804,430.8883056640625,393.17852783203125,511.8778076171875,443.78387451171875,2361,434.0,397.0,510.0,443.0,0.09723830223083496,yellow,0.014400677755475044
video_01,q003,a yellow car,219.0,0.4258076250553131,0.08685185760259628,-0.14467860758304596,-0.08332990109920502,-0.10633566975593567,430.89117431640625,393.2247314453125,511.90069580078125,443.7307434082031,2360,434.0,396.0,511.0,442.0,0.1040840744972229,yellow,0.013135593384504318
video_01,q003,a yellow car,219.5,0.42316073179244995,0.08731627464294434,-0.1638244241476059,-0.037910547107458115,-0.08512824773788452,430.8558654785156,393.16314697265625,511.93939208984375,443.90631103515625,2359,433.0,397.0,511.0,442.0,0.10312343388795853,yellow,0.006782534997910261
video_01,q003,a yellow car,220.0,0.42608508467674255,0.08790309727191925,-0.14267165958881378,0.01947990618646145,-0.04132693260908127,431.02728271484375,393.1720886230469,511.89947509765625,443.8277587890625,2357,433.0,397.0,511.0,442.0,0.10289905965328217,yellow,0.0067882901057600975
video_01,q003,a yellow car,220.5,0.41404369473457336,0.08818919956684113,-0.22977079451084137,0.047460321336984634,-0.0565013512969017,431.2542724609375,393.25823974609375,511.790771484375,443.7840881347656,2361,433.0,397.0,511.0,442.0,0.10160548985004425,yellow,0.006776789668947458
