video_id,query_id,query_text,time,detector_score,crop_score,detector_z,crop_z,fused_score,x0,y0,x1,y1,mask_area,sam_x0,sam_y0,sam_x1,sam_y1,masked_crop_score,expected_color,color_score,track_id,center_x_norm,center_y_norm,width,height,area,dx,dy,speed,delta_area,track_stability
video_08,q065,a person wearing yellow shorts,0.0,0.29013827443122864,0.09356602281332016,-0.5949162244796753,-0.3593384921550751,-0.44768014550209045,32.30097198486328,65.74006652832031,44.9485969543457,77.44961547851562,98,33.0,67.0,45.0,77.0,0.06193620711565018,yellow,0.030612245202064514,1.0,0.12070245146751404,0.29831183751424156,12.647624969482422,11.709548950195312,148.09798368386691,,,,,
video_08,q065,a person wearing yellow shorts,0.5,0.2890365719795227,0.09202739596366882,-0.6008061170578003,-0.40955018997192383,-0.4812711477279663,32.35448455810547,65.79243469238281,44.92613220214844,77.36727142333984,96,33.0,67.0,45.0,77.0,0.06683018058538437,yellow,0.03125,1.0,0.12075096368789673,0.2982493877410889,12.571647644042969,11.574836730957031,145.51476891891798,4.851222038268488e-05,-6.244977315267297e-05,0.0001581570067152069,-2.5832147649489343,0.999841868002968
video_08,q065,a person wearing yellow shorts,1.0,0.2787158191204071,0.09133920073509216,-0.6559830904006958,-0.4320088326931,-0.5159991979598999,32.40174865722656,65.80560302734375,44.95696258544922,77.36085510253906,97,33.0,67.0,45.0,77.0,0.07054837048053741,yellow,0.030927835032343864,1.0,0.1208729863166809,0.2982634544372559,12.555213928222656,11.555252075195312,145.07866179861594,0.00012202262878417691,1.4066696166992188e-05,0.0002456615059504074,-0.43610712030204013,0.9997981315027854
video_08,q065,a person wearing yellow shorts,1.5,0.2798594832420349,0.09134014695882797,-0.6498687863349915,-0.4319779574871063,-0.513687014579773,32.429290771484375,65.8390884399414,44.905364990234375,77.24227142333984,96,33.0,67.0,45.0,77.0,0.06839364022016525,yellow,0.02083333395421505,1.0,0.12083539962768555,0.29808616638183594,12.47607421875,11.403182983398438,142.26695723086596,-3.7586688995353e-05,-0.00017728805541994408,0.0003624572459433998,-2.8117045677499846,0.9997446399725299
video_08,q065,a person wearing yellow shorts,2.0,0.27511903643608093,0.09295997768640518,-0.6752122640609741,-0.3791162371635437,-0.4901522397994995,32.395355224609375,65.84481048583984,44.89325714111328,77.23085021972656,97,33.0,67.0,45.0,77.0,0.06382150948047638,yellow,0.030927835032343864,1.0,0.12076345682144166,0.29807429313659667,12.497901916503906,11.386039733886719,142.30160781153245,-7.194280624389648e-05,-1.1873245239268915e-05,0.0001458319762296137,0.034650580666493624,0.999772025050719
video_08,q065,a person wearing yellow shorts,2.5,0.2828466296195984,0.09315724670886993,-0.633898913860321,-0.3726785182952881,-0.47063615918159485,32.34682846069336,65.85509490966797,44.909271240234375,77.34725189208984,109,32.0,66.0,45.0,78.0,0.06677626073360443,yellow,0.055045872926712036,1.0,0.12071265578269959,0.2983382225036621,12.562442779541016,11.492156982421875,144.36956450517755,-5.0801038742068205e-05,0.0002639293670654297,0.0005375479749262625,2.067956693645101,0.9997101528937494
video_08,q065,a person wearing yellow shorts,3.0,0.28554853796958923,0.09501826763153076,-0.6194539070129395,-0.31194576621055603,-0.4272613227367401,32.45844268798828,65.8329086303711,44.95935821533203,77.35169219970703,99,33.0,67.0,45.0,77.0,0.06870324909687042,yellow,0.04040404036641121,1.0,0.12096531391143799,0.2983012517293294,12.50091552734375,11.518783569335938,143.99534037802368,0.00025265812873839777,-3.697077433267859e-05,0.0005106974375198945,-0.374224127153866,0.9996733811901546
video_08,q065,a person wearing yellow shorts,3.5,0.26860475540161133,0.09842494130134583,-0.710038959980011,-0.2007719874382019,-0.3917471170425415,32.3906364440918,65.82769775390625,44.906585693359375,77.36750030517578,99,33.0,67.0,45.0,77.0,0.06497115641832352,yellow,0.020202020183205605,1.0,0.12077690958976746,0.29832332928975425,12.515949249267578,11.539802551269531,144.43158307825797,-0.00018840432167052668,2.2077560424826892e-05,0.00037938691120513457,0.43624270023428835,0.9996658631049983
video_08,q065,a person wearing yellow shorts,4.0,0.2732391059398651,0.09862212836742401,-0.6852627396583557,-0.19433696568012238,-0.37843412160873413,32.38969802856445,65.82832336425781,44.891273498535156,77.28496551513672,97,33.0,67.0,45.0,77.0,0.07010087370872498,yellow,0.05154639109969139,1.0,0.12075151801109314,0.2981526851654053,12.501575469970703,11.456642150878906,143.22607648166013,-2.5391578674316406e-05,-0.00017064412434897314,0.0003450457908301552,-1.2055065965978429,0.9996645143572233
video_08,q065,a person wearing yellow shorts,4.5,0.5217700004577637,0.02525041252374649,0.6434363722801208,-2.5887577533721924,-1.3766849040985107,166.828857421875,82.80695343017578,214.0251007080078,172.16139221191406,1487,168.0,84.0,212.0,172.0,0.031503502279520035,yellow,0.0,2.0,0.5950843095779419,0.5311840534210205,47.19624328613281,89.35443878173828,4217.193831438781,,,,,
video_08,q065,a person wearing yellow shorts,5.0,0.2632184326648712,0.0989929661154747,-0.7388353943824768,-0.1822350025177002,-0.390960156917572,32.43112564086914,65.80863952636719,44.91121292114258,77.28982543945312,95,33.0,67.0,45.0,77.0,0.06460533291101456,yellow,0.05263157933950424,3.0,0.12084740400314331,0.2981218020121256,12.480087280273438,11.481185913085938,143.28620227635838,,,,,
video_08,q065,a person wearing yellow shorts,5.5,0.2619379758834839,0.07129784673452377,-0.7456809878349304,-1.0860406160354614,-0.9584057331085205,178.58642578125,91.47897338867188,203.35052490234375,109.88176727294922,255,180.0,91.0,202.0,110.0,-0.031009120866656303,yellow,0.0,4.0,0.5967764854431152,0.41950154304504395,24.76409912109375,18.402793884277344,455.728611855302,,,,,
video_08,q065,a person wearing yellow shorts,6.0,0.2583313286304474,0.1013459861278534,-0.764962911605835,-0.10544628649950027,-0.3527650237083435,32.3105583190918,65.73341369628906,44.86598587036133,77.42237854003906,96,33.0,67.0,45.0,77.0,0.059360142797231674,yellow,0.0833333358168602,5.0,0.12058835029602051,0.29824123382568357,12.555427551269531,11.68896484375,146.7599512450397,,,,,
video_08,q065,a person wearing yellow shorts,6.5,0.269131600856781,0.05568262189626694,-0.7072223424911499,-1.5956295728683472,-1.262476921081543,182.78134155273438,99.63109588623047,203.84315490722656,119.21847534179688,214,184.0,101.0,203.0,118.0,0.008275837637484074,yellow,0.0,6.0,0.6041007757186889,0.455936606725057,21.061813354492188,19.587379455566406,412.54573019675445,,,,,
video_08,q065,a person wearing yellow shorts,7.0,0.26529303193092346,0.1022704690694809,-0.7277441620826721,-0.07527661323547363,-0.31995195150375366,32.31687927246094,65.78572845458984,44.88058090209961,77.38701629638672,97,33.0,67.0,45.0,77.0,0.059323541820049286,yellow,0.07216494530439377,7.0,0.12062103152275086,0.29827655156453453,12.563701629638672,11.601287841796875,145.7551189638907,,,,,
video_08,q065,a person wearing yellow shorts,7.5,0.2636561095714569,0.09837552905082703,-0.7364954948425293,-0.20238451659679413,-0.40267613530158997,32.39021682739258,65.81746673583984,44.767822265625,77.29460144042969,97,33.0,67.0,45.0,77.0,0.06893423199653625,yellow,0.05154639109969139,7.0,0.12055943608283996,0.29815014203389484,12.377605438232422,11.477134704589844,142.0594449348573,-6.1595439910897e-05,-0.00012640953063969285,0.0002812356140631152,-3.6956740290333983,0.9997188434571699
video_08,q065,a person wearing yellow shorts,8.0,0.2642793655395508,0.10558843612670898,-0.7331634163856506,0.03300229460000992,-0.25430986285209656,32.3974723815918,65.81127166748047,44.760276794433594,77.33885192871094,97,33.0,67.0,45.0,77.0,0.06868574768304825,yellow,0.05154639109969139,7.0,0.12055898308753968,0.2982294241587321,12.362804412841797,11.527580261230469,142.51322012292803,-4.529953002846421e-07,7.928212483726549e-05,0.0001585668379385025,0.4537751880707219,0.9997801471199169
video_08,q065,a person wearing yellow shorts,8.5,0.5911553502082825,0.056878577917814255,1.0143852233886719,-1.5566006898880005,-0.5924809575080872,173.38424682617188,46.989219665527344,202.76898193359375,130.42108154296875,1166,177.0,48.0,201.0,129.0,0.061377134174108505,yellow,0.0,8.0,0.5877394199371337,0.36960479418436687,29.384735107421875,83.4318618774414,2451.6231607876252,,,,,
video_08,q065,a person wearing yellow shorts,9.0,0.2733820676803589,0.06738786399364471,-0.6844984889030457,-1.2136393785476685,-1.015211582183838,183.09237670898438,94.76692962646484,199.72366333007812,111.90332794189453,171,184.0,96.0,199.0,111.0,-0.0032226243056356907,yellow,0.0,8.0,0.5981500625610352,0.4305630366007487,16.63128662109375,17.136398315429688,285.00035203713924,0.010410642623901456,0.060958242416381814,0.12368166878461763,-2166.622808750486,0.8899317553890572
video_08,q065,a person wearing yellow shorts,9.5,0.25532814860343933,0.09711532294750214,-0.7810185551643372,-0.24351021647453308,-0.4450758695602417,32.40362548828125,65.80463409423828,44.89017105102539,77.34075164794922,96,33.0,67.0,45.0,77.0,0.06043122708797455,yellow,0.0625,9.0,0.12077155709266663,0.29821955362955727,12.48654556274414,11.536117553710938,144.0462574515841,,,,,
video_08,q065,a person wearing yellow shorts,10.0,0.2702217698097229,0.10595829784870148,-0.7013940811157227,0.04507240280508995,-0.23485252261161804,32.4225959777832,65.84139251708984,44.815673828125,77.31901550292969,97,33.0,67.0,45.0,77.0,0.07158338278532028,yellow,0.06185567006468773,9.0,0.12068479657173156,0.29825085004170737,12.393077850341797,11.477622985839844,142.24307520038565,-8.676052093506414e-05,3.129641215010581e-05,0.0001844652097973273,-1.80318225119845,0.9998155688113406
video_08,q065,a person wearing yellow shorts,10.5,0.2689259648323059,0.10456592589616776,-0.708321750164032,-0.00036641661426983774,-0.26584964990615845,32.389442443847656,65.86380004882812,44.89412307739258,77.32158660888672,97,33.0,67.0,45.0,77.0,0.06999614834785461,yellow,0.020618556067347527,9.0,0.12075557112693787,0.29830288887023926,12.504680633544922,11.457786560058594,143.275961700856,7.077455520630715e-05,5.203882853188624e-05,0.00017569379430841235,1.0328865004703403,0.9998199529207356
video_08,q065,a person wearing yellow shorts,11.0,0.25939610600471497,0.10226576030254364,-0.7592703700065613,-0.07543027400970459,-0.33187031745910645,32.433284759521484,65.83845520019531,44.91267395019531,77.29010009765625,95,33.0,67.0,45.0,77.0,0.06349628418684006,yellow,0.021052632480859756,9.0,0.12085306048393249,0.2981844902038574,12.479389190673828,11.451644897460938,142.90953354880912,9.748935699462058e-05,-0.00011839866638185814,0.0003067404044349366,-0.36642815204686485,0.9997777496033724
video_08,q065,a person wearing yellow shorts,11.5,0.25277242064476013,0.09324486553668976,-0.7946820259094238,-0.36981916427612305,-0.5291427373886108,32.39600372314453,65.8301010131836,44.848934173583984,77.32261657714844,96,33.0,67.0,45.0,77.0,0.06674663722515106,yellow,0.02083333395421505,9.0,0.1206952154636383,0.29823482831319176,12.452930450439453,11.492515563964844,143.11549701864715,-0.00015784502029418668,5.0338109334358005e-05,0.00033135464797120313,0.20596346983802505,0.9997504987522802
video_08,q065,a person wearing yellow shorts,12.0,0.3168950378894806,0.0704287737607956,-0.45186886191368103,-1.1144020557403564,-0.8659520745277405,182.42178344726562,95.36431121826172,198.53826904296875,112.68144989013672,164,184.0,96.0,198.0,113.0,-0.03342265635728836,yellow,0.0,10.0,0.5952500820159912,0.4334286689758301,16.116485595703125,17.317138671875,279.091415964067,,,,,
video_08,q065,a person wearing yellow shorts,12.5,0.25338003039360046,0.09432804584503174,-0.7914336323738098,-0.3344705402851105,-0.5058317184448242,32.37133026123047,65.8723373413086,44.813720703125,77.5083999633789,99,33.0,67.0,45.0,77.0,0.06377770006656647,yellow,0.03030303120613098,11.0,0.12060164213180542,0.2987098693847656,12.442390441894531,11.636062622070312,144.78043435013387,,,,,
video_08,q065,a person wearing yellow shorts,13.0,0.2501121461391449,0.098535917699337,-0.8089044094085693,-0.19715037941932678,-0.42655813694000244,32.37846755981445,65.82525634765625,44.82246398925781,77.41374206542969,96,33.0,67.0,45.0,77.0,0.056990817189216614,yellow,0.0625,11.0,0.12062645554542542,0.29841458002726234,12.44399642944336,11.588485717773438,144.20707489462802,2.4813413619997893e-05,-0.0002952893575032811,0.0005926601392034988,-0.5733594555058517,0.9994076908987909
video_08,q065,a person wearing yellow shorts,13.5,0.3004215657711029,0.06292206794023514,-0.5399395227432251,-1.3593766689300537,-1.0520877838134766,182.61676025390625,95.7601547241211,198.24542236328125,113.34823608398438,160,184.0,96.0,198.0,113.0,-0.031957581639289856,yellow,0.0,12.0,0.5950971603393554,0.4356424808502197,15.628662109375,17.58808135986328,274.8781807255,,,,,
video_08,q065,a person wearing yellow shorts,14.0,0.25060755014419556,0.09828056395053864,-0.8062558770179749,-0.20548361539840698,-0.43077322840690613,32.312767028808594,65.79981994628906,44.94472885131836,77.41557312011719,97,33.0,67.0,45.0,77.0,0.06986425817012787,yellow,0.05154639109969139,13.0,0.12071483731269836,0.2983654022216797,12.631961822509766,11.615753173828125,146.72975063149352,,,,,
video_08,q065,a person wearing yellow shorts,14.5,0.27671295404434204,0.061308711767196655,-0.6666908264160156,-1.41202712059021,-1.1325260400772095,182.84683227539062,95.66231536865234,198.45962524414062,113.00360107421875,161,184.0,96.0,198.0,113.0,-0.054130539298057556,yellow,0.0,14.0,0.5957913398742676,0.43472065925598147,15.61279296875,17.341285705566406,270.74590353295207,,,,,
video_08,q065,a person wearing yellow shorts,15.0,0.3435558080673218,0.05731601268053055,-0.3093346953392029,-1.5423253774642944,-1.079953908920288,183.87864685058594,95.74357604980469,199.01907348632812,112.61727142333984,159,185.0,96.0,199.0,112.0,-0.03433980420231819,yellow,0.0,14.0,0.5982776880264282,0.43408509890238445,15.140426635742188,16.873695373535156,255.4749468768714,0.0024863481521606445,-0.00063556035359702,0.005132587689194222,-15.27095665608067,0.9948936212475272
video_08,q065,a person wearing yellow shorts,15.5,0.36206597089767456,0.06950852274894714,-0.21037541329860687,-1.144433617591858,-0.7941617965698242,183.90762329101562,95.44107818603516,199.69729614257812,112.91950988769531,157,186.0,96.0,199.0,112.0,-0.036384232342243195,yellow,0.0,14.0,0.5993826866149903,0.4340845584869385,15.7896728515625,17.478431701660156,275.9787185275927,0.0011049985885620561,-5.404154459487387e-07,0.0022099974414220395,20.50377165072132,0.9963421365216847
video_08,q065,a person wearing yellow shorts,16.0,0.26317667961120605,0.09282074123620987,-0.7390586137771606,-0.38366007804870605,-0.5169345140457153,32.38834762573242,65.7759017944336,44.819583892822266,77.3738021850586,96,33.0,67.0,45.0,77.0,0.06917080283164978,yellow,0.02083333395421505,15.0,0.1206373929977417,0.2982285499572754,12.431236267089844,11.597900390625,144.17623995803297,,,,,
video_08,q065,a person wearing yellow shorts,16.5,0.27693724632263184,0.10471893846988678,-0.6654917001724243,0.004627012647688389,-0.2466675043106079,32.46854782104492,65.81948852539062,44.74885559082031,77.39090728759766,94,33.0,67.0,45.0,77.0,0.06325393915176392,yellow,0.021276595070958138,15.0,0.12065219283103942,0.29835499127705895,12.28030776977539,11.571418762207031,142.10058373285574,1.479983329771839e-05,0.00012644131978356565,0.0002546090525825833,-2.0756562251772266,0.999745455756686
video_08,q065,a person wearing yellow shorts,17.0,0.2658156156539917,0.09305846691131592,-0.7249503135681152,-0.37590211629867554,-0.5067951679229736,32.44258499145508,65.82571411132812,44.774444580078125,77.31501007080078,95,33.0,67.0,45.0,77.0,0.07606035470962524,yellow,0.021052632480859756,15.0,0.12065160870552064,0.2982098420461019,12.331859588623047,11.489295959472656,141.6843845443509,-5.841255187877259e-07,-0.00014514923095704235,0.0002903008126068029,-0.41619918850483373,0.9997276192788762
video_08,q065,a person wearing yellow shorts,17.5,0.2876507043838501,0.09396098554134369,-0.6082152724266052,-0.34644922614097595,-0.44461148977279663,32.30831527709961,65.81255340576172,44.770347595214844,77.27364349365234,96,33.0,67.0,45.0,77.0,0.0695851743221283,yellow,0.0416666679084301,15.0,0.12043541073799133,0.29809624354044595,12.462032318115234,11.461090087890625,142.82847507612314,-0.00021619796752930798,-0.00011359850565595409,0.0004884513554124691,1.1440905317722354,0.9996556648673237
video_08,q065,a person wearing yellow shorts,18.0,0.28403884172439575,0.10530835390090942,-0.6275250911712646,0.023862062022089958,-0.2204081267118454,32.44732666015625,65.83976745605469,44.83902359008789,77.3769760131836,98,33.0,67.0,45.0,77.0,0.06338168680667877,yellow,0.051020409911870956,15.0,0.12075992226600647,0.2983682155609131,12.39169692993164,11.537208557128906,142.96559185735532,0.00032451152801514505,0.0002719720204671372,0.0008468211422294585,0.13711678123218007,0.9995301752483451
video_08,q065,a person wearing yellow shorts,18.5,0.2736913859844208,0.09951235353946686,-0.6828447580337524,-0.16528525948524475,-0.35937008261680603,32.44953155517578,65.80376434326172,44.827239990234375,77.34162902832031,97,33.0,67.0,45.0,77.0,0.06485327333211899,yellow,0.05154639109969139,15.0,0.12074495553970337,0.29821956952412926,12.377708435058594,11.537864685058594,142.81232503481442,-1.4966726303106137e-05,-0.00014864603678382826,0.00029879522852797576,-0.15326682254089974,0.9995643943167326
video_08,q065,a person wearing yellow shorts,19.0,0.28127536177635193,0.1002860888838768,-0.642299234867096,-0.14003509283065796,-0.3283841609954834,32.42934036254883,65.81556701660156,44.804691314697266,77.33880615234375,97,33.0,67.0,45.0,77.0,0.06458106637001038,yellow,0.05154639109969139,15.0,0.12067817449569702,0.29823827743530273,12.375350952148438,11.523239135742188,142.60412841034122,-6.67810440063421e-05,1.87079111734767e-05,0.00013870391168314893,-0.20819662447320297,0.9996138689043094
video_08,q065,a person wearing yellow shorts,19.5,0.2735443413257599,0.10162806510925293,-0.6836308836936951,-0.09624089300632477,-0.3165121376514435,32.485679626464844,65.80773162841797,44.80834197998047,77.22950744628906,94,33.0,67.0,45.0,77.0,0.07345607876777649,yellow,0.05319149047136307,15.0,0.1207719087600708,0.2979942480723063,12.322662353515625,11.421775817871094,140.74668688117526,9.373426437377097e-05,-0.00024402936299644518,0.0005228247978898583,-1.8574415291659534,0.9995943779815667
video_08,q065,a person wearing yellow shorts,20.0,0.6050421595573425,0.05203694477677345,1.0886270999908447,-1.714603066444397,-0.6633917093276978,173.56497192382812,51.1420783996582,206.0971221923828,130.1731719970703,1365,175.0,52.0,204.0,128.0,0.06789353489875793,yellow,0.0,16.0,0.5932220220565796,0.3777401049931844,32.53215026855469,79.03109359741211,2571.051412799221,,,,,
video_08,q065,a person wearing yellow shorts,20.5,0.2833330035209656,0.0978597030043602,-0.6312986612319946,-0.21921804547309875,-0.3737482726573944,32.440006256103516,65.81536865234375,44.9229621887207,77.35885620117188,97,33.0,67.0,45.0,77.0,0.073590949177742,yellow,0.04123711213469505,17.0,0.12087963819503784,0.29827963511149086,12.482955932617188,11.543487548828125,144.09684638073668,,,,,
video_08,q065,a person wearing yellow shorts,21.0,0.2592187821865082,0.10007400065660477,-0.7602183818817139,-0.1469563990831375,-0.3769296407699585,32.44322204589844,65.81122589111328,44.83272933959961,77.36762237548828,96,33.0,67.0,45.0,77.0,0.07754059135913849,yellow,0.0520833320915699,17.0,0.1207436740398407,0.2982892672220866,12.389507293701172,11.556396484375,143.17805853206664,-0.0001359641551971491,9.632110595736432e-06,0.000272609824129674,-0.9187878486700356,0.9997274644717328
video_08,q065,a person wearing yellow shorts,21.5,0.28701651096343994,0.0726558119058609,-0.6116058230400085,-1.041724681854248,-0.8804301023483276,181.27871704101562,119.51335906982422,196.6669464111328,140.00180053710938,166,182.0,120.0,196.0,139.0,-0.04032619670033455,yellow,0.0,18.0,0.590540099143982,0.540656582514445,15.388229370117188,20.488441467285156,315.2808367348043,,,,,
video_08,q065,a person wearing yellow shorts,22.0,0.295181006193161,0.08933020383119583,-0.5679566860198975,-0.497570663690567,-0.5239654183387756,185.7185516357422,135.7350311279297,218.03472900390625,160.857666015625,266,186.0,138.0,217.0,160.0,-0.09569531679153442,yellow,0.0,18.0,0.6308645009994507,0.6179014523824056,32.31617736816406,25.122634887695312,811.8675249863882,0.040324401855468706,0.07724486986796053,0.1742736618760217,496.58668825158384,0.8515902489053516
video_08,q065,a person wearing yellow shorts,22.5,0.2705376148223877,0.06925320625305176,-0.6997054815292358,-1.1527656316757202,-0.9828680753707886,207.98165893554688,171.41140747070312,230.40350341796875,190.84359741210938,226,209.0,172.0,230.0,190.0,-0.04720223322510719,yellow,0.0,18.0,0.6849768161773682,0.7546979268391927,22.421844482421875,19.43218994140625,435.7055408190936,0.05411231517791748,0.1367964744567871,0.29422044849208345,-376.1619841672946,0.810210561815664
video_08,q065,a person wearing yellow shorts,23.0,0.41084280610084534,0.06671928614377975,0.050395943224430084,-1.2354578971862793,-0.7532626986503601,227.41336059570312,187.82379150390625,264.76629638671875,204.19802856445312,213,228.0,189.0,264.0,205.0,-0.06600498408079147,yellow,0.0,18.0,0.7690307140350342,0.8167121251424153,37.352935791015625,16.374237060546875,611.6258255494758,0.08405389785766604,0.062014198303222634,0.20890972726283835,175.92028473038226,0.8157929159971343
video_08,q065,a person wearing yellow shorts,23.5,0.25683748722076416,0.09477223455905914,-0.7729493379592896,-0.3199748396873474,-0.4898402988910675,32.32025146484375,65.75553894042969,44.786258697509766,77.40771484375,98,33.0,67.0,45.0,77.0,0.0685073733329773,yellow,0.020408162847161293,19.0,0.12047892212867736,0.29825677871704104,12.466007232666016,11.652175903320312,145.25610908708768,,,,,
video_08,q065,a person wearing yellow shorts,24.0,0.296652615070343,0.09949761629104614,-0.5600891709327698,-0.16576619446277618,-0.31363731622695923,32.38185119628906,65.81182098388672,44.75009536743164,77.2826919555664,97,33.0,67.0,45.0,77.0,0.07158590108156204,yellow,0.06185567006468773,19.0,0.1205186665058136,0.2981135686238607,12.368244171142578,11.470870971679688,141.8745330334059,3.9744377136233244e-05,-0.00014321009318035705,0.00029724566474667846,-3.3815760536817834,0.9997028426639831
video_08,q065,a person wearing yellow shorts,24.5,0.2966000735759735,0.09919793903827667,-0.5603700280189514,-0.17554590106010437,-0.3198549747467041,32.357765197753906,65.78131103515625,44.767059326171875,77.32628631591797,98,33.0,67.0,45.0,77.0,0.06947170197963715,yellow,0.030612245202064514,19.0,0.12050753831863403,0.29814082781473794,12.409294128417969,11.544975280761719,143.264993964287,-1.1128187179562654e-05,2.7259190877260142e-05,5.888633244433839e-05,1.3904609308810905,0.9998219657032593
video_08,q065,a person wearing yellow shorts,25.0,0.2940969467163086,0.09292244166135788,-0.5737522840499878,-0.38034117221832275,-0.45287033915519714,32.32825469970703,65.82540130615234,44.88579177856445,77.35091400146484,99,33.0,67.0,45.0,77.0,0.06368817389011383,yellow,0.04040404036641121,19.0,0.12064694762229919,0.2982839902242025,12.557537078857422,11.5255126953125,144.73205302422866,0.00013940930366515558,0.00014316240946454784,0.0003996519957768179,1.4670590599416755,0.9997481354540747
video_08,q065,a person wearing yellow shorts,25.5,0.2932570278644562,0.09676145017147064,-0.5782426595687866,-0.25505855679512024,-0.37625259160995483,32.39310836791992,65.85687255859375,44.828712463378906,77.36799621582031,98,33.0,67.0,45.0,77.0,0.06432279944419861,yellow,0.040816325694322586,19.0,0.12065909504890442,0.2983851432800293,12.435604095458984,11.511123657226562,143.14777649514144,1.2147426605227385e-05,0.00010115305582680811,0.0002037596689851134,-1.5842765290872194,0.9997601716159633
video_08,q065,a person wearing yellow shorts,26.0,0.2980072796344757,0.09745563566684723,-0.5528468489646912,-0.232404425740242,-0.3525703251361847,32.35060119628906,65.84093475341797,44.863590240478516,77.3304443359375,98,33.0,67.0,45.0,77.0,0.06446458399295807,yellow,0.040816325694322586,19.0,0.12064717411994934,0.29827370643615725,12.512989044189453,11.489509582519531,143.76810752917663,-1.1920928955078125e-05,-0.00011143684387204811,0.00022414529858388952,0.6203310340351891,0.9997633182394101
video_08,q065,a person wearing yellow shorts,26.5,0.29088789224624634,0.09481176733970642,-0.5909085869789124,-0.31868472695350647,-0.420768678188324,32.3394775390625,65.8209228515625,44.91584777832031,77.38954162597656,99,33.0,67.0,45.0,77.0,0.0664183646440506,yellow,0.04040404036641121,19.0,0.12071144580841064,0.2983551343282064,12.576370239257812,11.568618774414062,145.4912328638602,6.427168846130649e-05,8.142789204912404e-05,0.00020747386863150777,1.7231253346835729,0.9997681932752883
video_08,q065,a person wearing yellow shorts,27.0,0.27820348739624023,0.10376621782779694,-0.6587221026420593,-0.026464179158210754,-0.2635608911514282,32.36421203613281,65.81135559082031,44.849857330322266,77.37332153320312,96,33.0,67.0,45.0,77.0,0.06919652968645096,yellow,0.0520833320915699,19.0,0.12064698338508606,0.29830141067504884,12.485645294189453,11.561965942382812,144.3586056600907,-6.446242332458496e-05,-5.372365315753358e-05,0.00016782890012711116,-1.1326272037695162,0.9997773364858974
video_08,q065,a person wearing yellow shorts,27.5,0.29746919870376587,0.09869997948408127,-0.5557235479354858,-0.19179636240005493,-0.3282690644264221,32.38102722167969,65.82530212402344,44.783607482910156,77.41058349609375,96,33.0,67.0,45.0,77.0,0.061241380870342255,yellow,0.0625,19.0,0.12056974172592164,0.2984080950419108,12.402580261230469,11.585281372070312,143.6873820660403,-7.724165916442316e-05,0.00010668436686195326,0.0002634223076598392,-0.6712235940503888,0.9997722501272013
video_08,q065,a person wearing yellow shorts,28.0,0.2792028486728668,0.09837376326322556,-0.6533793210983276,-0.20244213938713074,-0.3715435862541199,32.3801383972168,65.80669403076172,44.885562896728516,77.37617492675781,98,33.0,67.0,45.0,77.0,0.06784936040639877,yellow,0.040816325694322586,19.0,0.12072765827178955,0.298297643661499,12.505424499511719,11.569480895996094,144.68126984342234,0.00015791654586791437,-0.00011045138041176905,0.0003854199937404308,0.9938877773820423,0.9997547452723374
video_08,q065,a person wearing yellow shorts,28.5,0.27849993109703064,0.09822755306959152,-0.6571372747421265,-0.20721358060836792,-0.3759349584579468,32.374996185302734,65.81371307373047,44.886837005615234,77.38162994384766,98,33.0,67.0,45.0,77.0,0.06614537537097931,yellow,0.040816325694322586,19.0,0.12072161436080933,0.2983236312866211,12.5118408203125,11.567916870117188,144.73593450151384,-6.043910980219058e-06,2.5987625122070312e-05,5.336236574298679e-05,0.054664658091496676,0.9997739314788887
video_08,q065,a person wearing yellow shorts,29.0,0.2729899287223816,0.09692941606044769,-0.6865949034690857,-0.249577134847641,-0.41345879435539246,32.461143493652344,65.8023681640625,44.89222717285156,77.41753387451172,96,33.0,67.0,45.0,77.0,0.057916805148124695,yellow,0.0520833320915699,19.0,0.12086464166641235,0.2983747959136963,12.431083679199219,11.615165710449219,144.38909689435968,0.00014302730560301902,5.116462707521752e-05,0.0003038067096810436,-0.346837607154157,0.9997668722606596
video_08,q065,a person wearing yellow shorts,29.5,0.2528237998485565,0.09830605238676071,-0.7944073677062988,-0.2046518325805664,-0.42581015825271606,32.44115447998047,65.7759017944336,44.874671936035156,77.39198303222656,96,33.0,67.0,45.0,77.0,0.05831038951873779,yellow,0.0520833320915699,19.0,0.12080597877502441,0.29826642672220866,12.433517456054688,11.616081237792969,144.42874884104822,-5.866289138793668e-05,-0.00010836919148765611,0.00024645662084578807,0.039651946688536555,0.9997657665675748
video_08,q065,a person wearing yellow shorts,30.0,0.41805216670036316,0.009075772017240524,0.08893872052431107,-3.116602659225464,-1.9145246744155884,271.9626770019531,91.71009063720703,311.314453125,144.4863739013672,996,273.0,93.0,310.0,143.0,0.031412843614816666,yellow,0.0,20.0,0.9113705158233643,0.4920759677886963,39.351776123046875,52.776283264160156,2076.840483617736,,,,,
video_08,q065,a person wearing yellow shorts,30.5,0.2679669260978699,0.03405572846531868,-0.7134489417076111,-2.3014042377471924,-1.705920934677124,284.5132751464844,87.51270294189453,312.0185852050781,143.9625244140625,912,284.0,86.0,312.0,143.0,0.023446375504136086,yellow,0.0,20.0,0.9320810317993165,0.4822400569915771,27.50531005859375,56.44982147216797,1552.669842344243,0.020710515975952193,-0.009835910797119152,0.04585501556859647,-524.170641273493,0.9561554757724554
video_08,q065,a person wearing yellow shorts,31.0,0.411242812871933,0.01283874362707138,0.05253446474671364,-2.9938015937805176,-1.8514255285263062,282.93194580078125,83.12683868408203,314.1805114746094,143.53475952148438,968,285.0,84.0,314.0,142.0,0.017953310161828995,yellow,0.0,20.0,0.9329882144927979,0.47221166292826333,31.248565673828125,60.407920837402344,1887.6608815069776,0.0009071826934814453,-0.010028394063313795,0.020138685948041357,334.9910391627345,0.9680571622903825
video_08,q065,a person wearing yellow shorts,31.5,0.43257394433021545,0.020798485726118088,0.16657523810863495,-2.734042167663574,-1.6463106870651245,279.4602355957031,85.1118392944336,318.1228332519531,146.82888793945312,1123,283.0,87.0,317.0,145.0,0.02372315712273121,yellow,0.0,20.0,0.9337235450744629,0.48320984840393066,38.66259765625,61.71704864501953,2386.1414202935994,0.0007353305816649724,0.010998185475667333,0.02204547979260253,498.48053878662176,0.9714902641643576
video_08,q065,a person wearing yellow shorts,32.0,0.44304364919662476,0.026696857064962387,0.22254851460456848,-2.5415542125701904,-1.5050157308578491,286.4335021972656,88.28092956542969,320.0051574707031,149.16014099121094,1220,285.0,90.0,320.0,149.0,0.030312899500131607,yellow,0.0,20.0,0.9475604057312011,0.4946688969930013,33.5716552734375,60.87921142578125,2043.8158993050456,0.013836860656738281,0.011459048589070653,0.0359315186097484,-342.32552098855376,0.9699389959483893
video_08,q065,a person wearing yellow shorts,32.5,0.2528664767742157,0.09502147138118744,-0.7941792011260986,-0.31184121966362,-0.492717981338501,32.39512634277344,65.8272705078125,44.849544525146484,77.40570831298828,96,33.0,67.0,45.0,77.0,0.05645165592432022,yellow,0.1145833358168602,21.0,0.12069479823112488,0.29840203921000164,12.454418182373047,11.578437805175781,144.20270632425672,,,,,
video_08,q065,a person wearing yellow shorts,33.0,0.2945801317691803,0.03367438167333603,-0.5711690783500671,-2.3138489723205566,-1.660343885421753,301.68023681640625,85.88134002685547,320.0360412597656,191.35971069335938,579,304.0,102.0,320.0,189.0,0.008931918069720268,yellow,0.0,22.0,0.9714316844940185,0.5775855223337809,18.355804443359375,105.4783706665039,1936.1403449585196,,,,,
video_08,q065,a person wearing yellow shorts,33.5,0.25368595123291016,0.019003568217158318,-0.7897980809211731,-2.7926177978515625,-2.041560411453247,222.43057250976562,67.69300842285156,248.35940551757812,122.02686309814453,661,225.0,67.0,247.0,122.0,0.029010390862822533,yellow,0.0,23.0,0.7356093406677247,0.39524973233540855,25.9288330078125,54.33385467529297,1408.8134445464239,,,,,
video_08,q065,a person wearing yellow shorts,34.0,0.2742132842540741,0.09482025355100632,-0.6800546050071716,-0.3184077739715576,-0.4540253281593323,32.347991943359375,65.79718017578125,44.92763900756836,77.37921905517578,96,33.0,67.0,45.0,77.0,0.06758389621973038,yellow,0.03125,24.0,0.12074317336082459,0.2982841650644938,12.579647064208984,11.582038879394531,145.69796138672973,,,,,
video_08,q065,a person wearing yellow shorts,34.5,0.2809715270996094,0.09681998193264008,-0.6439235806465149,-0.2531484067440033,-0.39968910813331604,32.44277572631836,65.85054779052734,44.91899871826172,77.29283905029297,94,33.0,67.0,45.0,77.0,0.0678064227104187,yellow,0.042553190141916275,24.0,0.12087777256965637,0.298215389251709,12.47622299194336,11.442291259765625,142.75657729560044,0.00013459920883178433,-6.877581278480482e-05,0.00030230487553033485,-2.9413840911292937,0.9996977864850886
video_08,q065,a person wearing yellow shorts,35.0,0.2972148358821869,0.09597931802272797,-0.5570834279060364,-0.2805827260017395,-0.38427048921585083,32.47862243652344,65.83426666259766,45.0357780456543,77.36161804199219,95,33.0,67.0,45.0,77.0,0.06507956236600876,yellow,0.031578946858644485,24.0,0.12111625075340271,0.29832475980122886,12.55715560913086,11.527351379394531,144.7507450321864,0.0002384781837463379,0.00010937054951987157,0.00052472377962212,1.9941677365859505,0.9995866565958436
video_08,q065,a person wearing yellow shorts,35.5,0.2942867875099182,0.09806601703166962,-0.5727373957633972,-0.2124851644039154,-0.3475797474384308,32.47873306274414,65.8269271850586,45.06248092651367,77.334716796875,96,33.0,67.0,45.0,77.0,0.06837441772222519,yellow,0.03125,24.0,0.12115814685821533,0.2982534249623617,12.583747863769531,11.507789611816406,144.8111229444039,4.189610481261652e-05,-7.13348388671764e-05,0.000165456252038728,0.060377912217518315,0.9996692811087723
video_08,q065,a person wearing yellow shorts,36.0,0.29636839032173157,0.09778837859630585,-0.5616086721420288,-0.22154565155506134,-0.3490692973136902,32.41822052001953,65.85083770751953,44.91839599609375,77.34587860107422,96,33.0,67.0,45.0,77.0,0.06855979561805725,yellow,0.03125,24.0,0.120838463306427,0.2983264923095703,12.500175476074219,11.495040893554688,143.69002827408258,-0.0003196835517883245,7.306734720863295e-05,0.000655854894049302,-1.1210946703213267,0.9995880847937471
video_08,q065,a person wearing yellow shorts,36.5,0.2969423532485962,0.10120809078216553,-0.5585401654243469,-0.10994638502597809,-0.27816906571388245,32.4075813293457,65.83860778808594,44.99589920043945,77.35444641113281,96,33.0,67.0,45.0,77.0,0.06722545623779297,yellow,0.03125,24.0,0.12094293832778931,0.29831886291503906,12.58831787109375,11.515838623046875,144.96503713913262,0.00010447502136230746,-7.62939453125e-06,0.0002095064461974196,1.2750088650500402,0.9996285687629384
video_08,q065,a person wearing yellow shorts,37.0,0.2930551767349243,0.09862852841615677,-0.5793218016624451,-0.1941281110048294,-0.33857572078704834,32.411197662353516,65.8090591430664,44.83300018310547,77.36372375488281,98,33.0,67.0,45.0,77.0,0.06670050323009491,yellow,0.06122449040412903,24.0,0.12069405913352967,0.2982766310373942,12.421802520751953,11.554664611816406,143.52976200150442,-0.00024887919425964355,-4.223187764484937e-05,0.000504873785513722,-1.4352751376281958,0.9996063683347449
video_08,q065,a person wearing yellow shorts,37.5,0.2834245264530182,0.10306413471698761,-0.6308093070983887,-0.04937603697180748,-0.26741352677345276,32.371788024902344,65.7418212890625,44.855804443359375,77.32886505126953,99,33.0,67.0,45.0,77.0,0.06920737028121948,yellow,0.06060606241226196,24.0,0.12066811323165894,0.29806392987569175,12.484016418457031,11.587043762207031,144.6528445687727,-2.5945901870730315e-05,-0.00021270116170246656,0.000428555592722645,1.123082567268284,0.9996014052802931
video_08,q065,a person wearing yellow shorts,38.0,0.28911450505256653,0.09880464524030685,-0.6003894805908203,-0.18838068842887878,-0.34288400411605835,32.35763168334961,65.814208984375,44.98577117919922,77.4215316772461,98,33.0,67.0,45.0,77.0,0.06844735890626907,yellow,0.06122449040412903,24.0,0.12084906697273254,0.29840779304504395,12.62813949584961,11.607322692871094,146.5788901389169,0.00018095374107360285,0.00034386316935219874,0.0007771386894125692,1.926045570144197,0.9995541470841051
video_08,q065,a person wearing yellow shorts,38.5,0.2912136912345886,0.10031953454017639,-0.5891668200492859,-0.1389436274766922,-0.3077773153781891,32.36305618286133,65.82223510742188,44.97534942626953,77.35470581054688,98,33.0,67.0,45.0,77.0,0.06586797535419464,yellow,0.06122449040412903,24.0,0.12084125876426696,0.29828529357910155,12.612293243408203,11.532470703125,145.4509023288265,-7.808208465576172e-06,-0.00012249946594239391,0.00024549612848771054,-1.127987810090417,0.9995764116760398
video_08,q065,a person wearing yellow shorts,39.0,0.263673335313797,0.09854404628276825,-0.7364034056663513,-0.1968851089477539,-0.39920446276664734,32.34645080566406,65.8171157836914,44.92918395996094,77.35493469238281,97,33.0,67.0,45.0,77.0,0.06626665592193604,yellow,0.06185567006468773,24.0,0.12074317932128906,0.29827510515848793,12.582733154296875,11.537818908691406,145.17729651066475,-9.807944297790527e-05,-1.0188420613621574e-05,0.00019721441173967222,-0.2736058181617409,0.9995990483411851
video_08,q065,a person wearing yellow shorts,39.5,0.2857681214809418,0.09638339281082153,-0.6182799935340881,-0.26739612221717834,-0.3989775776863098,32.38238525390625,65.80349731445312,44.90859603881836,77.33274841308594,97,33.0,67.0,45.0,77.0,0.06618379056453705,yellow,0.06185567006468773,24.0,0.1207671582698822,0.29820051193237307,12.52621078491211,11.529251098632812,144.41782945365412,2.3978948593142424e-05,-7.459322611486074e-05,0.00015670532036730992,-0.7594670570106246,0.9996212498536915
video_08,q065,a person wearing yellow shorts,40.0,0.28797510266304016,0.09513625502586365,-0.6064809560775757,-0.3080953359603882,-0.4199899435043335,32.34436798095703,65.77740478515625,44.711036682128906,77.37483215332031,97,33.0,67.0,45.0,77.0,0.06816601753234863,yellow,0.04123711213469505,24.0,0.12039906978607177,0.2982338269551595,12.366668701171875,11.597427368164062,143.42154204798862,-0.0003680884838104248,3.3315022786417625e-05,0.0007391861001320761,-0.9962874056654982,0.9995912491226162
video_08,q065,a person wearing yellow shorts,40.5,0.2878939211368561,0.09764040261507034,-0.6069149971008301,-0.22637471556663513,-0.36907732486724854,32.36759948730469,65.77284240722656,44.7264518737793,77.40255737304688,97,33.0,67.0,45.0,77.0,0.06780067831277847,yellow,0.04123711213469505,24.0,0.12045945525169373,0.2982820828755697,12.35885238647461,11.629714965820312,143.72993055934785,6.038546562195379e-05,4.825592041018956e-05,0.000154596743989189,0.30838851135922596,0.9996107966905181
video_08,q065,a person wearing yellow shorts,41.0,0.2787517309188843,0.09118100255727768,-0.6557911038398743,-0.43717148900032043,-0.5191538333892822,32.41736602783203,65.80473327636719,44.863365173339844,77.32063293457031,97,33.0,67.0,45.0,77.0,0.07104682177305222,yellow,0.04123711213469505,24.0,0.12075114250183105,0.2981778462727865,12.445999145507812,11.515899658203125,143.3268773057498,0.0002916872501373263,-0.00010423660278319202,0.0006195053551098849,-0.40305325359804556,0.9995943704324768
video_08,q065,a person wearing yellow shorts,41.5,0.28189098834991455,0.09514011442661285,-0.6390079855918884,-0.3079693913459778,-0.4321088492870331,32.41182327270508,65.8224868774414,44.90672302246094,77.29989624023438,96,33.0,67.0,45.0,77.0,0.07158613204956055,yellow,0.0416666679084301,24.0,0.1208102285861969,0.29817163149515785,12.49489974975586,11.477409362792969,143.40907937500742,5.90860843658475e-05,-6.2147776286325396e-06,0.00011882405188616318,0.08220206925761886,0.9996134866219027
video_08,q065,a person wearing yellow shorts,42.0,0.2885619103908539,0.09686468541622162,-0.6033437848091125,-0.2516895532608032,-0.3835598826408386,32.38986587524414,65.79600524902344,44.98359298706055,77.24449920654297,98,33.0,67.0,45.0,77.0,0.0685495063662529,yellow,0.020408162847161293,24.0,0.12089602947235108,0.2980010509490967,12.593727111816406,11.448493957519531,144.17920874228003,8.58008861541748e-05,-0.000170580546061172,0.00038188749526199095,0.7701293672726024,0.9996137848496446
video_08,q065,a person wearing yellow shorts,42.5,0.2896516025066376,0.08911193162202835,-0.5975180864334106,-0.5046938061714172,-0.5395029187202454,32.40311813354492,65.83425903320312,44.808250427246094,77.34297943115234,96,33.0,67.0,45.0,77.0,0.06802137941122055,yellow,0.02083333395421505,24.0,0.12064276337623596,0.29828591346740724,12.405132293701172,11.508720397949219,142.76719906777726,-0.00025326609611511786,0.000284862518310558,0.0007623394776072537,-1.4120096745027695,0.9995916862353107
video_08,q065,a person wearing yellow shorts,43.0,0.2934691309928894,0.08978460729122162,-0.5771087408065796,-0.4827416241168976,-0.518129289150238,32.39671325683594,65.84026336669922,44.83336639404297,77.34532165527344,98,33.0,67.0,45.0,77.0,0.061597950756549835,yellow,0.030612245202064514,24.0,0.12067199945449829,0.2983033021291097,12.436653137207031,11.505058288574219,143.08441925834632,2.92360782623291e-05,1.738866170247766e-05,6.803275175867123e-05,0.3172201905690599,0.999610584916992
video_08,q065,a person wearing yellow shorts,43.5,0.2984033524990082,0.09019764512777328,-0.5507293343544006,-0.4692624807357788,-0.4998125731945038,32.37849807739258,65.82402801513672,44.902339935302734,77.34249114990234,98,33.0,67.0,45.0,77.0,0.0656554251909256,yellow,0.0,24.0,0.12075130939483643,0.2982635815938314,12.523841857910156,11.518463134765625,144.25541074597277,7.930994033814032e-05,-3.972053527834252e-05,0.00017740109987525365,1.170991487626452,0.999621742961407
video_08,q065,a person wearing yellow shorts,44.0,0.2975561022758484,0.09086795896291733,-0.5552589297294617,-0.4473873972892761,-0.4878392219543457,32.38449478149414,65.7911605834961,44.89500045776367,77.39671325683594,100,33.0,67.0,45.0,77.0,0.06789663434028625,yellow,0.0,24.0,0.12074921131134034,0.29830807050069175,12.510505676269531,11.605552673339844,145.19133259606315,-2.0980834960909744e-06,4.448890686037377e-05,8.907670375552929e-05,0.9359218500903808,0.9996361984020171
video_08,q065,a person wearing yellow shorts,44.5,0.29184430837631226,0.09331859648227692,-0.5857954025268555,-0.3674130141735077,-0.4493064284324646,32.408958435058594,65.80020141601562,44.89079284667969,77.33053588867188,98,33.0,67.0,45.0,77.0,0.07086649537086487,yellow,0.0,24.0,0.12078086137771607,0.29818903605143227,12.481834411621094,11.53033447265625,143.91972559830174,3.165006637573242e-05,-0.00011903444925948081,0.00024634063255659776,-1.2716069977614097,0.9996417940437896
video_08,q065,a person wearing yellow shorts,45.0,0.29267773032188416,0.09781187027692795,-0.5813397169113159,-0.22077901661396027,-0.3559892773628235,32.424930572509766,65.81055450439453,44.95068359375,77.27294158935547,95,33.0,67.0,45.0,77.0,0.06380268931388855,yellow,0.031578946858644485,24.0,0.12089939713478089,0.2980906168619792,12.525753021240234,11.462387084960938,143.5750296600745,0.00011853575706481656,-9.841918945308059e-05,0.00030813673948771887,-0.34469593822723255,0.9996440741225588
video_08,q065,a person wearing yellow shorts,45.5,0.2904706299304962,0.09717965126037598,-0.5931393504142761,-0.24141092598438263,-0.37330907583236694,32.38291549682617,65.801025390625,44.93949508666992,77.31339263916016,98,33.0,67.0,45.0,77.0,0.06454822421073914,yellow,0.030612245202064514,24.0,0.12081626653671265,0.2981550375620524,12.55657958984375,11.512367248535156,144.5559556237422,-8.313059806823453e-05,6.442070007323109e-05,0.00021033994326430302,0.980925963667687,0.99965040498679
video_08,q065,a person wearing yellow shorts,46.0,0.2680014967918396,0.09567609429359436,-0.7132641673088074,-0.2904781699180603,-0.44902291893959045,32.40552520751953,65.81403350830078,44.86173629760742,77.22833251953125,95,33.0,67.0,45.0,77.0,0.08248628675937653,yellow,0.05263157933950424,24.0,0.12073009610176086,0.29800492922465005,12.45621109008789,11.414299011230469,142.1789179292682,-8.617043495179333e-05,-0.00015010833740236595,0.00034616676222586003,-2.3770376944739837,0.9996505528213264
video_08,q065,a person wearing yellow shorts,46.5,0.2848704755306244,0.09054584056138992,-0.6230790019035339,-0.45789945125579834,-0.5198417901992798,32.419677734375,65.81309509277344,44.79185104370117,77.2355728149414,97,33.0,67.0,45.0,77.0,0.07030968368053436,yellow,0.07216494530439377,24.0,0.12064301371574401,0.2980180581410726,12.372173309326172,11.422477722167969,141.32087400057935,-8.70823860168457e-05,1.3128916422522341e-05,0.00017613302246673111,-0.8580439286888577,0.9996574854741943
video_08,q065,a person wearing yellow shorts,47.0,0.2885131537914276,0.09785658866167068,-0.6036044359207153,-0.2193196713924408,-0.36342644691467285,32.42657470703125,65.8162612915039,44.81494140625,77.2651596069336,96,33.0,67.0,45.0,77.0,0.07223725318908691,yellow,0.0729166641831398,24.0,0.12068986892700195,0.2980862935384115,12.38836669921875,11.448898315429688,141.83315063361079,4.685521125794012e-05,6.82353973389116e-05,0.00016554733790702093,0.5122766330314334,0.9996642917996519
video_08,q065,a person wearing yellow shorts,47.5,0.30003073811531067,0.09920446574687958,-0.5420289635658264,-0.1753329038619995,-0.312843918800354,32.4366455078125,65.8564453125,44.85326385498047,77.29940795898438,97,33.0,67.0,45.0,77.0,0.07110856473445892,yellow,0.05154639109969139,24.0,0.12076548337936402,0.2982413609822591,12.416618347167969,11.442962646484375,142.08289994229563,7.56144523620661e-05,0.00015506744384763405,0.0003450417803539409,0.2497493086848408,0.9996639505163543
video_08,q065,a person wearing yellow shorts,48.0,0.2808496356010437,0.09947818517684937,-0.6445752382278442,-0.16640031337738037,-0.3457159101963043,32.40690994262695,65.79438018798828,44.87449645996094,77.31885528564453,95,33.0,67.0,45.0,77.0,0.06422457844018936,yellow,0.06315789371728897,24.0,0.12075219750404358,0.2981525739034017,12.467586517333984,11.52447509765625,143.68239034689032,-1.3285875320442897e-05,-8.878707885739967e-05,0.0001795512167049888,1.5994904045946896,0.9996695400473788
video_08,q065,a person wearing yellow shorts,48.5,0.2968146800994873,0.09670821577310562,-0.5592226982116699,-0.2567957937717438,-0.3702058792114258,32.43781280517578,65.82001495361328,44.8701171875,77.34597778320312,94,33.0,67.0,45.0,77.0,0.06411798298358917,yellow,0.06382978707551956,24.0,0.12079364061355591,0.29826248486836754,12.432304382324219,11.525962829589844,143.29427819681587,4.144310951233188e-05,0.00010991096496582031,0.0002349293642418411,-0.38811215007444844,0.9996728358040525
video_08,q065,a person wearing yellow shorts,49.0,0.3035580515861511,0.09990252554416656,-0.5231712460517883,-0.15255233645439148,-0.291534423828125,32.41675567626953,65.83032989501953,44.80821990966797,77.30792236328125,97,33.0,67.0,45.0,77.0,0.06955038011074066,yellow,0.05154639109969139,24.0,0.12066402435302734,0.2982046922047933,12.391464233398438,11.477592468261719,142.22417655598838,-0.00012961626052857,-5.779266357425206e-05,0.0002838335213213324,-1.0701016408274882,0.9996742827837525
video_08,q065,a person wearing yellow shorts,49.5,0.29115864634513855,0.09676934778690338,-0.589461088180542,-0.25480082631111145,-0.3802984356880188,32.37449264526367,65.8049087524414,44.834171295166016,77.37127685546875,96,33.0,67.0,45.0,77.0,0.07276923954486847,yellow,0.0520833320915699,24.0,0.12063853740692139,0.2982837200164795,12.459678649902344,11.566368103027344,144.11322971020127,-2.5486946105948705e-05,7.902781168622752e-05,0.00016607202584085465,1.8890531542128883,0.9996794327220933
video_08,q065,a person wearing yellow shorts,50.0,0.2780928313732147,0.0980750024318695,-0.6593137383460999,-0.21219193935394287,-0.37986260652542114,32.41923522949219,65.80990600585938,44.844627380371094,77.37639617919922,96,33.0,67.0,45.0,77.0,0.06888207793235779,yellow,0.0625,24.0,0.12072478532791138,0.29830479621887207,12.425392150878906,11.566490173339844,143.7181762130349,8.624792098999023e-05,2.107620239255592e-05,0.00017757150877759166,-0.39505349716637284,0.9996839017056567
video_08,q065,a person wearing yellow shorts,50.5,0.2787103056907654,0.09699282050132751,-0.6560125350952148,-0.2475079745054245,-0.40069717168807983,32.4505615234375,65.81122589111328,44.85380554199219,77.36878204345703,96,33.0,67.0,45.0,77.0,0.0707097053527832,yellow,0.0520833320915699,24.0,0.12078807353973389,0.2982916831970215,12.403244018554688,11.55755615234375,143.35118921566755,6.328821182251254e-05,-1.3113021850585938e-05,0.0001292648304488914,-0.3669869973673485,0.9996895628060065
video_08,q065,a person wearing yellow shorts,51.0,0.2926868498325348,0.09468536078929901,-0.5812909603118896,-0.3228098750114441,-0.4197402894496918,32.413150787353516,65.83447265625,44.831382751464844,77.322265625,96,33.0,67.0,45.0,77.0,0.06805022805929184,yellow,0.0520833320915699,24.0,0.12069458365440369,0.2982432047526042,12.418231964111328,11.48779296875,142.65807784162462,-9.34898853302002e-05,-4.8478444417299205e-05,0.00021062305887224362,-0.6931113740429282,0.9996924995356347
video_08,q065,a person wearing yellow shorts,51.5,0.26361384987831116,0.0978783443570137,-0.7367214560508728,-0.21860969066619873,-0.4129015803337097,32.463871002197266,65.85733032226562,44.8487434387207,77.2978286743164,98,33.0,67.0,45.0,77.0,0.06396369636058807,yellow,0.040816325694322586,24.0,0.12080096006393433,0.2982399145762126,12.384872436523438,11.440498352050781,141.68911270040553,0.00010637640953063687,-3.2901763916126647e-06,0.00021285455846955872,-0.968965141219087,0.9996952047496689
video_08,q065,a person wearing yellow shorts,52.0,0.27924808859825134,0.09629005938768387,-0.6531374454498291,-0.2704419791698456,-0.4139527678489685,32.36989974975586,65.8228988647461,44.826297760009766,77.2507095336914,97,33.0,67.0,45.0,77.0,0.07061633467674255,yellow,0.04123711213469505,24.0,0.12061905860900879,0.2980700174967448,12.456398010253906,11.427810668945312,142.34935807820875,-0.00018190145492553988,-0.00016989707946779564,0.0004978078220185564,0.6602453778032213,0.9996898491656055
video_08,q065,a person wearing yellow shorts,52.5,0.27239206433296204,0.09723412990570068,-0.689791202545166,-0.23963306844234467,-0.4084423780441284,32.34441375732422,65.79237365722656,44.73950958251953,77.28527069091797,96,33.0,67.0,45.0,77.0,0.06879881769418716,yellow,0.0833333358168602,24.0,0.12044363021850586,0.29807842572530113,12.395095825195312,11.492897033691406,142.45556004170794,-0.0001754283905029269,8.408228556355812e-06,0.00035125955361756827,0.10620196349918842,0.9996887414084639
video_08,q065,a person wearing yellow shorts,53.0,0.276897668838501,0.09982573986053467,-0.665703296661377,-0.15505817532539368,-0.3465501070022583,32.361995697021484,65.83694458007812,44.7132682800293,77.33854675292969,96,33.0,67.0,45.0,77.0,0.07021971791982651,yellow,0.0833333358168602,24.0,0.12043009996414185,0.29828227361043297,12.351272583007812,11.501602172851562,142.0594235782046,-1.3530254364013672e-05,0.00020384788513183594,0.00040859284406791603,-0.3961364635033533,0.9996861841303224
video_08,q065,a person wearing yellow shorts,53.5,0.2601156234741211,0.09270717948675156,-0.7554237246513367,-0.38736605644226074,-0.5253876447677612,32.36189270019531,65.81575775146484,44.76573181152344,77.30735778808594,96,33.0,67.0,45.0,77.0,0.0673961490392685,yellow,0.0625,24.0,0.12051191329956054,0.29817315737406414,12.403839111328125,11.491600036621094,142.53995798598044,8.181333541869285e-05,-0.00010911623636883361,0.00027276198336007685,0.4805344077758491,0.9996872386589509
video_08,q065,a person wearing yellow shorts,54.0,0.28054919838905334,0.09693533182144165,-0.6461814641952515,-0.2493840754032135,-0.39818310737609863,32.360897064208984,65.80736541748047,44.76518630981445,77.34664916992188,97,33.0,67.0,45.0,77.0,0.0654086098074913,yellow,0.05154639109969139,24.0,0.12050950527191162,0.29823753039042156,12.404289245605469,11.539283752441406,143.13661335239885,-2.40802764892023e-06,6.437301635742188e-05,0.00012883607929630377,0.5966553664184175,0.999691836380581
video_08,q065,a person wearing yellow shorts,54.5,0.2823624610900879,0.1032630130648613,-0.6364873647689819,-0.04288581758737564,-0.26548638939857483,32.370445251464844,65.80369567871094,44.72389602661133,77.28681945800781,96,33.0,67.0,45.0,77.0,0.07088121026754379,yellow,0.0625,24.0,0.12045990824699401,0.29810523986816406,12.353450775146484,11.483123779296875,141.856204352458,-4.959702491760809e-05,-0.00013229052225749438,0.00028256430885615014,-1.2804089999408461,0.999692462685144
video_08,q065,a person wearing yellow shorts,55.0,0.2814461886882782,0.10065352916717529,-0.6413859724998474,-0.1280440092086792,-0.3205472230911255,32.331111907958984,65.81455993652344,44.76578140258789,77.32571411132812,95,33.0,67.0,45.0,77.0,0.07617649435997009,yellow,0.05263157933950424,24.0,0.1204638957977295,0.29820890426635743,12.434669494628906,11.511154174804688,143.13739766541403,3.9875507354819595e-06,0.00010366439819337048,0.00020748212466293779,1.2811933129560202,0.9996948457434048
video_08,q065,a person wearing yellow shorts,55.5,0.28240275382995605,0.10119999945163727,-0.6362719535827637,-0.11021043360233307,-0.3074834942817688,32.356014251708984,65.8078384399414,44.768367767333984,77.28271484375,96,33.0,67.0,45.0,77.0,0.07431013882160187,yellow,0.0520833320915699,24.0,0.12050684690475463,0.29810531934102374,12.412353515625,11.474876403808594,142.43022247217596,4.295110702513816e-05,-0.00010358492533368846,0.00022427335420036583,-0.7071751932380721,0.999696727715281
video_08,q065,a person wearing yellow shorts,56.0,0.2666636109352112,0.10830172151327133,-0.720416784286499,0.12154795229434967,-0.19418883323669434,32.36280059814453,65.81480407714844,44.74753952026367,77.44829559326172,97,33.0,67.0,45.0,77.0,0.06830903142690659,yellow,0.04123711213469505,24.0,0.12048490643501282,0.29846479098002116,12.38473892211914,11.633491516113281,144.07775517975097,-2.1940469741812962e-05,0.00035947163899741064,0.0007202811769190589,1.6475327075750101,0.9996872581674838
video_08,q065,a person wearing yellow shorts,56.5,0.2666710913181305,0.10069248080253601,-0.7203767895698547,-0.12677285075187683,-0.34937435388565063,32.346492767333984,65.75833129882812,44.79729461669922,77.38803100585938,98,33.0,67.0,45.0,77.0,0.06484770029783249,yellow,0.040816325694322586,24.0,0.12053716778755189,0.2982215881347656,12.450801849365234,11.62969970703125,144.799086619867,5.2261352539065276e-05,-0.00024320284525553015,0.0004975092879920849,0.721331440116046,0.9996831569814719
video_08,q065,a person wearing yellow shorts,57.0,0.2586842477321625,0.09935154765844345,-0.76307612657547,-0.17053301632404327,-0.39273667335510254,32.399932861328125,65.80854034423828,44.9253044128418,77.33248138427734,97,33.0,67.0,45.0,77.0,0.06992745399475098,yellow,0.06185567006468773,24.0,0.1208206832408905,0.29821046193440753,12.525371551513672,11.523941040039062,144.34164326422615,0.0002835154533386147,-1.112620035809142e-05,0.000567467372158818,-0.45744335564086214,0.9996777142892797
video_08,q065,a person wearing yellow shorts,57.5,0.26246991753578186,0.1025780737400055,-0.742837131023407,-0.06523820757865906,-0.31933778524398804,32.34449005126953,65.81429290771484,44.899322509765625,77.36717224121094,97,33.0,67.0,45.0,77.0,0.07134701311588287,yellow,0.04123711213469505,24.0,0.12069345712661743,0.29829471906026206,12.554832458496094,11.552879333496094,145.04446444526548,-0.0001272261142730713,8.42571258545255e-05,0.00030519336434653974,0.7028211810393259,0.9996780799312327
video_08,q065,a person wearing yellow shorts,58.0,0.28490152955055237,0.10055535286664963,-0.6229129433631897,-0.13124790787696838,-0.3156222999095917,32.36258316040039,65.83482360839844,44.927162170410156,77.31100463867188,97,33.0,67.0,45.0,77.0,0.06803889572620392,yellow,0.04123711213469505,24.0,0.12076522707939148,0.2982204755147298,12.564579010009766,11.476181030273438,144.19338328804588,7.17699527740534e-05,-7.424354553225987e-05,0.0002065238986111835,-0.8510811572195962,0.999680484634613
video_08,q065,a person wearing yellow shorts,58.5,0.30148836970329285,0.09862801432609558,-0.5342361927032471,-0.19414488971233368,-0.32167911529541016,32.46731948852539,65.85360717773438,44.883785247802734,77.30362701416016,95,33.0,67.0,45.0,77.0,0.0760345533490181,yellow,0.04210526496171951,24.0,0.1208611011505127,0.2982442378997803,12.416465759277344,11.450019836425781,142.16877924202709,9.587407112121582e-05,2.3762385050474233e-05,0.00019754987680728077,-2.024604046018794,0.9996829742248698
video_08,q065,a person wearing yellow shorts,59.0,0.29175668954849243,0.10037441551685333,-0.5862638354301453,-0.13715262711048126,-0.3055693209171295,32.46458053588867,65.8369369506836,44.93729019165039,77.29334259033203,95,33.0,67.0,45.0,77.0,0.06192879378795624,yellow,0.08421052992343903,24.0,0.12094042301177979,0.29818808237711586,12.472709655761719,11.456405639648438,142.89242124196608,7.932186126709262e-05,-5.6155522664413926e-05,0.0001943748996201865,0.7236419999389909,0.999685427702778
video_08,q065,a person wearing yellow shorts,59.5,0.29122301936149597,0.10220223665237427,-0.5891169309616089,-0.07750331610441208,-0.26935842633247375,32.45398712158203,65.82447814941406,44.945762634277344,77.27928161621094,95,33.0,67.0,45.0,77.0,0.06309856474399567,yellow,0.08421052992343903,24.0,0.12093710899353027,0.2981328328450521,12.491775512695312,11.454803466796875,143.09083344927058,-3.31401824951727e-06,-5.5249532063761375e-05,0.00011069766953685574,0.19841220730450004,0.9996894246855401
video_08,q065,a person wearing yellow shorts,60.0,0.2783676087856293,0.09962634742259979,-0.6578447222709656,-0.1615651696920395,-0.3476699888706207,32.399784088134766,65.80542755126953,44.92454147338867,77.26815032958984,97,33.0,67.0,45.0,77.0,0.06746485829353333,yellow,0.04123711213469505,24.0,0.12081925868988037,0.29806995391845703,12.524757385253906,11.462722778320312,143.5678217728855,-0.00011785030364989957,-6.287892659506689e-05,0.00026715129406477777,0.4769883236149326,0.9996902610992937
video_08,q065,a person wearing yellow shorts,60.5,0.272049218416214,0.09629493951797485,-0.6916241645812988,-0.27028271555900574,-0.42828577756881714,32.453365325927734,65.81478881835938,44.95613098144531,77.30502319335938,95,33.0,67.0,45.0,77.0,0.06888643652200699,yellow,0.04210526496171951,24.0,0.12095233798027039,0.29816627502441406,12.502765655517578,11.490234375,143.65970771759748,0.00013307929039001187,9.632110595703125e-05,0.00032855960179848493,0.09188594471197575,0.9996899080213916
video_08,q065,a person wearing yellow shorts,61.0,0.27340394258499146,0.09600254893302917,-0.6843814849853516,-0.2798246145248413,-0.43153345584869385,32.30311584472656,65.83966064453125,44.82364273071289,77.44703674316406,98,33.0,67.0,45.0,77.0,0.07090693712234497,yellow,0.040816325694322586,24.0,0.12051056027412414,0.2985139528910319,12.520526885986328,11.607376098632812,145.33046451868722,-0.000441777706146243,0.00034767786661782374,0.001124361935648406,1.6707568010897376,0.999674840305706
video_08,q065,a person wearing yellow shorts,61.5,0.29483112692832947,0.09592875838279724,-0.5698271989822388,-0.28223270177841187,-0.39008063077926636,32.336849212646484,65.84969329833984,44.89592742919922,77.35993194580078,98,33.0,67.0,45.0,77.0,0.06471722573041916,yellow,0.051020409911870956,24.0,0.1206762135028839,0.298353385925293,12.559078216552734,11.510238647460938,144.55798746465007,0.00016565322875976285,-0.0001605669657389064,0.00046140109529620084,-0.7724770540371537,0.9996723667278169
video_08,q065,a person wearing yellow shorts,62.0,0.28761526942253113,0.09714828431606293,-0.6084047555923462,-0.242434561252594,-0.3796733617782593,32.36317443847656,65.84175872802734,44.811851501464844,77.35285186767578,97,33.0,67.0,45.0,77.0,0.062238216400146484,yellow,0.04123711213469505,24.0,0.12058597803115845,0.29832210540771487,12.448677062988281,11.511093139648438,143.29788113746326,-9.023547172545832e-05,-3.12805175781139e-05,0.00019100692277999434,-1.2601063271868043,0.9996748068078046
video_08,q065,a person wearing yellow shorts,62.5,0.27883830666542053,0.09251480549573898,-0.6553282141685486,-0.3936440348625183,-0.49177560210227966,32.2984504699707,65.82048034667969,44.80335998535156,77.38001251220703,98,33.0,67.0,45.0,77.0,0.0637073814868927,yellow,0.040816325694322586,24.0,0.12047157883644104,0.29833436012268066,12.50490951538086,11.559532165527344,144.550903770054,-0.00011439919471741,1.2254714965798108e-05,0.0002301073991933753,1.2530226325907279,0.9996764757522888
video_08,q065,a person wearing yellow shorts,63.0,0.2814657688140869,0.09662581980228424,-0.641281247138977,-0.2594847083091736,-0.4026584029197693,32.33366394042969,65.81238555908203,44.92611312866211,77.4244155883789,98,33.0,67.0,45.0,77.0,0.06482741981744766,yellow,0.040816325694322586,24.0,0.12071840167045593,0.2984100023905436,12.592449188232422,11.612030029296875,146.22389811614994,0.0002468228340148926,7.564226786294093e-05,0.0005163071337047053,1.6729943460959475,0.9996731558748274
video_08,q065,a person wearing yellow shorts,63.5,0.2637319266796112,0.09738068282604218,-0.7360901832580566,-0.2348504364490509,-0.42281532287597656,32.32112503051758,65.79199981689453,44.89230728149414,77.4596939086914,98,33.0,67.0,45.0,77.0,0.06620392948389053,yellow,0.040816325694322586,24.0,0.12064598798751831,0.2984410285949707,12.571182250976562,11.667694091796875,146.67670887662098,-7.241368293761652e-05,3.102620442707593e-05,0.00015756099565235503,0.4528107604710385,0.9996760250234245
video_08,q065,a person wearing yellow shorts,64.0,0.2779105007648468,0.10194393247365952,-0.6602885127067566,-0.08593284338712692,-0.30131620168685913,32.41908645629883,65.79664611816406,44.904823303222656,77.37835693359375,95,33.0,67.0,45.0,77.0,0.06532897055149078,yellow,0.04210526496171951,24.0,0.12081860899925231,0.29828125635782876,12.485736846923828,11.581710815429688,144.60619347862666,0.00017262101173400046,-0.00015977223714191968,0.00047042611089693456,-2.0705153979943134,0.999673587507186
video_08,q065,a person wearing yellow shorts,64.5,0.27356821298599243,0.10310211777687073,-0.683503270149231,-0.04813649505376816,-0.28639906644821167,32.38084411621094,65.7973861694336,44.815391540527344,77.28473663330078,96,33.0,67.0,45.0,77.0,0.06458714604377747,yellow,0.0416666679084301,24.0,0.12061911821365356,0.29808775583902997,12.434547424316406,11.487350463867188,142.8400041226996,-0.00019949078559874933,-0.00019350051879879482,0.0005558381934131872,-1.7661893559270538,0.9996698306452413
video_08,q065,a person wearing yellow shorts,65.0,0.2922526001930237,0.10162153095006943,-0.5836125612258911,-0.09645412862300873,-0.2791385352611542,32.43153381347656,65.80484771728516,44.81133270263672,77.27619171142578,96,33.0,67.0,45.0,77.0,0.07159003615379333,yellow,0.0520833320915699,24.0,0.120691978931427,0.29808549880981444,12.379798889160156,11.471343994140625,142.01293163583614,7.286071777343195e-05,-2.2570292155243976e-06,0.00014579133548108314,-0.8270724868634716,0.9996728042873647
video_08,q065,a person wearing yellow shorts,65.5,0.280159592628479,0.10230713337659836,-0.6482643485069275,-0.07408010214567184,-0.2893991768360138,32.44783401489258,65.80199432373047,44.81044387817383,77.29753112792969,96,33.0,67.0,45.0,77.0,0.07118920981884003,yellow,0.0520833320915699,24.0,0.12071605920791625,0.29812401135762534,12.36260986328125,11.495536804199219,142.11483667930588,2.4080276489257812e-05,3.85125478108983e-05,9.08421940440857e-05,0.10190504346974194,0.9996765551887115
video_08,q065,a person wearing yellow shorts,66.0,0.2815729081630707,0.09634493291378021,-0.6407085061073303,-0.26865121722221375,-0.40817272663116455,32.4033317565918,65.79237365722656,44.86469268798828,77.33992004394531,97,33.0,67.0,45.0,77.0,0.06707106530666351,yellow,0.020618556067347527,24.0,0.12073128819465637,0.29819227854410807,12.461360931396484,11.54754638671875,143.89814339694567,1.5228986740112305e-05,6.826718648272889e-05,0.00013989039691698926,1.783306717639789,0.999679423013764
video_08,q065,a person wearing yellow shorts,66.5,0.2939798831939697,0.0990707278251648,-0.5743781328201294,-0.17969731986522675,-0.3277026414871216,32.37668991088867,65.79857635498047,44.98804473876953,77.36294555664062,95,33.0,67.0,45.0,77.0,0.062495436519384384,yellow,0.021052632480859756,24.0,0.12088239789009095,0.2982531706492106,12.61135482788086,11.564369201660156,145.84236336275353,0.00015110969543458141,6.089210510251686e-05,0.00032583424324737824,1.9442199658078607,0.9996793437653059
video_08,q065,a person wearing yellow shorts,67.0,0.2864762246608734,0.09138831496238708,-0.6144943237304688,-0.43040603399276733,-0.49943915009498596,32.42045974731445,65.83191680908203,44.90172576904297,77.26014709472656,95,33.0,67.0,45.0,77.0,0.06162337213754654,yellow,0.05263157933950424,24.0,0.12081591486930847,0.29810846646626793,12.481266021728516,11.428230285644531,142.63878235270386,-6.648302078247903e-05,-0.00014470418294265652,0.00031849202573041197,-3.2035810100496747,0.9996793780927118
video_08,q065,a person wearing yellow shorts,67.5,0.28186264634132385,0.09675920009613037,-0.6391595005989075,-0.2551319897174835,-0.399142324924469,32.439456939697266,65.83926391601562,44.92304229736328,77.24147033691406,97,33.0,67.0,45.0,77.0,0.07279090583324432,yellow,0.07216494530439377,24.0,0.1208789050579071,0.2980848630269369,12.483585357666016,11.402206420898438,142.34041712101316,6.299018859863559e-05,-2.3603439331054688e-05,0.0001345345488407563,-0.2983652316906955,0.9996821552767801
video_08,q065,a person wearing yellow shorts,68.0,0.2821612060070038,0.10081338882446289,-0.6375632882118225,-0.12282712757587433,-0.31585317850112915,32.42945861816406,65.82508087158203,44.96588134765625,77.24296569824219,96,33.0,67.0,45.0,77.0,0.07348626852035522,yellow,0.0833333358168602,24.0,0.12093021869659423,0.2980584303538005,12.536422729492188,11.417884826660156,143.13943086366635,5.131363868712824e-05,-2.643267313640063e-05,0.0001154430721082723,0.7990137426531874,0.999685131373877
video_08,q065,a person wearing yellow shorts,68.5,0.28179433941841125,0.10264553129673004,-0.6395246386528015,-0.06303678452968597,-0.27921971678733826,32.38832473754883,65.80256652832031,45.0264778137207,77.33539581298828,98,33.0,67.0,45.0,77.0,0.07140852510929108,yellow,0.051020409911870956,24.0,0.12096062898635865,0.2982040882110596,12.638153076171875,11.532829284667969,145.75366190099157,3.04102897644154e-05,0.00014565785725911828,0.00029759702353937203,2.6142310373252258,0.9996853829658064
video_08,q065,a person wearing yellow shorts,69.0,0.2884592115879059,0.0973917692899704,-0.6038928627967834,-0.23448863625526428,-0.37301522493362427,32.3634033203125,65.82923126220703,45.02039337158203,77.28162384033203,97,33.0,67.0,45.0,77.0,0.07001625001430511,yellow,0.06185567006468773,24.0,0.12091218233108521,0.2981476147969564,12.656990051269531,11.452392578125,144.95281892456114,-4.8446655273440276e-05,-5.6473414103197506e-05,0.00014881296862376996,-0.800842976430431,0.999687751524349
video_08,q065,a person wearing yellow shorts,69.5,0.27480074763298035,0.09581373631954193,-0.6769139170646667,-0.2859863340854645,-0.43258416652679443,32.33477783203125,65.81390380859375,44.985572814941406,77.32801818847656,97,33.0,67.0,45.0,77.0,0.0661488026380539,yellow,0.10309278219938278,24.0,0.12081304788589478,0.2982123374938965,12.650794982910156,11.514114379882812,145.66270042967517,-9.913444519042691e-05,6.472269694007826e-05,0.00023678400049336926,0.7098815051140264,0.9996888151145489
video_08,q065,a person wearing yellow shorts,70.0,0.2863514721393585,0.09559540450572968,-0.6151612401008606,-0.2931114137172699,-0.4138801097869873,32.351409912109375,65.85237121582031,44.92192840576172,77.37289428710938,96,33.0,67.0,45.0,77.0,0.07505346834659576,yellow,0.0520833320915699,24.0,0.12073959112167358,0.29838596979777016,12.570518493652344,11.520523071289062,144.81894832418766,-7.345676422119973e-05,0.00017363230387368311,0.00037706271710861023,-0.8437521054875106,0.999687902059386
video_08,q065,a person wearing yellow shorts,70.5,0.2951510548591614,0.0968036875128746,-0.5681168437004089,-0.25368016958236694,-0.3715939223766327,32.38219451904297,65.83832550048828,45.000732421875,77.39461517333984,97,33.0,67.0,45.0,77.0,0.07030241936445236,yellow,0.05154639109969139,24.0,0.12091082334518433,0.29840195973714195,12.618537902832031,11.556289672851562,145.82347925298382,0.00017123222351074496,1.5989939371796602e-05,0.0003439543721457685,1.0045309287961572,0.9996874672763525
video_08,q065,a person wearing yellow shorts,71.0,0.2903248071670532,0.1034337729215622,-0.5939189791679382,-0.037313222885131836,-0.24604037404060364,32.413333892822266,65.85693359375,44.87641143798828,77.38327026367188,97,33.0,67.0,45.0,77.0,0.06615055352449417,yellow,0.05154639109969139,24.0,0.12076522707939148,0.2984170913696289,12.463077545166016,11.526336669921875,143.65362772892695,-0.0001455962657928439,1.5131632486953261e-05,0.0002927609189392646,-2.1698515240568668,0.9996877356155346
video_08,q065,a person wearing yellow shorts,71.5,0.2964627146720886,0.09939897805452347,-0.561104416847229,-0.16898517310619354,-0.3160299062728882,32.426361083984375,65.82428741455078,44.896942138671875,77.34406280517578,99,33.0,67.0,45.0,77.0,0.06507475674152374,yellow,0.04040404036641121,24.0,0.12081766128540039,0.298267396291097,12.4705810546875,11.519775390625,143.65829274058342,5.243420600890836e-05,-0.00014969507853190844,0.00031722523541773205,0.004665011656470597,0.9996876708118768
video_08,q065,a person wearing yellow shorts,72.0,0.29162827134132385,0.10162976384162903,-0.5869503617286682,-0.09618545323610306,-0.2802222967147827,32.43410110473633,65.8321304321289,44.97661209106445,77.40995025634766,97,33.0,67.0,45.0,77.0,0.06677457690238953,yellow,0.04123711213469505,24.0,0.12095423936843872,0.29842100143432615,12.542510986328125,11.57781982421875,145.21493234299123,0.00013657808303832453,0.00015360514322915186,0.0004110869143763724,1.556639602407813,0.999686373464521
video_08,q065,a person wearing yellow shorts,72.5,0.2688831686973572,0.10148568451404572,-0.7085505127906799,-0.10088735818862915,-0.3287610411643982,32.395389556884766,65.82463836669922,44.98432922363281,77.28739166259766,95,33.0,67.0,45.0,77.0,0.07533205300569534,yellow,0.04210526496171951,24.0,0.12090581059455871,0.29815006256103516,12.588939666748047,11.462753295898438,144.30390965688275,-4.842877388000488e-05,-0.0002709388732909934,0.0005504660541748732,-0.9110226861084811,0.9996833008421089
video_08,q065,a person wearing yellow shorts,73.0,0.27488669753074646,0.10075154155492783,-0.6764543652534485,-0.1248454600572586,-0.33169880509376526,32.333065032958984,65.78962707519531,44.95911407470703,77.40509033203125,96,33.0,67.0,45.0,77.0,0.07412165403366089,yellow,0.0520833320915699,24.0,0.12076902985572815,0.29832232793172203,12.626049041748047,11.615463256835938,146.65740872343304,-0.0001367807388305553,0.00017226537068687486,0.0004399287599278728,2.3534990665502846,0.9996817232639011
video_08,q065,a person wearing yellow shorts,73.5,0.26112690567970276,0.02886100485920906,-0.7500171661376953,-2.4709293842315674,-1.825587272644043,207.93548583984375,71.9815902709961,244.28082275390625,133.33558654785156,708,208.0,73.0,244.0,133.0,0.0490792915225029,yellow,0.0,25.0,0.7065879821777343,0.4277441183725993,36.3453369140625,61.35399627685547,2229.9316657064483,,,,,
video_08,q065,a person wearing yellow shorts,74.0,0.26955851912498474,0.1077963188290596,-0.7049399614334106,0.1050545871257782,-0.1986933797597885,32.42485046386719,65.77645874023438,45.015750885009766,77.34060668945312,108,32.0,66.0,45.0,78.0,0.06655259430408478,yellow,0.046296294778585434,26.0,0.12100093960762023,0.2981605529785156,12.590900421142578,11.56414794921875,145.60303528397344,,,,,
video_08,q065,a person wearing yellow shorts,74.5,0.2624409794807434,0.10297077149152756,-0.7429918646812439,-0.052422862499952316,-0.31138622760772705,32.39982604980469,65.75350952148438,44.98833465576172,77.41682434082031,98,33.0,67.0,45.0,77.0,0.06482689827680588,yellow,0.06122449040412903,26.0,0.12091900110244751,0.2982715288798014,12.588508605957031,11.663314819335938,146.82373897719663,-8.193850517272672e-05,0.00011097590128578139,0.00027589540986491573,1.2207036932231858,0.9997241806874173
video_08,q065,a person wearing yellow shorts,75.0,0.2536580562591553,0.09931670874357224,-0.7899472117424011,-0.17166996002197266,-0.40352392196655273,32.43609619140625,65.78895568847656,44.86591339111328,77.28120422363281,94,33.0,67.0,45.0,77.0,0.06629815697669983,yellow,0.05319149047136307,26.0,0.12078438997268677,0.29806283315022786,12.429817199707031,11.49224853515625,142.8465485055931,-0.00013461112976073664,-0.0002086957295735492,0.0004966852677408415,-3.977190471603535,0.999613858823803
video_08,q065,a person wearing yellow shorts,75.5,0.25430527329444885,0.09771068394184113,-0.7864870429039001,-0.2240811437368393,-0.43498334288597107,32.39723587036133,65.78535461425781,44.880157470703125,77.24280548095703,97,33.0,67.0,45.0,77.0,0.07011643052101135,yellow,0.05154639109969139,26.0,0.12074592709541321,0.2979753335316976,12.482921600341797,11.457450866699219,143.02246090877452,-3.8462877273562346e-05,-8.749961853027344e-05,0.00019116041610233527,0.1759124031814281,0.9996788561352772
video_08,q065,a person wearing yellow shorts,76.0,0.2595486044883728,0.09673173725605011,-0.7584550976753235,-0.2560282051563263,-0.44443827867507935,32.353939056396484,65.78761291503906,44.84245300292969,77.24543762207031,97,33.0,67.0,45.0,77.0,0.07098139822483063,yellow,0.06185567006468773,26.0,0.12061936259269715,0.2979855219523112,12.488513946533203,11.45782470703125,143.09120365069248,-0.0001265645027160589,1.0188420613621574e-05,0.000253947847105372,0.06874274191795848,0.9996956704094908
video_08,q065,a person wearing yellow shorts,76.5,0.2704998552799225,0.0923585593700409,-0.6999073624610901,-0.3987429738044739,-0.5116796493530273,32.354713439941406,65.80437469482422,44.8532829284668,77.28584289550781,97,33.0,67.0,45.0,77.0,0.06447453796863556,yellow,0.04123711213469505,26.0,0.12063749432563782,0.2981046199798584,12.49856948852539,11.481468200683594,143.50192813653848,1.8131732940671053e-05,0.00011909802754717091,0.0002409406558060179,0.4107244858460035,0.9997083591598684
video_08,q065,a person wearing yellow shorts,77.0,0.2770295739173889,0.093747079372406,-0.6649981141090393,-0.3534298539161682,-0.4702679514884949,32.364540100097656,65.79780578613281,44.91209030151367,77.34626770019531,97,33.0,67.0,45.0,77.0,0.06996612250804901,yellow,0.05154639109969139,26.0,0.1207447350025177,0.2982168197631836,12.547550201416016,11.5484619140625,144.9049056158401,0.00010724067687988004,0.00011219978332521752,0.0003104149104400792,1.4029774793016259,0.9997052461542686
video_08,q065,a person wearing yellow shorts,77.5,0.25483307242393494,0.09241179376840591,-0.7836653590202332,-0.39700570702552795,-0.5420030355453491,32.356651306152344,65.78607177734375,44.857540130615234,77.42186737060547,99,33.0,67.0,45.0,77.0,0.06411851942539215,yellow,0.04040404036641121,26.0,0.12064717411994934,0.2983498732248942,12.50088882446289,11.635795593261719,145.45778709553997,-9.756088256836215e-05,0.00013305346171060828,0.0003299778748988729,0.5528814796998631,0.9997002295489897
video_08,q065,a person wearing yellow shorts,78.0,0.27231064438819885,0.09671969711780548,-0.6902264952659607,-0.25642111897468567,-0.4190981388092041,32.35763168334961,65.82504272460938,44.86209487915039,77.2503662109375,97,33.0,67.0,45.0,77.0,0.07164838910102844,yellow,0.04123711213469505,26.0,0.12065582275390625,0.29807376861572266,12.504463195800781,11.425323486328125,142.8675370349083,8.64863395691473e-06,-0.0002761046091715458,0.0005524800596405005,-2.5902500606316607,0.999668672009422
video_08,q065,a person wearing yellow shorts,78.5,0.27928292751312256,0.09470590204000473,-0.652951180934906,-0.32213953137397766,-0.4461938738822937,32.374263763427734,65.83726501464844,44.90117645263672,77.26422119140625,98,33.0,67.0,45.0,77.0,0.06775529682636261,yellow,0.040816325694322586,26.0,0.12074287533760071,0.29812809626261394,12.526912689208984,11.426956176757812,143.14448232966242,8.705258369445801e-05,5.432764689128344e-05,0.00020522812228955948,0.276945294754114,0.9996826862129006
video_08,q065,a person wearing yellow shorts,79.0,0.2856487035751343,0.0985291600227356,-0.6189184188842773,-0.19737090170383453,-0.35545122623443604,32.37730407714844,65.82949829101562,44.87683868408203,77.26445007324219,96,33.0,67.0,45.0,77.0,0.06935891509056091,yellow,0.0416666679084301,26.0,0.12070959806442261,0.2981123924255371,12.499534606933594,11.434951782226562,142.9315755305579,-3.327727317810336e-05,-1.5703837076830318e-05,7.359313579691378e-05,-0.21290679910453036,0.9997070534728465
video_08,q065,a person wearing yellow shorts,79.5,0.27535107731819153,0.09815410524606705,-0.6739717125892639,-0.2096104919910431,-0.3837459683418274,32.36731719970703,65.7947006225586,44.84432601928711,77.29202270507812,95,33.0,67.0,45.0,77.0,0.07186876237392426,yellow,0.04210526496171951,26.0,0.12064319252967834,0.29809734026590984,12.477008819580078,11.497322082519531,143.45218902514898,-6.640553474426825e-05,-1.5052159627271244e-05,0.00013618021227942143,0.520613494591089,0.9997213046098672
video_08,q065,a person wearing yellow shorts,80.0,0.29227757453918457,0.09869086742401123,-0.5834790468215942,-0.19209372997283936,-0.33886322379112244,32.39340591430664,65.81501770019531,44.896392822265625,77.247802734375,97,33.0,67.0,45.0,77.0,0.07238638401031494,yellow,0.04123711213469505,26.0,0.12076531052589416,0.2980475425720215,12.502986907958984,11.432785034179688,142.94396160385804,0.0001221179962158231,-4.9797693888353756e-05,0.00026376213008213263,-0.5082274212909397,0.999722554827016
video_08,q065,a person wearing yellow shorts,80.5,0.419128954410553,0.0952242761850357,0.09469545632600784,-0.30522283911705017,-0.15525348484516144,177.78785705566406,28.84039878845215,188.63827514648438,35.023277282714844,36,178.0,30.0,188.0,34.0,0.08513303101062775,yellow,0.0833333358168602,27.0,0.5725408315658569,0.13304932514826456,10.850418090820312,6.182878494262695,67.0868166674918,,,,,
video_08,q065,a person wearing yellow shorts,81.0,0.4514728784561157,0.09271636605262756,0.2676129639148712,-0.3870662748813629,-0.14156155288219452,175.43154907226562,28.9830379486084,186.83006286621094,38.757808685302734,73,176.0,30.0,186.0,38.0,0.09716209769248962,yellow,0.13698630034923553,27.0,0.5660337686538697,0.1411267638206482,11.398513793945312,9.774770736694336,111.41785907486337,-0.006507062911987216,0.008077438672383641,0.020744819425261657,44.33104240737157,0.9796767820610226
video_08,q065,a person wearing yellow shorts,81.5,0.4658617675304413,0.11831638216972351,0.3445390462875366,0.44836750626564026,0.4094318151473999,174.6627960205078,32.38336944580078,187.05796813964844,43.48193359375,91,176.0,33.0,186.0,43.0,0.07969857007265091,yellow,0.12087912112474442,27.0,0.5651886940002442,0.1580527146657308,12.395172119140625,11.098564147949219,137.56861288915388,-0.0008450746536254883,0.016925950845082582,0.03389406810522172,26.15075381429051,0.9734070605486518
video_08,q065,a person wearing yellow shorts,82.0,0.6203764081001282,0.12839987874031067,1.1706072092056274,0.777433454990387,0.9248735904693604,172.75987243652344,28.93698501586914,190.59388732910156,62.160987854003906,289,174.0,30.0,190.0,61.0,0.14728838205337524,yellow,0.024221453815698624,27.0,0.5677402496337891,0.18978744347890217,17.834014892578125,33.224002838134766,592.5173614063533,0.002551555633544922,0.03173472881317138,0.06367427892003504,454.9487485171994,0.9620586002318714
video_08,q065,a person wearing yellow shorts,82.5,0.6638164520263672,0.15193215012550354,1.4028469324111938,1.5453882217407227,1.4919352531433105,172.608642578125,29.8232479095459,193.82614135742188,68.96238708496094,405,173.0,30.0,191.0,68.0,0.09714144468307495,yellow,0.0,27.0,0.572554349899292,0.20580340623855592,21.217498779296875,39.13913917541504,830.4346376770991,0.004814100265502885,0.01601596275965375,0.0334476680493532,237.9172762707458,0.9634466337177265
video_08,q065,a person wearing yellow shorts,83.0,0.6806693077087402,0.16333208978176117,1.492945909500122,1.9174151420593262,1.7582392692565918,173.44528198242188,28.30325698852539,195.1264190673828,76.31978607177734,542,175.0,30.0,194.0,76.0,0.145623117685318,yellow,0.04612546041607857,27.0,0.5758932828903198,0.21796467304229736,21.681137084960938,48.01652908325195,1041.0529493979993,0.003338932991027832,0.012161266803741438,0.02522259969078188,210.61831172090024,0.9658134053468682
video_08,q065,a person wearing yellow shorts,83.5,0.7398346662521362,0.1539795845746994,1.8092565536499023,1.6122044324874878,1.6860989332199097,172.02308654785156,28.292098999023438,195.0654296875,83.12410736083984,654,173.0,30.0,194.0,83.0,0.13620223104953766,yellow,0.03363914415240288,27.0,0.5735758066177368,0.2321170965830485,23.042343139648438,54.832008361816406,1263.457951709046,-0.0023174762725830522,0.014152423540751136,0.028681826186684304,222.4050023110467,0.9668584669414102
video_08,q065,a person wearing yellow shorts,84.0,0.7621349692344666,0.13867294788360596,1.928478717803955,1.1126859188079834,1.4186081886291504,171.7545166015625,30.360002517700195,199.09280395507812,88.09640502929688,788,173.0,31.0,198.0,87.0,0.1304396688938141,yellow,0.10025380551815033,27.0,0.579448938369751,0.24678418238957722,27.338287353515625,57.73640251159668,1578.4143626202713,0.0058731317520142046,0.014667085806528729,0.03159854950041814,314.95641091122525,0.9672163657273447
video_08,q065,a person wearing yellow shorts,84.5,0.4231024980545044,0.1409240961074829,0.11593886464834213,1.1861501932144165,0.7848209142684937,174.03619384765625,68.2462158203125,193.41371154785156,84.67707061767578,209,174.0,69.0,192.0,84.0,0.06888355314731598,yellow,0.41626793146133423,27.0,0.574140477180481,0.31859018007914225,19.377517700195312,16.43085479736328,318.38917966524605,-0.005308461189269975,0.07180599768956503,0.14400390361919782,-1260.0251829550252,0.9545095412137986
video_08,q065,a person wearing yellow shorts,85.0,0.8089524507522583,0.13172349333763123,2.178774833679199,0.8858966827392578,1.3707259893417358,166.65463256835938,39.262630462646484,203.75064086914062,106.33981323242188,918,169.0,40.0,203.0,106.0,0.1272127479314804,yellow,0.07516340166330338,27.0,0.5787582397460938,0.30333842436472574,37.09600830078125,67.07718276977539,2488.295728820609,0.0046177625656127486,-0.015251755714416504,0.031870976356842974,2169.906549155363,0.956110421458136
video_08,q065,a person wearing yellow shorts,85.5,0.8314383029937744,0.12668846547603607,2.2989890575408936,0.7215830087661743,1.3131102323532104,162.1156463623047,42.03910446166992,203.7349853515625,107.55575561523438,1049,166.0,43.0,203.0,107.0,0.11213347315788269,yellow,0.061010487377643585,27.0,0.5716416120529175,0.3116559584935506,41.61933898925781,65.51665115356445,2726.759713801148,-0.007116627693176225,0.008317534128824855,0.02189317370391502,238.46398498053895,0.9583104422443621
video_08,q065,a person wearing yellow shorts,86.0,0.8246299028396606,0.14368663728237152,2.262589931488037,1.2763032913208008,1.6461608409881592,162.014404296875,43.75175476074219,199.319091796875,107.57805633544922,980,164.0,45.0,198.0,107.0,0.12785908579826355,yellow,0.07857143133878708,27.0,0.5645835876464844,0.3152704397837321,37.3046875,63.82630157470703,2381.0202345252037,-0.0070580244064331055,0.0036144812901814927,0.015859405224519292,-345.7394792759442,0.960623914925167
video_08,q065,a person wearing yellow shorts,86.5,0.8011778593063354,0.13506197929382324,2.1372103691101074,0.9948452115058899,1.423232078552246,168.3740997314453,43.54090881347656,198.430908203125,108.56280517578125,967,170.0,45.0,197.0,107.0,0.13576143980026245,yellow,0.048603929579257965,27.0,0.5731328248977661,0.31688273747762047,30.056808471679688,65.02189636230469,1954.3506854271982,0.00854923725128165,0.001612297693888376,0.017399880624006544,-426.6695490980055,0.9624414329281573
video_08,q065,a person wearing yellow shorts,87.0,0.40481385588645935,0.1596720814704895,0.01816388964653015,1.7979739904403687,1.1305452585220337,177.9865264892578,77.9047622680664,199.13143920898438,94.00442504882812,225,179.0,80.0,198.0,94.0,0.0890481099486351,yellow,0.3911111056804657,27.0,0.5892468214035034,0.35814414024353025,21.144912719726562,16.09966278076172,340.4259643162368,0.016113996505737305,0.04126140276590978,0.0885926462320105,-1613.9247211109614,0.9589224335007268
video_08,q065,a person wearing yellow shorts,87.5,0.40844812989234924,0.1622079312801361,0.03759349137544632,1.8807291984558105,1.1895533800125122,177.91033935546875,78.19203186035156,198.28952026367188,94.06070709228516,205,179.0,80.0,197.0,93.0,0.06899397075176239,yellow,0.2829268276691437,27.0,0.5878122806549072,0.35885987281799314,20.379180908203125,15.868675231933594,323.3906033250969,-0.0014345407485961692,0.0007157325744628906,0.003206356360437894,-17.035360991139896,0.9615325079617174
video_08,q065,a person wearing yellow shorts,88.0,0.813774585723877,0.15295454859733582,2.204555034637451,1.5787532329559326,1.8134288787841797,171.458251953125,42.9771728515625,202.02023315429688,108.42388916015625,1025,172.0,44.0,201.0,107.0,0.1415225714445114,yellow,0.05463414639234543,27.0,0.5835601329803467,0.31541887919108075,30.561981201171875,65.44671630859375,2000.181313501671,-0.0042521476745605025,-0.043440993626912394,0.0872972092827649,1676.790710176574,0.9586264884779825
video_08,q065,a person wearing yellow shorts,88.5,0.4268767237663269,0.15953321754932404,0.13611668348312378,1.7934422492980957,1.1719450950622559,177.86935424804688,77.90072631835938,197.51318359375,94.40030670166016,196,179.0,79.0,196.0,94.0,0.04792385920882225,yellow,0.3520408272743225,27.0,0.5865352153778076,0.358960485458374,19.643829345703125,16.49958038330078,324.1149413252715,0.0029750823974609153,0.043541606267293254,0.08728625531222366,-1676.0663721763995,0.956098718539381
video_08,q065,a person wearing yellow shorts,89.0,0.4246053695678711,0.1533573418855667,0.1239735409617424,1.5918980836868286,1.041426420211792,177.602294921875,77.59834289550781,197.306884765625,94.04291534423828,201,179.0,79.0,196.0,93.0,0.0721593052148819,yellow,0.4029850661754608,27.0,0.5857955932617187,0.3575859546661377,19.70458984375,16.44457244873047,324.03355525806546,-0.0007396221160889116,-0.001374530792236317,0.0031217788348399294,-0.08138606720604002,0.9584054625177002
video_08,q065,a person wearing yellow shorts,89.5,0.42613598704338074,0.1551419198513031,0.13215655088424683,1.6501362323760986,1.080893874168396,177.59298706054688,77.48515319824219,197.19834899902344,93.57225799560547,199,179.0,79.0,196.0,93.0,0.0938643142580986,yellow,0.37688443064689636,27.0,0.5856114625930786,0.35636960665384926,19.605361938476562,16.08710479736328,315.3935120945098,-0.0001841306686400923,-0.0012163480122884263,0.0024604118274238994,-8.640043163555674,0.960499162078176
video_08,q065,a person wearing yellow shorts,90.0,0.8227009773254395,0.15170782804489136,2.2522776126861572,1.5380676984786987,1.805896520614624,171.4049072265625,42.8746223449707,201.35955810546875,108.4063491821289,1021,172.0,44.0,200.0,107.0,0.14872799813747406,yellow,0.07541625946760178,27.0,0.5824444770812989,0.31516869068145753,29.95465087890625,65.5317268371582,1962.9799988989253,-0.0031669855117797407,-0.04120091597239173,0.08264490968464801,1647.5864868044155,0.958487371314061
video_08,q065,a person wearing yellow shorts,90.5,0.42982587218284607,0.15596525371074677,0.15188345313072205,1.6770049333572388,1.1050844192504883,177.28170776367188,77.04090881347656,197.2366180419922,93.74798583984375,202,178.0,78.0,196.0,93.0,0.08450981974601746,yellow,0.39603960514068604,27.0,0.58518488407135,0.3558101971944173,19.954910278320312,16.707077026367188,333.38822307414375,0.0027404069900511807,0.04064150651295978,0.08146758575320796,-1629.5917758247815,0.9567378315575671
video_08,q065,a person wearing yellow shorts,91.0,0.42085862159729004,0.1604989916086197,0.1039426252245903,1.8249595165252686,1.179578185081482,176.323486328125,76.46788024902344,196.9874725341797,94.37076568603516,207,177.0,78.0,196.0,94.0,0.07202961295843124,yellow,0.4299516975879669,27.0,0.5832983732223511,0.35591384569803874,20.663986206054688,17.90288543701172,369.9449777189875,-0.0018865108489989346,0.00010364850362143407,0.0037787120534349497,36.55675464484375,0.9585475205120761
video_08,q065,a person wearing yellow shorts,91.5,0.8185314536094666,0.15184710919857025,2.2299864292144775,1.5426130294799805,1.8003780841827393,171.14219665527344,42.68992614746094,201.2335205078125,108.4552001953125,1038,172.0,44.0,200.0,107.0,0.16660039126873016,yellow,0.07707129418849945,27.0,0.5818370580673218,0.314885679880778,30.091323852539062,65.76527404785156,1978.964159624884,-0.0014613151550293413,-0.041028165817260764,0.08210836333312126,1609.0191819058964,0.9569271692812734
video_08,q065,a person wearing yellow shorts,92.0,0.42545250058174133,0.15586210787296295,0.1285024881362915,1.673638939857483,1.0942127704620361,177.28848266601562,77.49759674072266,197.0732421875,94.36817169189453,210,178.0,79.0,196.0,94.0,0.0648404210805893,yellow,0.41904762387275696,27.0,0.5849401950836182,0.35805368423461914,19.784759521484375,16.870574951171875,333.78026839811355,0.0031031370162963867,0.04316800435384116,0.08655879063931424,-1645.1838912267704,0.9552758865365729
video_08,q065,a person wearing yellow shorts,92.5,0.42999088764190674,0.15912753343582153,0.1527656614780426,1.780203104019165,1.1699140071868896,177.19387817382812,77.31027221679688,197.32424926757812,93.9398193359375,194,178.0,78.0,196.0,94.0,0.06399312615394592,yellow,0.3505154550075531,27.0,0.5851845741271973,0.3567710240681966,20.13037109375,16.629547119140625,334.758954629302,0.00024437904357910156,-0.0012826601664225334,0.0026114656570345456,0.9786862311884761,0.9569597147034692
video_08,q065,a person wearing yellow shorts,93.0,0.424256831407547,0.14073292911052704,0.12211018055677414,1.1799116134643555,0.7832360863685608,178.1446990966797,78.9280014038086,197.38084411621094,94.38258361816406,196,179.0,80.0,196.0,94.0,0.051152102649211884,yellow,0.3979591727256775,27.0,0.5867586612701416,0.36106371879577637,19.23614501953125,15.454582214355469,297.2865846916102,0.0015740871429443803,0.00429269472757976,0.009144392458282588,-37.47236993769184,0.9582740630967788
video_08,q065,a person wearing yellow shorts,93.5,0.4280930757522583,0.14539766311645508,0.1426195651292801,1.3321410417556763,0.8860704898834229,177.9836883544922,79.18304443359375,196.57102966308594,94.51915740966797,198,179.0,80.0,196.0,94.0,0.07425110042095184,yellow,0.4343434274196625,27.0,0.5852417469024658,0.3618795871734619,18.58734130859375,15.336112976074219,285.05756623344496,-0.00151691436767587,0.0008158683776855469,0.0034448050212276056,-12.229018458165228,0.9596923728768906
video_08,q065,a person wearing yellow shorts,94.0,0.7912328839302063,0.14421968162059784,2.0840423107147217,1.2936986684799194,1.590077519416809,172.25045776367188,43.220916748046875,199.80393981933594,108.3648910522461,987,173.0,44.0,199.0,107.0,0.14815488457679749,yellow,0.08004052937030792,27.0,0.5813349962234498,0.31580376625061035,27.553482055664062,65.14397430419922,1794.943327025394,-0.0039067506790160245,-0.04607582092285156,0.0924823004597675,1509.885760791949,0.9579734516193356
video_08,q065,a person wearing yellow shorts,94.5,0.4282197058200836,0.15379667282104492,0.14329655468463898,1.6062352657318115,1.0576332807540894,177.29476928710938,78.63357543945312,196.85940551757812,94.53062438964844,193,179.0,80.0,196.0,94.0,0.0538015253841877,yellow,0.5129533410072327,27.0,0.5846158981323242,0.3607587496439616,19.56463623046875,15.897048950195312,311.0199798485264,0.003280901908874423,0.044954983393351244,0.09014909537498736,-1483.9233471768675,0.9564590390682408
video_08,q065,a person wearing yellow shorts,95.0,0.4429008662700653,0.1553109884262085,0.22178515791893005,1.6556535959243774,1.1179529428482056,177.74671936035156,78.48992919921875,196.68809509277344,94.41120147705078,212,179.0,80.0,196.0,94.0,0.10326363146305084,yellow,0.4858490526676178,27.0,0.5850543975830078,0.36021068890889485,18.941375732421875,15.921272277832031,301.5708003526088,0.00043849945068363816,-0.0005480607350667466,0.0014037839400303097,-9.449179495917633,0.9578528238941083
video_08,q065,a person wearing yellow shorts,95.5,0.4248206913471222,0.1554611623287201,0.12512469291687012,1.6605544090270996,1.084768295288086,177.35618591308594,78.19327545166016,196.7198944091797,94.7435073852539,214,178.0,80.0,196.0,94.0,0.08479630947113037,yellow,0.5514018535614014,27.0,0.58449387550354,0.360284964243571,19.36370849609375,16.55023193359375,320.4738667048514,-0.0005605220794677734,7.427533467613268e-05,0.001130843626523364,18.903066352242604,0.9591657297642019
video_08,q065,a person wearing yellow shorts,96.0,0.42428669333457947,0.1539280265569687,0.12226983159780502,1.610521912574768,1.0524274110794067,177.59996032714844,78.18780517578125,196.74188232421875,94.51392364501953,212,179.0,80.0,196.0,94.0,0.08454446494579315,yellow,0.5047169923782349,27.0,0.5849091291427613,0.3597952683766683,19.141921997070312,16.32611846923828,312.51328625308815,0.0004152536392212358,-0.000489695866902673,0.0012841146785985131,-7.960580451763235,0.9603926341873175
video_08,q065,a person wearing yellow shorts,96.5,0.41636860370635986,0.14768417179584503,0.07993803173303604,1.406759262084961,0.9092013239860535,176.8134307861328,77.35479736328125,196.76010131835938,94.20643615722656,204,178.0,79.0,196.0,94.0,0.08278455585241318,yellow,0.5,27.0,0.583708643913269,0.35741923650105795,19.946670532226562,16.851638793945312,336.13408695091493,-0.001200485229492232,-0.0023760318756103627,0.005324168389578043,23.62080069782678,0.9614289967710608
video_08,q065,a person wearing yellow shorts,97.0,0.42526787519454956,0.1381911188364029,0.12751543521881104,1.0969618558883667,0.7334194779396057,177.86654663085938,78.84353637695312,196.62498474121094,93.9776840209961,208,179.0,80.0,196.0,94.0,0.07231637835502625,yellow,0.42788460850715637,27.0,0.5851430177688599,0.3600442091623942,18.758438110351562,15.134147644042969,283.89297193370294,0.0014343738555908647,0.0026249726613362667,0.005982611413209254,-52.241115017211996,0.9623861086287714
video_08,q065,a person wearing yellow shorts,97.5,0.783514678478241,0.13445621728897095,2.0427792072296143,0.9750766754150391,1.3754651546478271,172.91900634765625,44.136878967285156,199.7296142578125,108.31892395019531,915,174.0,45.0,199.0,107.0,0.1440753936767578,yellow,0.08743169158697128,27.0,0.5822634696960449,0.3176162560780843,26.81060791015625,64.18204498291016,1720.7596429088153,-0.002879548072814986,-0.04242795308430991,0.08505111404392197,1436.8666709751124,0.9611355548244911
video_08,q065,a person wearing yellow shorts,98.0,0.7887112498283386,0.14008748531341553,2.070561170578003,1.1588481664657593,1.5007405281066895,173.12069702148438,44.10944366455078,200.0043487548828,108.37232208251953,940,174.0,45.0,199.0,107.0,0.15012148022651672,yellow,0.09468085318803787,27.0,0.5830078840255737,0.3176703453063965,26.883651733398438,64.26287841796875,1727.6208427743986,0.0007444143295287642,5.408922831218188e-05,0.0014927536148034168,6.86119986558333,0.9621645129794458
video_08,q065,a person wearing yellow shorts,98.5,0.7876048684120178,0.1391269862651825,2.0646462440490723,1.1275030374526978,1.4789316654205322,173.17442321777344,44.11582946777344,199.88565063476562,108.38221740722656,933,174.0,45.0,199.0,107.0,0.14220678806304932,yellow,0.10075026750564575,27.0,0.5829063653945923,0.31770426432291665,26.711227416992188,64.26638793945312,1716.6341035193764,-0.0001015186309814009,3.391901652016749e-05,0.0002140703820525693,-10.986739255022258,0.9631712815695208
video_08,q065,a person wearing yellow shorts,99.0,0.4214819073677063,0.1375022977590561,0.1072748452425003,1.074482798576355,0.7117798328399658,177.8667449951172,79.20748901367188,196.7469482421875,94.78704833984375,212,179.0,80.0,196.0,94.0,0.05767419934272766,yellow,0.349056601524353,27.0,0.5853338956832885,0.36248861948649086,18.880203247070312,15.579559326171875,294.1452465779148,0.0024275302886962447,0.04478435516357421,0.08970019778617422,-1422.4888569414616,0.9618826724134967
video_08,q065,a person wearing yellow shorts,99.5,0.41785600781440735,0.14009161293506622,0.08789001405239105,1.158982753753662,0.7573229670524597,177.83935546875,79.19194793701172,196.8333740234375,94.74628448486328,212,179.0,80.0,196.0,94.0,0.04931989312171936,yellow,0.3396226465702057,27.0,0.585426139831543,0.3623713175455729,18.9940185546875,15.554336547851562,295.4393569957465,9.224414825448335e-05,-0.00011730194091796875,0.0002984542057356052,1.2941104178316891,0.9628412125042747
video_08,q065,a person wearing yellow shorts,100.0,0.4222249686717987,0.141956627368927,0.11124740540981293,1.2198458909988403,0.8041214346885681,177.86328125,79.20457458496094,196.70468139648438,94.52935791015625,216,179.0,80.0,196.0,94.0,0.055452749133110046,yellow,0.23148147761821747,27.0,0.5852624416351319,0.3619456926981608,18.841400146484375,15.324783325195312,288.74037478817627,-0.00016369819641115502,-0.00042562484741209827,0.0009120386181359581,-6.698982207570225,0.9637377515190368
video_08,q065,a person wearing yellow shorts,100.5,0.42368265986442566,0.14070266485214233,0.11904053390026093,1.1789239645004272,0.7814676761627197,177.88043212890625,79.26375579833984,196.73489379882812,94.59733581542969,211,179.0,80.0,196.0,94.0,0.059665530920028687,yellow,0.2511848211288452,27.0,0.585336446762085,0.3622106075286865,18.854461669921875,15.333580017089844,289.10639669490047,7.40051269531028e-05,0.00026491483052570874,0.0005501149925163278,0.36602190672419965,0.9645994301648998
video_08,q065,a person wearing yellow shorts,101.0,0.4283151924610138,0.14474573731422424,0.1438070386648178,1.3108659982681274,0.8732188940048218,177.84286499023438,79.19821166992188,196.8321533203125,94.76140594482422,212,179.0,80.0,196.0,94.0,0.051763009279966354,yellow,0.16981132328510284,27.0,0.5854297161102295,0.362415870030721,18.989288330078125,15.563194274902344,295.53398342314176,9.326934814457566e-05,0.0002052625020345089,0.00045091846732987474,6.427586728241295,0.9654227618666541
video_08,q065,a person wearing yellow shorts,101.5,0.41902220249176025,0.14378303289413452,0.09412474185228348,1.2794489860534668,0.8349524140357971,177.88026428222656,79.19229888916016,196.7715301513672,94.8841552734375,212,179.0,80.0,196.0,94.0,0.04061680659651756,yellow,0.24056604504585266,27.0,0.5853934288024902,0.36265927950541177,18.891265869140625,15.691856384277344,296.439030935755,-3.628730773930222e-05,0.0002434094746907589,0.0004921989072405506,0.9050475126132369,0.9662072775028161
video_08,q065,a person wearing yellow shorts,102.0,0.41918718814849854,0.14326131343841553,0.0950067862868309,1.2624231576919556,0.82464200258255,177.85052490234375,79.17533874511719,196.7344970703125,94.63450622558594,213,179.0,80.0,196.0,94.0,0.052747126668691635,yellow,0.2112676054239273,27.0,0.5852890968322754,0.36210384368896487,18.88397216796875,15.45916748046875,291.93048844113946,-0.00010433197021486595,-0.0005554358164469031,0.0011302992633828502,-4.50854249461554,0.9669426175551559
video_08,q065,a person wearing yellow shorts,102.5,0.7841047048568726,0.14280980825424194,2.045933485031128,1.2476886510849,1.5470304489135742,172.97181701660156,44.064266204833984,199.6402130126953,108.40545654296875,934,174.0,45.0,199.0,108.0,0.13357625901699066,yellow,0.04817987233400345,27.0,0.5822062969207764,0.317645255724589,26.66839599609375,64.34119033813477,1715.876342797419,-0.003082799911498957,-0.04445858796437585,0.0891306838093478,1423.9458543562796,0.9657765110263665
video_08,q065,a person wearing yellow shorts,103.0,0.42720040678977966,0.1442718803882599,0.1378471553325653,1.2954021692276,0.8613190054893494,177.82907104492188,79.12834167480469,196.7745361328125,94.64607238769531,211,179.0,80.0,196.0,94.0,0.05159376189112663,yellow,0.33175355195999146,27.0,0.58531813621521,0.362030029296875,18.945465087890625,15.517730712890625,293.99062546435744,0.0031118392944335938,0.044384773572285985,0.08898745234823789,-1421.8857173330616,0.9646678182539627
video_08,q065,a person wearing yellow shorts,103.5,0.42513883113861084,0.14196930825710297,0.12682554125785828,1.2202597856521606,0.8102219104766846,177.8764190673828,79.26332092285156,196.65045166015625,94.77201843261719,214,179.0,80.0,196.0,94.0,0.051444489508867264,yellow,0.38317757844924927,27.0,0.5851982355117797,0.36257362365722656,18.774032592773438,15.508697509765625,291.1607925198041,-0.0001199007034302646,0.0005435943603515625,0.001113321170712381,-2.8298329445533454,0.9653867836946299
video_08,q065,a person wearing yellow shorts,104.0,0.8015422224998474,0.13960616290569305,2.139158248901367,1.1431405544281006,1.516647219657898,172.66334533691406,44.0341911315918,199.6123046875,108.37599182128906,928,173.0,45.0,199.0,108.0,0.14001864194869995,yellow,0.07435344904661179,27.0,0.581680703163147,0.31752121448516846,26.948959350585938,64.34180068969727,1733.9445713301538,-0.0035175323486327237,-0.045052409172058105,0.0903790375259711,1442.7837788103498,0.9643068111119659
video_08,q065,a person wearing yellow shorts,104.5,0.7977520227432251,0.13853922486305237,2.1188950538635254,1.108322024345398,1.487286925315857,172.78515625,44.193729400634766,199.54562377929688,108.3102798461914,932,173.0,45.0,199.0,108.0,0.14135108888149261,yellow,0.07296137511730194,27.0,0.5817668437957764,0.31771668593088787,26.760467529296875,64.11655044555664,1715.7888662888436,8.614063262935012e-05,0.00019547144571940844,0.00042722029297036115,-18.155705041310284,0.9650161224381781
video_08,q065,a person wearing yellow shorts,105.0,0.792823314666748,0.13537797331809998,2.0925450325012207,1.0051573514938354,1.4129277467727661,173.0135498046875,44.53249740600586,199.6127166748047,108.34257507324219,942,174.0,46.0,199.0,107.0,0.13634534180164337,yellow,0.08811040222644806,27.0,0.5822285413742065,0.31848973433176675,26.599166870117188,63.81007766723633,1697.2949038659572,0.0004616975784301758,0.000773048400878884,0.0018008536687134668,-18.493962422886398,0.9656713210632439
video_08,q065,a person wearing yellow shorts,105.5,0.7945908308029175,0.13803112506866455,2.101994752883911,1.091740608215332,1.4705859422683716,172.9166259765625,44.82619857788086,199.6064910888672,108.29348754882812,933,174.0,46.0,199.0,107.0,0.13988569378852844,yellow,0.08896034210920334,27.0,0.5820673704147339,0.3189993460973104,26.689865112304688,63.467288970947266,1693.9333816782455,-0.00016117095947265625,0.0005096117655436494,0.0010689812528905304,-3.361522187711671,0.9663148170484672
video_08,q065,a person wearing yellow shorts,106.0,0.8004997372627258,0.13621976971626282,2.133584976196289,1.0326286554336548,1.4454872608184814,172.987060546875,44.93952178955078,199.6796875,108.36194610595703,928,174.0,46.0,199.0,107.0,0.1383836716413498,yellow,0.08943965286016464,27.0,0.5822917938232421,0.3193780581156413,26.692626953125,63.42242431640625,1692.9111127406359,0.00022442340850825637,0.00037871201833089563,0.0008804286663091437,-1.0222689376096241,0.9669373429071241
video_08,q065,a person wearing yellow shorts,106.5,0.7916713356971741,0.14137665927410126,2.0863864421844482,1.2009191513061523,1.532969355583191,172.73330688476562,44.92704391479492,199.6349334716797,108.34342193603516,928,173.0,46.0,199.0,107.0,0.1409754753112793,yellow,0.0840517207980156,27.0,0.5818253755569458,0.31931347052256265,26.901626586914062,63.416378021240234,1706.003721021989,-0.0004664182662963423,-6.458759307864659e-05,0.0009417378750259087,13.092608281353023,0.967535578632014
video_08,q065,a person wearing yellow shorts,107.0,0.42324456572532654,0.13562960922718048,0.11669839173555374,1.0133693218231201,0.6771177649497986,177.95242309570312,79.58490753173828,196.5544891357422,94.91524505615234,205,179.0,81.0,196.0,94.0,0.07619448006153107,yellow,0.4097560942173004,27.0,0.5851670503616333,0.3635419845581055,18.602066040039062,15.330337524414062,285.17595104523934,0.0033416748046875,0.04422851403554284,0.08870914821578423,-1420.8277699767496,0.9665623627515686
video_08,q065,a person wearing yellow shorts,107.5,0.8007382154464722,0.13614705204963684,2.134859800338745,1.0302555561065674,1.4444820880889893,172.4403076171875,44.51432800292969,199.34039306640625,108.33865356445312,924,173.0,46.0,199.0,108.0,0.1387174278497696,yellow,0.08982683718204498,27.0,0.5809073448181152,0.3184437115987142,26.90008544921875,63.82432556152344,1716.879811343737,-0.004259705543518066,-0.04509827295939128,0.09059799810674056,1431.7038602984976,0.9655944262606102
video_08,q065,a person wearing yellow shorts,108.0,0.811372697353363,0.1373680830001831,2.19171404838562,1.0701028108596802,1.4907069206237793,172.557861328125,44.5527458190918,199.31201171875,108.22277069091797,921,173.0,46.0,199.0,108.0,0.13746124505996704,yellow,0.08794788271188736,27.0,0.5810466766357422,0.3182823260625203,26.754150390625,63.67002487182617,1703.4374207956716,0.00013933181762693092,-0.00016138553619388096,0.00042642066880399125,-13.442390548065305,0.9661915998515778
video_08,q065,a person wearing yellow shorts,108.5,0.8068802356719971,0.13353568315505981,2.167696475982666,0.9450358748435974,1.4035335779190063,172.46633911132812,44.484127044677734,199.6114959716797,108.27871704101562,934,173.0,46.0,199.0,107.0,0.13668416440486908,yellow,0.08244111388921738,27.0,0.5813716173171997,0.31825592517852785,27.145156860351562,63.79458999633789,1731.7141522924067,0.0003249406814574973,-2.6400883992472313e-05,0.0006520228619968681,28.27673149673501,0.9667643804900675
video_08,q065,a person wearing yellow shorts,109.0,0.8067702054977417,0.1441870927810669,2.1671082973480225,1.292635202407837,1.6205625534057617,172.61624145507812,44.52251052856445,199.35302734375,108.296630859375,912,173.0,46.0,198.0,108.0,0.14085602760314941,yellow,0.08771929889917374,27.0,0.5812019824981689,0.3183732112248739,26.736785888671875,63.77412033081055,1705.1150005232776,-0.00016963481903076172,0.00011728604634603235,0.0004124657003683236,-26.599151769129094,0.9673216402718573
video_08,q065,a person wearing yellow shorts,109.5,0.807959794998169,0.14382781088352203,2.1734681129455566,1.2809102535247803,1.615619421005249,172.585205078125,44.40895462036133,199.33775329589844,108.33868408203125,917,173.0,45.0,198.0,108.0,0.14406608045101166,yellow,0.0828789547085762,27.0,0.5811296224594116,0.3182242472966512,26.752548217773438,63.92972946166992,1710.2831699725357,-7.236003875732422e-05,-0.00014896392822266735,0.00033121731307701567,5.16816944925813,0.9678616063581175
video_08,q065,a person wearing yellow shorts,110.0,0.8192523121833801,0.14124032855033875,2.233840227127075,1.1964701414108276,1.5854840278625488,172.69761657714844,44.3458251953125,199.3802490234375,108.347900390625,913,174.0,45.0,198.0,107.0,0.14391179382801056,yellow,0.08543264120817184,27.0,0.5813716650009155,0.31811192830403645,26.682632446289062,64.0020751953125,1707.7438482362777,0.00024204254150395066,-0.0001123189926147683,0.0005336671172170459,-2.539321736257989,0.9683806235390029
video_08,q065,a person wearing yellow shorts,110.5,0.827602207660675,0.14198710024356842,2.2784805297851562,1.220840334892273,1.6174554824829102,172.61703491210938,44.307865142822266,199.39064025878906,108.3802261352539,914,174.0,45.0,198.0,107.0,0.14207452535629272,yellow,0.08424507826566696,27.0,0.5812619924545288,0.31810019016265867,26.773605346679688,64.07236099243164,1715.4481068413588,-0.00010967254638671875,-1.173814137778173e-05,0.00022059783674326244,7.704258605081122,0.9688877677170588
video_08,q065,a person wearing yellow shorts,111.0,0.8173021078109741,0.13611182570457458,2.2234139442443848,1.0291060209274292,1.4769715070724487,172.6712646484375,44.43901443481445,199.39492797851562,108.34230041503906,916,174.0,45.0,199.0,107.0,0.1432706117630005,yellow,0.09061135351657867,27.0,0.5813534259796143,0.3182944059371948,26.723663330078125,63.90328598022461,1707.729900221224,9.143352508544922e-05,0.00019421577453615502,0.0004293243835993016,-7.718206620134879,0.969375574432671
video_08,q065,a person wearing yellow shorts,111.5,0.8141182661056519,0.13798005878925323,2.206392526626587,1.090074062347412,1.5086934566497803,172.5821533203125,44.53215789794922,199.35011291503906,108.32228088378906,918,173.0,46.0,198.0,107.0,0.14000631868839264,yellow,0.08605664223432541,27.0,0.5811441659927368,0.3184467474619547,26.767959594726562,63.790122985839844,1707.531434627599,-0.00020925998687748582,0.00015234152475990248,0.0005176782099881644,-0.19846559362486005,0.969846772937975
video_08,q065,a person wearing yellow shorts,112.0,0.8095261454582214,0.14050686359405518,2.181842088699341,1.1725341081619263,1.5510246753692627,172.53240966796875,44.60277557373047,199.3544158935547,108.30419921875,917,173.0,46.0,198.0,108.0,0.14176811277866364,yellow,0.0806979313492775,27.0,0.5810731649398804,0.31855619748433434,26.822006225585938,63.70142364501953,1708.599981585401,-7.10010528564009e-05,0.0001094500223796091,0.00026092494633985744,1.0685469578020275,0.9703072864723752
video_08,q065,a person wearing yellow shorts,112.5,0.7918163537979126,0.14105860888957977,2.0871617794036865,1.190539836883545,1.5267729759216309,172.3990020751953,44.030487060546875,199.2867889404297,108.45152282714844,918,173.0,45.0,198.0,107.0,0.14797745645046234,yellow,0.0708061009645462,27.0,0.5807590484619141,0.31767085393269856,26.887786865234375,64.42103576660156,1732.1390793300234,-0.0003141164779663086,-0.0008853435516357755,0.0018788319415562506,23.539097744622268,0.9707300040364305
video_08,q065,a person wearing yellow shorts,113.0,0.8052484393119812,0.14467695355415344,2.1589725017547607,1.3086212873458862,1.6275029182434082,172.62449645996094,42.960628509521484,199.47630310058594,108.52854919433594,929,173.0,44.0,199.0,108.0,0.13189351558685303,yellow,0.049515608698129654,27.0,0.5814074993133544,0.31560245354970295,26.851806640625,65.56792068481445,1760.617128056474,0.0006484508514403853,-0.0020684003829956055,0.004335328661640374,28.478048726450652,0.9711044254843055
video_08,q065,a person wearing yellow shorts,113.5,0.8095406293869019,0.14108338952064514,2.181919574737549,1.1913485527038574,1.5628126859664917,172.6831817626953,42.582061767578125,199.64755249023438,108.49591064453125,937,174.0,44.0,199.0,108.0,0.12796713411808014,yellow,0.05549626424908638,27.0,0.5817667722702027,0.31474577585856117,26.964370727539062,65.91384887695312,1777.3254571971484,0.00035927295684823335,-0.0008566776911417828,0.0018579275809594822,16.708329140674323,0.9715032030086692
video_08,q065,a person wearing yellow shorts,114.0,0.8016130328178406,0.14584481716156006,2.1395368576049805,1.346733570098877,1.6440348625183105,172.56777954101562,42.59821319580078,199.88491821289062,108.4770736694336,945,173.0,44.0,199.0,108.0,0.13382436335086823,yellow,0.05925925821065903,27.0,0.5819573402404785,0.3147401809692383,27.317138671875,65.87886047363281,1799.6219671033323,0.0001905679702758345,-5.5948893228907615e-06,0.0003813001656521368,22.29650990618393,0.9719112078908421
video_08,q065,a person wearing yellow shorts,114.5,0.796493411064148,0.14595113694667816,2.112166166305542,1.3502031564712524,1.6359392404556274,172.6175537109375,42.75648880004883,199.55015563964844,108.49549865722656,940,173.0,44.0,199.0,108.0,0.13659676909446716,yellow,0.06382978707551956,27.0,0.5815120458602905,0.3151083072026571,26.932601928710938,65.73900985717773,1770.5225836709724,-0.0004452943801880327,0.00036812623341880846,0.0011555154845490619,-29.0993834323599,0.9722967769485558
video_08,q065,a person wearing yellow shorts,115.0,0.7944799065589905,0.14115570485591888,2.1014015674591064,1.1937085390090942,1.5340933799743652,172.61756896972656,44.08098602294922,199.34295654296875,108.3636474609375,924,173.0,45.0,198.0,108.0,0.14212802052497864,yellow,0.06493506580591202,27.0,0.5811883211135864,0.317592986424764,26.725387573242188,64.28266143798828,1717.9790411697468,-0.00032372474670405715,0.0024846792221069336,0.005011358517766823,-52.5435425012256,0.9726185966418758
video_08,q065,a person wearing yellow shorts,115.5,0.8031597137451172,0.143202543258667,2.147805690765381,1.260505199432373,1.593242883682251,172.51776123046875,44.25839614868164,199.31631469726562,108.40165710449219,916,173.0,45.0,198.0,107.0,0.14551924169063568,yellow,0.06659388542175293,27.0,0.5809907436370849,0.3180417776107788,26.798553466796875,64.14326095581055,1718.9466082589934,-0.00019757747650150925,0.0004487911860147631,0.0009807148165807268,0.967567089246586,0.9729859341637761
video_08,q065,a person wearing yellow shorts,116.0,0.8073992133140564,0.1386086493730545,2.170470952987671,1.1105875968933105,1.5080437660217285,172.52561950683594,44.473880767822266,199.4515380859375,108.42530822753906,920,173.0,46.0,199.0,107.0,0.13770169019699097,yellow,0.06195652112364769,27.0,0.5812143087387085,0.31853997707366943,26.925918579101562,63.9514274597168,1721.9509287976543,0.00022356510162357957,0.0004981994628906472,0.001092124643964215,3.004320538660977,0.9733417034966296
video_08,q065,a person wearing yellow shorts,116.5,0.8112436532974243,0.13517838716506958,2.1910243034362793,0.9986440539360046,1.445786714553833,172.5667724609375,44.4864501953125,199.44749450683594,108.4374771118164,921,173.0,46.0,199.0,107.0,0.14181965589523315,yellow,0.05971769988536835,27.0,0.581272292137146,0.31859151522318524,26.880722045898438,63.951026916503906,1719.049779092311,5.798339843754441e-05,5.1538149515806264e-05,0.00015515483040989255,-2.901149705343414,0.9737001776791174
video_08,q065,a person wearing yellow shorts,117.0,0.816504716873169,0.1375572681427002,2.219151020050049,1.0762766599655151,1.5048545598983765,171.286376953125,44.29013442993164,200.53712463378906,108.36560821533203,953,172.0,45.0,200.0,107.0,0.14210808277130127,yellow,0.05141657963395119,27.0,0.5809742212295532,0.31803279717763266,29.250747680664062,64.07547378540039,1874.2555162157514,-0.00029807090759281785,-0.0005587180455525753,0.0012665103558665374,155.20573712344049,0.9740346401055247
video_08,q065,a person wearing yellow shorts,117.5,0.8128582835197449,0.1382215917110443,2.1996562480926514,1.0979562997817993,1.5110937356948853,172.39703369140625,44.639102935791016,199.3885040283203,108.42001342773438,917,173.0,46.0,198.0,107.0,0.14320659637451172,yellow,0.06543075293302536,27.0,0.5809149026870728,0.31887315909067787,26.991470336914062,63.78091049194336,1721.54055360466,-5.931854248042434e-05,0.0008403619130452067,0.0016849057354985785,-152.71496261109132,0.9743549158771709
video_08,q065,a person wearing yellow shorts,118.0,0.8106727600097656,0.14103448390960693,2.187972068786621,1.1897525787353516,1.5640848875045776,172.44947814941406,44.67483901977539,199.46771240234375,108.3276596069336,916,173.0,46.0,198.0,107.0,0.14129304885864258,yellow,0.07751091569662094,27.0,0.5811206102371216,0.3187552054723104,27.018234252929688,63.6528205871582,1719.7868174835457,0.00020570755004878372,-0.00011795361836747231,0.00047425163039488714,-1.7537361211143434,0.974682188095731
video_08,q065,a person wearing yellow shorts,118.5,0.8165048360824585,0.13528582453727722,2.219151496887207,1.0021501779556274,1.4585256576538086,172.4999237060547,44.437801361083984,199.47959899902344,108.29154205322266,915,173.0,45.0,198.0,107.0,0.14577236771583557,yellow,0.07868852466344833,27.0,0.5812180042266846,0.31818613211313884,26.97967529296875,63.85374069213867,1722.753190115327,9.739398956298828e-05,-0.0005690733591715569,0.0011546948987880656,2.966372631781269,0.9749925481258829
video_08,q065,a person wearing yellow shorts,119.0,0.8072931170463562,0.144365131855011,2.1699037551879883,1.2984453439712524,1.6252422332763672,172.5544891357422,44.35920333862305,199.4851837158203,108.35191345214844,917,173.0,45.0,199.0,107.0,0.14360548555850983,yellow,0.0785169005393982,27.0,0.5813119888305665,0.31814815998077395,26.930694580078125,63.99271011352539,1723.3681314188289,9.398460388188035e-05,-3.797213236489405e-05,0.00020273123689427825,0.614941303501837,0.9753067969211486
video_08,q065,a person wearing yellow shorts,119.5,0.8031522631645203,0.1422313153743744,2.147765874862671,1.2288100719451904,1.5734184980392456,172.55386352539062,44.462581634521484,199.3952178955078,108.39933776855469,915,173.0,45.0,198.0,107.0,0.1461631804704666,yellow,0.0797814205288887,27.0,0.5811704397201538,0.318462332089742,26.841354370117188,63.9367561340332,1716.149128669349,-0.00014154911041264207,0.00031417210896805825,0.0006891741861446867,-7.219002749479841,0.9756072470153737
video_08,q065,a person wearing yellow shorts,120.0,0.802734375,0.13892364501953125,2.1455318927764893,1.1208672523498535,1.5051164627075195,172.34169006347656,44.73298263549805,199.36489868164062,108.42864990234375,911,173.0,46.0,198.0,107.0,0.1410929262638092,yellow,0.0603732168674469,27.0,0.5807915449142456,0.31908673445383706,27.023208618164062,63.6956672668457,1721.2613046251354,-0.00037889480590824753,0.0006244023640950558,0.0014607389722078935,5.11217595578637,0.9758909674931763
video_08,q065,a person wearing yellow shorts,120.5,0.8032731413841248,0.1440853327512741,2.1484122276306152,1.2893142700195312,1.611475944519043,172.30691528320312,44.877750396728516,199.36605834960938,108.40020751953125,907,173.0,46.0,198.0,107.0,0.14334851503372192,yellow,0.04630650579929352,27.0,0.5807390213012695,0.31932907899220786,27.05914306640625,63.522457122802734,1718.863255215576,-5.252361297602981e-05,0.00024234453837079784,0.000495941953047777,-2.398049409559462,0.9761792460031276
video_08,q065,a person wearing yellow shorts,121.0,0.8024757504463196,0.14002838730812073,2.1441490650177,1.1569194793701172,1.5271306037902832,172.18199157714844,44.98847961425781,199.316650390625,108.39839172363281,906,173.0,46.0,198.0,107.0,0.13246765732765198,yellow,0.03421633690595627,27.0,0.580466628074646,0.3195559819539388,27.134658813476562,63.409912109375,1720.6063304804265,-0.00027239322662353516,0.00022690296173094593,0.0007090360328013117,1.7430752648506314,0.9764580622437851
video_08,q065,a person wearing yellow shorts,121.5,0.8077868819236755,0.13762705028057098,2.172543525695801,1.0785540342330933,1.488800048828125,172.1470947265625,44.815879821777344,199.3065643310547,108.40637969970703,909,173.0,46.0,198.0,107.0,0.1384846270084381,yellow,0.029702970758080482,27.0,0.5803963422775269,0.31921304066975914,27.159469604492188,63.59049987792969,1727.0842485690955,-7.028579711909622e-05,-0.0003429412841796653,0.0007001394651680898,6.477918088668957,0.9767303351266376
video_08,q065,a person wearing yellow shorts,122.0,0.8017514944076538,0.1446988433599472,2.140277147293091,1.309335708618164,1.620938777923584,172.38015747070312,44.763694763183594,199.29296875,108.50177764892578,912,173.0,46.0,198.0,108.0,0.1454136073589325,yellow,0.02850877121090889,27.0,0.5807392597198486,0.31930306752522786,26.912811279296875,63.73808288574219,1715.3709960081615,0.00034291744232173293,9.00268554687167e-05,0.0007090760381061095,-11.713252560934052,0.9769960908796275
video_08,q065,a person wearing yellow shorts,122.5,0.8073676228523254,0.13548186421394348,2.170302152633667,1.0085477828979492,1.444205641746521,172.2471466064453,44.80356216430664,199.32737731933594,108.48384094238281,911,173.0,46.0,198.0,108.0,0.13894522190093994,yellow,0.025246981531381607,27.0,0.5805851936340332,0.3193487564722697,27.080230712890625,63.68027877807617,1724.4766411714954,-0.0001540660858154741,4.5688947041822026e-05,0.00032139594695821197,9.105645163333975,0.977260066350668
video_08,q065,a person wearing yellow shorts,123.0,0.8129356503486633,0.140179842710495,2.2000699043273926,1.1618621349334717,1.5511901378631592,172.29251098632812,44.63672637939453,199.2186737060547,108.45598602294922,911,173.0,46.0,198.0,107.0,0.1304055005311966,yellow,0.030735455453395844,27.0,0.5804862260818482,0.31894315083821617,26.926162719726562,63.81925964355469,1718.4077698148321,-9.896755218496978e-05,-0.00040560563405350747,0.0008350101957735188,-6.068871356663294,0.9775121944785651
video_08,q065,a person wearing yellow shorts,123.5,0.8037859797477722,0.13671258091926575,2.151153802871704,1.0487110614776611,1.4621270895004272,172.42530822753906,44.635650634765625,199.34536743164062,108.49935913085938,914,173.0,46.0,199.0,107.0,0.14160901308059692,yellow,0.028446389362215996,27.0,0.5808916807174682,0.3190312703450521,26.920059204101562,63.86370849609375,1719.2148137083277,0.00040545463562002837,8.81195068359042e-05,0.0008298397653300857,0.8070438934955746,0.9777586422624608
video_08,q065,a person wearing yellow shorts,124.0,0.8153723478317261,0.13536114990711212,2.213097095489502,1.004608392715454,1.4577915668487549,172.34188842773438,44.90762710571289,199.31419372558594,108.48260498046875,910,173.0,46.0,198.0,107.0,0.13476768136024475,yellow,0.025274725630879402,27.0,0.5807126283645629,0.31956298351287843,26.972305297851562,63.57497787475586,1714.7637125420733,-0.00017905235290527344,0.0005317131678263531,0.0011221027366883126,-4.451101166254375,0.9779963314791881
video_08,q065,a person wearing yellow shorts,124.5,0.8170166611671448,0.13678611814975739,2.2218878269195557,1.0511109828948975,1.490152359008789,172.20709228515625,44.961326599121094,199.34808349609375,108.53319549560547,909,173.0,46.0,198.0,107.0,0.14006030559539795,yellow,0.028602860867977142,27.0,0.5805549621582031,0.3197802543640137,27.1409912109375,63.571868896484375,1725.4035349823534,-0.00015766620635981887,0.000217270851135265,0.0005368994519682042,10.639822440280113,0.9782350940188539
video_08,q065,a person wearing yellow shorts,125.0,0.8075805902481079,0.1390019953250885,2.171440601348877,1.1234240531921387,1.5164302587509155,172.23416137695312,44.99123764038086,199.51553344726562,108.48221588134766,913,173.0,46.0,199.0,107.0,0.1379956603050232,yellow,0.01861993409693241,27.0,0.5808588981628418,0.3197363615036011,27.2813720703125,63.4909782409668,1732.1210004999302,0.00030393600463862747,-4.389286041261986e-05,0.0006141780787716003,6.717465517576784,0.9784677725055166
video_08,q065,a person wearing yellow shorts,125.5,0.8029145002365112,0.14033183455467224,2.1464948654174805,1.1668221950531006,1.5341994762420654,172.1363067626953,44.90458679199219,199.5915985107422,108.42999267578125,913,173.0,46.0,199.0,107.0,0.1308424025774002,yellow,0.01752464473247528,27.0,0.5808248519897461,0.31944704055786133,27.455291748046875,63.52540588378906,1744.1085519525222,-3.4046173095658716e-05,-0.0002893209457397461,0.000582634539127919,11.987551452592015,0.9786957231185704
video_08,q065,a person wearing yellow shorts,126.0,0.8076604604721069,0.13631856441497803,2.171867609024048,1.0358526706695557,1.4618582725524902,172.4183349609375,44.978416442871094,199.34292602539062,108.50745391845703,911,173.0,46.0,198.0,107.0,0.11842293292284012,yellow,0.025246981531381607,27.0,0.5808769702911377,0.3197622299194336,26.924591064453125,63.52903747558594,1710.4933547484688,5.211830139162377e-05,0.0003151893615722656,0.000638938654295639,-33.6151972040534,0.978918173671462
video_08,q065,a person wearing yellow shorts,126.5,0.8137919902801514,0.13632480800151825,2.20464825630188,1.0360565185546875,1.474278450012207,171.5776824951172,44.55046081542969,199.600830078125,108.44428253173828,930,172.0,46.0,199.0,107.0,0.14019745588302612,yellow,0.025806451216340065,27.0,0.5799664258956909,0.31873904863993324,28.023147583007812,63.893821716308594,1790.5059955985053,-0.0009105443954467995,-0.0010231812795003514,0.0027393364355621265,80.0126408500364,0.9791139990266269
video_08,q065,a person wearing yellow shorts,127.0,0.8023397326469421,0.13768942654132843,2.1434218883514404,1.0805895328521729,1.4791516065597534,171.65753173828125,44.36335754394531,199.70425415039062,108.46237182617188,942,172.0,45.0,199.0,107.0,0.14369821548461914,yellow,0.025477707386016846,27.0,0.5802527904510498,0.31838693618774416,28.046722412109375,64.09901428222656,1797.7672604634427,0.0002863645553589089,-0.0003521124521890795,0.0009077176599637409,7.261264864937402,0.9793245774188687
video_08,q065,a person wearing yellow shorts,127.5,0.8004910945892334,0.13619937002658844,2.1335387229919434,1.0319628715515137,1.4450538158416748,171.7847900390625,44.44829559326172,199.45681762695312,108.44602966308594,938,172.0,45.0,199.0,107.0,0.13674244284629822,yellow,0.025586353614926338,27.0,0.5800650119781494,0.3185298442840576,27.672027587890625,63.99773406982422,1770.9470627426635,-0.00018777847290041283,0.00014290809631345436,0.00047194694141077605,-26.820197720779106,0.9795352111825975
video_08,q065,a person wearing yellow shorts,128.0,0.4160647690296173,0.13609784841537476,0.0783136710524559,1.0286498069763184,0.6722737550735474,177.91989135742188,78.77702331542969,196.44874572753906,94.49153137207031,200,179.0,80.0,196.0,94.0,0.06669795513153076,yellow,0.17000000178813934,27.0,0.5849509954452514,0.36097615559895835,18.528854370117188,15.714508056640625,291.1718312795274,0.004885983467102006,0.04244631131490073,0.08545319604748003,-1479.7752314631362,0.9788835876919616
video_08,q065,a person wearing yellow shorts,128.5,0.7960652709007263,0.13572579622268677,2.109877347946167,1.0165082216262817,1.4265215396881104,171.7037353515625,44.48439025878906,200.15634155273438,108.43714904785156,942,172.0,45.0,199.0,107.0,0.14217352867126465,yellow,0.04033970460295677,27.0,0.5810313701629639,0.318586540222168,28.452606201171875,63.9527587890625,1819.6226613037288,-0.003919625282287509,-0.04238961537679037,0.0851408939146347,1528.4508300242014,0.9782494923690386
video_08,q065,a person wearing yellow shorts,129.0,0.7905757427215576,0.13938088715076447,2.08052921295166,1.135788917541504,1.4900665283203125,171.81581115722656,44.321800231933594,199.84487915039062,108.46134185791016,939,172.0,45.0,199.0,108.0,0.1448347270488739,yellow,0.05857295170426369,27.0,0.5807198286056519,0.31829821268717445,28.029067993164062,64.13954162597656,1797.7715732848737,-0.00031154155731205613,-0.0002883275349935266,0.0008489779958700095,-21.85108801885508,0.9784605170025806
video_08,q065,a person wearing yellow shorts,129.5,0.7865805625915527,0.1370936632156372,2.0591700077056885,1.0611473321914673,1.4354058504104614,172.06939697265625,44.338768005371094,199.0497589111328,108.49859619140625,928,173.0,45.0,198.0,108.0,0.13628517091274261,yellow,0.06465516984462738,27.0,0.5798736810684204,0.3184111754099528,26.980361938476562,64.15982818603516,1731.0553863696987,-0.0008461475372314453,0.00011296272277833141,0.0017073092648964736,-66.71618691517506,0.9786589345920329
video_08,q065,a person wearing yellow shorts,130.0,0.8022615313529968,0.1424332708120346,2.1430039405822754,1.235400676727295,1.5757519006729126,172.08998107910156,42.78697204589844,199.11561584472656,108.52263641357422,935,173.0,44.0,198.0,108.0,0.13305461406707764,yellow,0.0673796758055687,27.0,0.5800087451934814,0.3152283509572347,27.025634765625,65.73566436767578,1776.5480562765151,0.00013506412506103516,-0.0031828244527180583,0.006371377814789674,45.492669906816445,0.9788082835286881
video_08,q065,a person wearing yellow shorts,130.5,0.8005501627922058,0.1403304487466812,2.133854627609253,1.1667770147323608,1.5294311046600342,172.22262573242188,42.814117431640625,199.66189575195312,108.53367614746094,937,173.0,44.0,199.0,108.0,0.13734111189842224,yellow,0.06723585724830627,27.0,0.5810695648193359,0.3153079032897949,27.43927001953125,65.71955871582031,1803.296717167832,0.00106081962585447,7.955233256018435e-05,0.0021275966273838504,26.74866089131683,0.9789953617815191
video_08,q065,a person wearing yellow shorts,131.0,0.7891144752502441,0.13763409852981567,2.0727169513702393,1.0787839889526367,1.45150887966156,172.43246459960938,43.02507781982422,199.34365844726562,108.37569427490234,931,173.0,44.0,199.0,108.0,0.14156603813171387,yellow,0.06122449040412903,27.0,0.5809001922607422,0.315418275197347,26.91119384765625,65.35061645507812,1758.6631074864417,-0.0001693725585937278,0.00011037190755208703,0.0004043217608849279,-44.633609681390226,0.9791951642191543
video_08,q065,a person wearing yellow shorts,131.5,0.7980217337608337,0.14058075845241547,2.1203370094299316,1.174945592880249,1.5294673442840576,172.3238983154297,44.04902267456055,199.27789306640625,108.42350006103516,918,173.0,45.0,198.0,108.0,0.1344287395477295,yellow,0.07516340166330338,27.0,0.5806277990341187,0.31765108903249106,26.953994750976562,64.37447738647461,1735.149325571896,-0.00027239322662353516,0.002232813835144065,0.004498735685643747,-23.51378191454569,0.9793526258358418
video_08,q065,a person wearing yellow shorts,132.0,0.807445228099823,0.14153797924518585,2.1707170009613037,1.206183671951294,1.5678836107254028,171.965087890625,44.29735565185547,199.31993103027344,108.41390991210938,927,173.0,45.0,198.0,108.0,0.13578066229820251,yellow,0.07982739806175232,27.0,0.5801328420639038,0.31814846992492674,27.354843139648438,64.1165542602539,1753.8982844440034,-0.0004949569702148438,0.0004973808924356726,0.001403381850423275,18.748958872107323,0.9795359128723276
video_08,q065,a person wearing yellow shorts,132.5,0.8061774969100952,0.14229802787303925,2.1639394760131836,1.2309871912002563,1.5808442831039429,171.97579956054688,43.95806884765625,199.359375,108.32080078125,927,173.0,45.0,198.0,108.0,0.1319100260734558,yellow,0.08090614527463913,27.0,0.5802112102508545,0.31724764506022135,27.383575439453125,64.36273193359375,1762.4817253928632,7.8368186950728e-05,-0.0009008248647053851,0.0018084545994825744,8.583440948859788,0.9797120033017872
video_08,q065,a person wearing yellow shorts,133.0,0.8119654059410095,0.14522486925125122,2.194882869720459,1.3265020847320557,1.6521449089050293,172.16802978515625,43.59634780883789,199.31314086914062,108.42752838134766,921,173.0,45.0,198.0,108.0,0.14232178032398224,yellow,0.06840390712022781,27.0,0.5804393291473389,0.3167164087295532,27.145111083984375,64.83118057250977,1759.8495983466273,0.0002281188964843306,-0.00053123633066815,0.0011562876284990492,-2.632127046235837,0.9798907649404235
video_08,q065,a person wearing yellow shorts,133.5,0.8081462979316711,0.14124737679958344,2.1744651794433594,1.196700096130371,1.5633620023727417,172.33114624023438,44.55520248413086,199.37112426757812,108.37933349609375,904,173.0,46.0,198.0,107.0,0.14342835545539856,yellow,0.055309735238552094,27.0,0.580784797668457,0.31861361662546794,27.03997802734375,63.82413101196289,1725.8031001777854,0.00034546852111816406,0.0018972078959147431,0.00385681023614324,-34.046498168841936,0.9800417466800752
video_08,q065,a person wearing yellow shorts,134.0,0.812370777130127,0.14139926433563232,2.197050094604492,1.2016568183898926,1.5749292373657227,172.57431030273438,44.72269058227539,199.38137817382812,108.27152252197266,901,173.0,46.0,198.0,108.0,0.14391960203647614,yellow,0.06437291949987411,27.0,0.5811807632446289,0.3187379439671834,26.80706787109375,63.548831939697266,1703.5578509361949,0.0003959655761718306,0.0001243273417154689,0.000830050662095091,-22.2452492415905,0.980217130143115
video_08,q065,a person wearing yellow shorts,134.5,0.7854610681533813,0.13916751742362976,2.053184986114502,1.1288257837295532,1.4754605293273926,172.44078063964844,44.83365249633789,199.3430938720703,108.27205657958984,904,173.0,46.0,198.0,108.0,0.14245472848415375,yellow,0.05862831696867943,27.0,0.5809123039245605,0.31897022724151614,26.902313232421875,63.43840408325195,1706.639817612595,-0.0002684593200683594,0.000232283274332723,0.0007100026086326637,3.081966676400043,0.9803903952015779
video_08,q065,a person wearing yellow shorts,135.0,0.403335839509964,0.13847202062606812,0.010262099094688892,1.1061288118362427,0.6951788067817688,178.02703857421875,79.15381622314453,196.39544677734375,94.55618286132812,196,179.0,80.0,195.0,94.0,0.07388816028833389,yellow,0.2142857164144516,27.0,0.5850351333618165,0.3618958314259847,18.368408203125,15.402366638183594,282.91695770435035,0.004122829437255948,0.04292560418446856,0.08624628031794458,-1423.7228599082446,0.9798065974856268
video_08,q065,a person wearing yellow shorts,135.5,0.7010788321495056,0.1290414035320282,1.6020596027374268,0.7983690500259399,1.0997530221939087,172.3013916015625,44.63970184326172,199.5076141357422,108.21676635742188,893,173.0,46.0,198.0,107.0,0.13337774574756622,yellow,0.0559910424053669,27.0,0.5809515714645386,0.3184509754180908,27.206222534179688,63.577064514160156,1729.6917652421398,-0.0040835618972778764,-0.043444856007893884,0.08727269885400664,1446.7748075377895,0.9792251428218725
video_08,q065,a person wearing yellow shorts,136.0,0.47900867462158203,0.07124893367290497,0.4148252010345459,-1.0876368284225464,-0.5242135524749756,178.0389404296875,79.70101165771484,192.05508422851562,92.77580261230469,114,179.0,81.0,191.0,92.0,0.09470240771770477,yellow,0.09649122506380081,27.0,0.5782719135284424,0.359326696395874,14.016143798828125,13.074790954589844,183.2581501591485,-0.002679657936096147,0.04087572097778319,0.08192692187817306,-1546.4336150829913,0.97870096429956
video_08,q065,a person wearing yellow shorts,136.5,0.5157372951507568,0.0676032304763794,0.6111842393875122,-1.206611156463623,-0.5249378681182861,166.5435791015625,65.22265625,209.85858154296875,146.41224670410156,1642,168.0,66.0,208.0,146.0,0.06543552130460739,yellow,0.0,27.0,0.5881283760070801,0.4409060478210449,43.31500244140625,81.18959045410156,3516.7273087361827,0.009856462478637695,0.08157935142517092,0.1643452516082449,3333.4691585770342,0.9774830743204803
video_08,q065,a person wearing yellow shorts,137.0,0.563031792640686,0.07073056697845459,0.8640307188034058,-1.1045533418655396,-0.36633431911468506,177.37298583984375,59.6595573425293,209.3087158203125,146.11602783203125,1555,179.0,60.0,208.0,146.0,0.06429115682840347,yellow,0.0,27.0,0.6041901588439942,0.4286991357803345,31.93572998046875,86.45647048950195,2761.0504966170993,0.016061782836914062,-0.01220691204071045,0.04034796497816607,-755.6768121190835,0.9773367114262037
video_08,q065,a person wearing yellow shorts,137.5,0.7097197771072388,0.07604889571666718,1.6482559442520142,-0.9309943318367004,0.036224544048309326,177.86981201171875,57.517066955566406,211.76492309570312,150.70738220214844,1550,179.0,59.0,210.0,149.0,0.07275126129388809,yellow,0.0,27.0,0.6088042736053467,0.43380093574523926,33.895111083984375,93.19031524658203,3158.6960872344207,0.004614114761352539,0.005101799964904785,0.013757676826097328,397.64559061732143,0.9774157398266745
video_08,q065,a person wearing yellow shorts,138.0,0.35995540022850037,0.1012611985206604,-0.22165897488594055,-0.10821326076984406,-0.1507554054260254,171.42068481445312,43.4960823059082,198.59854125976562,105.56935119628906,601,173.0,45.0,197.0,107.0,0.13060811161994934,yellow,0.0,27.0,0.5781550407409668,0.31055298646291096,27.1778564453125,62.07326889038086,1687.0183909940533,-0.030649232864379927,-0.1232479492823283,0.2540034053116167,-1471.6776962403674,0.9755013594125608
video_08,q065,a person wearing yellow shorts,138.5,0.6197469830513,0.07796384394168854,1.167242169380188,-0.8685017228126526,-0.10509777069091797,179.38157653808594,58.102325439453125,207.96156311035156,148.0458984375,1486,181.0,59.0,206.0,147.0,0.07047788798809052,yellow,0.0,27.0,0.6052236557006836,0.42947546641031903,28.579986572265625,89.94357299804688,2570.5861085457727,0.027068614959716797,0.11892247994740807,0.24392840058245843,883.5677175517194,0.973709617494223
video_08,q065,a person wearing yellow shorts,139.0,0.6318800449371338,0.0627167671918869,1.2321081161499023,-1.3660764694213867,-0.3917572498321533,177.5366973876953,56.40398025512695,207.91995239257812,147.5768585205078,1477,180.0,58.0,206.0,147.0,0.06475067138671875,yellow,0.0,27.0,0.6022760152816773,0.4249600807825724,30.383255004882812,91.17287826538086,2770.1288098662044,-0.0029476404190063032,-0.004515385627746615,0.010784672717708286,199.54270132043166,0.9738410381160544
video_08,q065,a person wearing yellow shorts,139.5,0.7202470302581787,0.06206699460744858,1.7045369148254395,-1.3872812986373901,-0.22784948348999023,176.424560546875,57.77814483642578,209.0325164794922,151.54994201660156,1588,178.0,59.0,207.0,150.0,0.06600967049598694,yellow,0.0,27.0,0.6022766828536987,0.436100180943807,32.60795593261719,93.77179718017578,3057.7066301734885,6.675720214399661e-07,0.011140100161234567,0.02228020036247348,287.5778203072841,0.9738778605075639
video_08,q065,a person wearing yellow shorts,140.0,0.696169376373291,0.06935268640518188,1.575812578201294,-1.1495192050933838,-0.12751972675323486,174.44886779785156,63.56300354003906,208.26116943359375,156.99635314941406,1539,176.0,64.0,207.0,156.0,0.07028181105852127,yellow,0.001299545168876648,27.0,0.5979844331741333,0.459498659769694,33.81230163574219,93.433349609375,3159.196599829942,-0.00429224967956543,0.023398478825887026,0.04757781914620354,101.48996965645347,0.9737124697559243
video_08,q065,a person wearing yellow shorts,140.5,0.6895188689231873,0.04843217879533768,1.5402575731277466,-1.832241415977478,-0.5675542950630188,152.6572265625,72.5745849609375,209.80796813964844,157.5556640625,1800,154.0,74.0,208.0,157.0,0.07340340316295624,yellow,0.0,27.0,0.5663518667221069,0.47943801879882814,57.15074157714844,84.9810791015625,4856.731690680608,-0.03163256645202639,0.01993935902913413,0.0747849530008431,1697.5350908506662,0.9733350468352551
video_08,q065,a person wearing yellow shorts,141.0,0.3025299906730652,0.05171919986605644,-0.5286674499511719,-1.7249723672866821,-1.2763580083847046,185.7603302001953,124.88685607910156,207.95838928222656,144.3751220703125,245,187.0,127.0,207.0,143.0,-0.029923945665359497,yellow,0.0,27.0,0.6151854991912842,0.560962454477946,22.19805908203125,19.488265991210938,432.6016798792407,0.04883363246917727,0.08152443567911788,0.19006269779136897,-4424.1300108013675,0.9720630923839779
video_08,q065,a person wearing yellow shorts,141.5,0.3525143563747406,0.055815137922763824,-0.26144036650657654,-1.5913050174713135,-1.092605710029602,177.64341735839844,82.79185485839844,185.51718139648438,95.40167236328125,42,179.0,84.0,185.0,95.0,0.054046448320150375,yellow,0.02380952425301075,27.0,0.5674384355545044,0.371236515045166,7.8737640380859375,12.609817504882812,99.28672759677283,-0.04774706363677983,-0.18972593943278,0.3912836013920625,-333.31495228246786,0.9692632290455055
video_08,q065,a person wearing yellow shorts,142.0,0.45277076959609985,0.08310402929782867,0.27455177903175354,-0.700756311416626,-0.33501577377319336,185.40138244628906,80.60121154785156,195.46170043945312,91.7114486694336,56,186.0,82.0,195.0,92.0,0.06202118471264839,yellow,0.5,27.0,0.5950985670089721,0.35898470878601074,10.060317993164062,11.110237121582031,111.77251842257101,0.027660131454467773,-0.012251806259155285,0.06050420245537707,12.485790825798176,0.9690433607672098
video_08,q065,a person wearing yellow shorts,142.5,0.2935672104358673,0.10978171974420547,-0.5765843987464905,0.16984638571739197,-0.11006516218185425,172.2575225830078,45.863487243652344,198.81997680664062,94.14663696289062,697,173.0,47.0,198.0,94.0,0.12651187181472778,yellow,0.03873744606971741,27.0,0.5798085927963257,0.2916877587636312,26.562454223632812,48.28314971923828,1282.5189541900763,-0.01528997421264644,-0.06729695002237956,0.13802409635622392,1170.7464357675053,0.968240699417602
video_08,q065,a person wearing yellow shorts,143.0,0.3532133102416992,0.06605890393257141,-0.25770363211631775,-1.2570089101791382,-0.8822694420814514,180.37298583984375,130.75152587890625,204.50399780273438,150.22418212890625,256,182.0,133.0,202.0,148.0,-0.025296207517385483,yellow,0.0,28.0,0.6013702869415283,0.5853660583496094,24.131011962890625,19.47265625,469.8949009180069,,,,,
video_08,q065,a person wearing yellow shorts,143.5,0.7194579839706421,0.06248050183057785,1.700318455696106,-1.3737868070602417,-0.22099733352661133,176.3729248046875,73.5428237915039,213.42401123046875,163.51174926757812,1777,177.0,74.0,212.0,164.0,0.07732280343770981,yellow,0.0,28.0,0.6090577125549317,0.49386369387308754,37.05108642578125,89.96892547607422,3333.4464334486984,0.007687425613403409,-0.09150236447652188,0.18364944015548607,2863.5515325306915,0.8448447370267319
video_08,q065,a person wearing yellow shorts,144.0,0.3607615530490875,0.06553135812282562,-0.217349112033844,-1.274224877357483,-0.8778964281082153,186.64450073242188,81.21179962158203,194.95545959472656,87.74031066894531,29,188.0,82.0,194.0,88.0,0.057824425399303436,yellow,0.6896551847457886,28.0,0.5962499380111694,0.3519835631052653,8.310958862304688,6.528511047363281,54.25818674673792,-0.012807774543762251,-0.14188013076782224,0.28491409649547483,-3279.1882467019605,0.8101877753218985
video_08,q065,a person wearing yellow shorts,144.5,0.6951051354408264,0.05783393979072571,1.5701229572296143,-1.525423288345337,-0.36459338665008545,166.60418701171875,73.5120849609375,210.64654541015625,163.90296936035156,1989,168.0,74.0,209.0,164.0,0.07433745265007019,yellow,0.0005027652368880808,28.0,0.5894542694091797,0.4946146965026855,44.0423583984375,90.39088439941406,3981.027726670727,-0.006795668601989768,0.14263113339742023,0.2855858632774441,3926.769539923989,0.7991157730848998
video_08,q065,a person wearing yellow shorts,145.0,0.3515586256980896,0.11930635571479797,-0.2665499150753021,0.4806744158267975,0.20046529173851013,172.08993530273438,45.53263854980469,198.55177307128906,98.55238342285156,725,173.0,47.0,198.0,98.0,0.1327182650566101,yellow,0.03448275849223137,28.0,0.5791276693344116,0.3001771291097005,26.461837768554688,53.019744873046875,1402.9998873607256,-0.010326600074768044,-0.194437567392985,0.38942319542012793,-2578.0278393100016,0.77766959167978
video_08,q065,a person wearing yellow shorts,145.5,0.45714640617370605,0.12758103013038635,0.2979448437690735,0.7507110834121704,0.5809237360954285,177.86874389648438,80.71115112304688,194.5625457763672,95.51953887939453,150,179.0,82.0,193.0,95.0,0.10056567192077637,yellow,0.08666666597127914,28.0,0.5819238901138306,0.3671472708384196,16.693801879882812,14.808387756347656,247.20829136495013,0.0027962207794189897,0.06697014172871907,0.13405698391075302,-1155.7915959957754,0.7964789793458892
video_08,q065,a person wearing yellow shorts,146.0,0.3738417327404022,0.06230718642473221,-0.14741967618465424,-1.379442811012268,-0.9174340963363647,188.50404357910156,80.94293975830078,195.22779846191406,89.97906494140625,34,189.0,82.0,195.0,90.0,0.07198257744312286,yellow,0.23529411852359772,28.0,0.5995810031890869,0.3560875097910563,6.7237548828125,9.036125183105469,60.75669082161039,0.017657113075256303,-0.011059761047363281,0.04166974713516564,-186.45160054333974,0.819750598033767
video_08,q065,a person wearing yellow shorts,146.5,0.593838095664978,0.05583513528108597,1.0287277698516846,-1.5906524658203125,-0.6083848476409912,162.82022094726562,77.90937042236328,212.17950439453125,167.35256958007812,2003,164.0,79.0,211.0,167.0,0.0778738483786583,yellow,0.000998502247966826,28.0,0.5859370708465577,0.5109623750050862,49.359283447265625,89.44319915771484,4414.852219655877,-0.013643932342529252,0.15487486521402993,0.3109493898680713,4354.095528834267,0.8111006102071494
video_08,q065,a person wearing yellow shorts,147.0,0.5008683204650879,0.11136606335639954,0.5316915512084961,0.22155003249645233,0.3378531038761139,177.82708740234375,81.1239242553711,193.98077392578125,96.1146011352539,155,179.0,82.0,193.0,95.0,0.10841306298971176,yellow,0.1483870893716812,28.0,0.5809497833251953,0.3692469278971354,16.1536865234375,14.990676879882812,242.1546950917691,-0.004987287521362349,-0.1417154471079508,0.2836063538486198,-4172.697524564108,0.806951477848295
video_08,q065,a person wearing yellow shorts,147.5,0.42981645464897156,0.11321201920509338,0.15183311700820923,0.28179115056991577,0.233056902885437,177.66403198242188,81.12020111083984,195.2368927001953,95.1668930053711,164,179.0,82.0,195.0,95.0,0.09064817428588867,yellow,0.18902438879013062,28.0,0.5826576948165894,0.3672647794087728,17.572860717773438,14.04669189453125,246.84056020807475,0.001707911491394043,-0.001982148488362645,0.005232924342030617,4.685865116305649,0.8242446626102786
video_08,q065,a person wearing yellow shorts,148.0,0.4444577395915985,0.14045870304107666,0.23010854423046112,1.1709624528884888,0.8181422352790833,177.71743774414062,81.03077697753906,195.14544677734375,95.1390151977539,152,179.0,82.0,194.0,95.0,0.0804554671049118,yellow,0.16447368264198303,28.0,0.5825982570648194,0.3670204003651937,17.428009033203125,14.108238220214844,245.87850314448588,-5.943775176997512e-05,-0.00024437904357910156,0.0005030068121849071,-0.9620570635888726,0.8389549606977641
video_08,q065,a person wearing yellow shorts,148.5,0.687721848487854,0.0721011608839035,1.53065025806427,-1.0598251819610596,-0.08839684724807739,165.5874481201172,72.66767883300781,210.36009216308594,159.324951171875,1988,166.0,74.0,209.0,159.0,0.07332245260477066,yellow,0.0,28.0,0.5874180316925048,0.4833179791768392,44.77264404296875,86.65727233886719,3879.8752081627026,0.004819774627685458,0.11629757881164554,0.23279482008766936,3633.9967050182167,0.8363501610590978
video_08,q065,a person wearing yellow shorts,149.0,0.43461930751800537,0.08051630854606628,0.17751018702983856,-0.785204291343689,-0.4241863787174225,183.39077758789062,80.52033996582031,192.9798583984375,87.08112335205078,32,185.0,82.0,192.0,87.0,0.061799608170986176,yellow,0.625,28.0,0.5880791187286377,0.3491697152455648,9.589080810546875,6.560783386230469,62.911882071057335,0.0006610870361328791,-0.13414826393127444,0.26829978570132484,-3816.9633260916453,0.832137966736464
video_08,q065,a person wearing yellow shorts,149.5,0.26115724444389343,0.09070055931806564,-0.7498549818992615,-0.452850341796875,-0.5642271041870117,32.32118225097656,65.78851318359375,44.78779220581055,77.3427963256836,98,33.0,67.0,45.0,77.0,0.06797268986701965,yellow,0.0,29.0,0.12048277258872986,0.2981902281443278,12.466609954833984,11.554283142089844,144.04274124014773,,,,,
video_08,q065,a person wearing yellow shorts,150.0,0.3360826373100281,0.08829226344823837,-0.34928783774375916,-0.5314429402351379,-0.463134765625,178.1747283935547,120.17214965820312,205.81826782226562,139.13735961914062,279,180.0,122.0,205.0,139.0,-0.0464133694767952,yellow,0.0,30.0,0.5999890565872192,0.5402281443277995,27.643539428710938,18.9652099609375,524.2655293289572,,,,,
video_08,q065,a person wearing yellow shorts,150.5,0.28123852610588074,0.09147533774375916,-0.6424961686134338,-0.42756614089012146,-0.5081648826599121,178.1149444580078,118.10710144042969,208.79937744140625,141.7084197998047,283,180.0,119.0,206.0,140.0,-0.040110994130373,yellow,0.0,30.0,0.6045536279678345,0.5412823359171549,30.684432983398438,23.601318359375,724.1930715180933,0.004564571380615279,0.00105419158935538,0.009369446471547761,199.92754218913615,0.9907175251794074
video_08,q065,a person wearing yellow shorts,151.0,0.556967556476593,0.06285829842090607,0.8316100239753723,-1.3614578247070312,-0.5390573740005493,162.78700256347656,70.69789123535156,210.6881103515625,157.25282287597656,1971,162.0,71.0,209.0,157.0,0.0776812732219696,yellow,0.0,30.0,0.5835548639297485,0.47489732106526694,47.90110778808594,86.554931640625,4146.077110107988,-0.020998764038085982,-0.06638501485188797,0.1392539879215328,3421.8840385898948,0.9308285332766736
video_08,q065,a person wearing yellow shorts,151.5,0.6638604998588562,0.07578834891319275,1.4030824899673462,-0.9394970536231995,-0.06102973222732544,157.22735595703125,73.43098449707031,210.05099487304688,157.4567108154297,1954,161.0,74.0,207.0,157.0,0.07355581223964691,yellow,0.0,30.0,0.573872423171997,0.48101603190104164,52.823638916015625,84.02572631835938,4438.544626696967,-0.009682440757751487,0.006118710835774699,0.022907490593183175,292.46751658897847,0.9459154178081973
video_08,q065,a person wearing yellow shorts,152.0,0.2518935799598694,0.07300551235675812,-0.7993804812431335,-1.030312418937683,-0.9437129497528076,171.40005493164062,47.507965087890625,198.49290466308594,87.63365173339844,651,172.0,49.0,198.0,86.0,0.06529580056667328,yellow,0.009216589853167534,30.0,0.5779577493667603,0.2815450350443522,27.092849731445312,40.12568664550781,1087.119198657805,0.004085326194763206,-0.19947099685668945,0.39902565570208154,-3351.4254280391615,0.8751669363203863
video_08,q065,a person wearing yellow shorts,152.5,0.6535882949829102,0.0610954686999321,1.3481650352478027,-1.418986201286316,-0.3813045024871826,161.41685485839844,72.21154022216797,212.77096557617188,157.39871215820312,1982,162.0,74.0,211.0,157.0,0.07035315036773682,yellow,0.0,30.0,0.5846684694290161,0.47835469245910645,51.35411071777344,85.18717193603516,4374.711459337152,0.006710720062255815,0.19680965741475426,0.39384806723134697,3287.5922606793465,0.8383066366471188
video_08,q065,a person wearing yellow shorts,153.0,0.29170942306518555,0.10095993429422379,-0.5865164995193481,-0.11804474890232086,-0.29372164607048035,174.8892364501953,48.731056213378906,202.42384338378906,103.08053588867188,698,176.0,50.0,202.0,107.0,0.1281108856201172,yellow,0.004297994077205658,30.0,0.5895516872406006,0.3162741502126058,27.53460693359375,54.34947967529297,1496.4915599045344,0.004883217811584517,-0.16208054224650065,0.3243081743719394,-2878.2198994326172,0.8231906162703706
video_08,q065,a person wearing yellow shorts,153.5,0.38407275080680847,0.136658176779747,-0.09272247552871704,1.0469356775283813,0.61956387758255,178.32720947265625,83.65168762207031,197.61630249023438,99.5930404663086,192,180.0,85.0,196.0,99.0,0.0625057965517044,yellow,0.171875,30.0,0.5874117374420166,0.38175985018412273,19.289093017578125,15.941352844238281,307.4942378385458,-0.0021399497985840066,0.06548569997151693,0.13104131082830317,-1188.9973220659886,0.8313781957675948
video_08,q065,a person wearing yellow shorts,154.0,0.399492084980011,0.14936606585979462,-0.010287432000041008,1.461646318435669,0.9096711277961731,178.01678466796875,83.95928192138672,197.2777557373047,99.83841705322266,193,180.0,85.0,196.0,99.0,0.06633894890546799,yellow,0.09326425194740295,30.0,0.5863977193832397,0.38291187286376954,19.260971069335938,15.879135131835938,305.8475623803679,-0.0010140180587768777,0.0011520226796468136,0.003069455246747378,-1.6466754581779242,0.8490024168420933
video_08,q065,a person wearing yellow shorts,154.5,0.691577136516571,0.12509092688560486,1.5512615442276,0.669448733329773,1.0001285076141357,171.7969970703125,48.833499908447266,198.3240966796875,113.16587829589844,918,173.0,50.0,198.0,112.0,0.13409772515296936,yellow,0.03594771400094032,30.0,0.578314208984375,0.3374987045923869,26.527099609375,64.33237838745117,1706.5514095919207,-0.00808351039886468,-0.04541316827138264,0.09225397536829442,1400.7038472115528,0.8559138004877619
video_08,q065,a person wearing yellow shorts,155.0,0.7147352695465088,0.12850059568881989,1.675069808959961,0.7807202339172363,1.1161012649536133,169.89356994628906,48.809932708740234,197.59422302246094,113.43793487548828,901,170.0,50.0,196.0,112.0,0.14080530405044556,yellow,0.024417314678430557,30.0,0.5741996765136719,0.3380163908004761,27.700653076171875,64.62800216674805,1790.237867027172,-0.004114532470703147,0.0005176862080891742,0.008293943926146666,83.68645743525121,0.8678015798893287
video_08,q065,a person wearing yellow shorts,155.5,0.8016980290412903,0.12812037765979767,2.139991283416748,0.7683121562004089,1.2826918363571167,168.29647827148438,47.9677848815918,197.43954467773438,113.35521697998047,906,170.0,49.0,196.0,112.0,0.14270015060901642,yellow,0.03090507723391056,30.0,0.5714625358581543,0.33608958721160886,29.14306640625,65.38743209838867,1905.5902757775038,-0.002737140655517556,-0.0019268035888672097,0.006694628007039266,115.35240875033196,0.8778884230057918
video_08,q065,a person wearing yellow shorts,156.0,0.4228723645210266,0.13519535958766937,0.11470852792263031,0.9991979598999023,0.667514443397522,178.4632568359375,83.60719299316406,193.98403930664062,98.92324829101562,158,179.0,85.0,193.0,99.0,0.08364441245794296,yellow,0.20253165066242218,30.0,0.5819489002227783,0.38027175267537433,15.520782470703125,15.316055297851562,237.71716258721426,0.010486364364624023,0.044182165463765466,0.09081910773962067,-1667.8731131902896,0.8810000073826144
video_08,q065,a person wearing yellow shorts,156.5,0.42472347617149353,0.13721485435962677,0.1246049627661705,1.0651023387908936,0.712415874004364,178.4272918701172,84.02061462402344,194.25604248046875,99.08287048339844,158,179.0,85.0,193.0,99.0,0.06895295530557632,yellow,0.24683544039726257,30.0,0.5823177099227905,0.3814655939737956,15.828750610351562,15.062255859375,238.41669162735343,0.0003688097000121848,0.001193841298421261,0.002499021921183758,0.6995290401391685,0.888987102036435
video_08,q065,a person wearing yellow shorts,157.0,0.800471842288971,0.12684303522109985,2.1334357261657715,0.7266272306442261,1.2541804313659668,169.194580078125,48.44094467163086,198.508056640625,113.4443130493164,931,170.0,49.0,197.0,112.0,0.14130158722400665,yellow,0.04511278122663498,30.0,0.5745353698730469,0.3372609535853068,29.3134765625,65.00336837768555,1905.474715422839,-0.007782340049743652,-0.044204640388488814,0.08976892666230249,1667.0580237954855,0.8909733029991438
video_08,q065,a person wearing yellow shorts,157.5,0.8153326511383057,0.12432081252336502,2.2128849029541016,0.6443167328834534,1.2325297594070435,169.12811279296875,48.26832580566406,198.6626434326172,113.43803405761719,929,170.0,49.0,197.0,112.0,0.14557823538780212,yellow,0.057050593197345734,30.0,0.574673056602478,0.3368882497151693,29.534530639648438,65.16970825195312,1924.7567451442592,0.00013768672943115234,-0.00037270387013749184,0.0007946466139785955,19.28202972142026,0.8974540392757219
video_08,q065,a person wearing yellow shorts,158.0,0.8075577616691589,0.12892508506774902,2.171318531036377,0.7945730686187744,1.3108526468276978,169.7615966796875,48.19697952270508,199.08250427246094,113.32662200927734,947,171.0,49.0,198.0,112.0,0.14225108921527863,yellow,0.06969376653432846,30.0,0.576318907737732,0.33650750319163003,29.320907592773438,65.12964248657227,1909.6602288991562,0.0016458511352539507,-0.00038074652353925487,0.003378635153196596,-15.096516245102976,0.9030707891339014
video_08,q065,a person wearing yellow shorts,158.5,0.802291214466095,0.13053956627845764,2.143162488937378,0.8472602367401123,1.333223581314087,170.77859497070312,48.04204177856445,200.01824951171875,113.08995819091797,979,171.0,49.0,199.0,112.0,0.14345461130142212,yellow,0.07048007845878601,30.0,0.5793700695037842,0.33569166660308836,29.239654541015625,65.04791641235352,1901.9786045100773,0.003051161766052246,-0.0008158365885416741,0.006316700867326987,-7.681624389078934,0.907942959682032
video_08,q065,a person wearing yellow shorts,159.0,0.43843093514442444,0.14083655178546906,0.19788795709609985,1.1832932233810425,0.8137662410736084,178.44668579101562,85.34312438964844,197.189453125,100.89039611816406,198,180.0,86.0,196.0,101.0,0.08129218220710754,yellow,0.31313130259513855,30.0,0.5869314670562744,0.3879865010579427,18.742767333984375,15.547271728515625,291.39889668580145,0.00756139755249019,0.05229483445485433,0.10567732857349157,-1610.5797078242758,0.9077466873913244
video_08,q065,a person wearing yellow shorts,159.5,0.4230130612850189,0.1364598125219345,0.11546071618795395,1.0404622554779053,0.6935867071151733,178.1781005859375,85.38835144042969,197.66558837890625,101.27082061767578,195,180.0,86.0,196.0,101.0,0.06418942660093307,yellow,0.4307692348957062,30.0,0.5872557640075684,0.3888732751210531,19.48748779296875,15.882469177246094,309.5094242137857,0.0003242969512939897,0.0008867740631103849,0.0018884244773078717,18.11052752798423,0.9120930074661385
video_08,q065,a person wearing yellow shorts,160.0,0.4329869747161865,0.14209991693496704,0.16878338158130646,1.2245219945907593,0.8286200165748596,178.3245849609375,86.76666259765625,197.09027099609375,101.8355712890625,196,180.0,88.0,196.0,101.0,0.07661354541778564,yellow,0.48469388484954834,30.0,0.5865857124328613,0.3929213205973307,18.76568603515625,15.06890869140625,282.7784093953669,-0.0006700515747071201,0.0040480454762776286,0.008206251590288776,-26.73101481841877,0.9157754379332878
video_08,q065,a person wearing yellow shorts,160.5,0.44110172986984253,0.14300933480262756,0.21216659247875214,1.2542001008987427,0.8634375333786011,176.76805114746094,87.7029800415039,195.2122344970703,103.23394012451172,179,178.0,89.0,194.0,102.0,0.08516739308834076,yellow,0.3966480493545532,30.0,0.5812191963195801,0.39778525034586587,18.444183349609375,15.530960083007812,286.45587536646053,-0.005366516113281206,0.004863929748535167,0.014485483463494368,3.677465971093625,0.9188803395057346
video_08,q065,a person wearing yellow shorts,161.0,0.4419988989830017,0.15253278613090515,0.2169630527496338,1.564989447593689,1.0594795942306519,176.65756225585938,87.38233947753906,194.91363525390625,103.67906188964844,178,178.0,88.0,194.0,103.0,0.09081074595451355,yellow,0.4606741666793823,30.0,0.5805799961090088,0.3980445861816406,18.256072998046875,16.296722412109375,297.5141539843753,-0.0006392002105712891,0.0002593358357747544,0.001379611517654692,11.058278617914766,0.922227689093605
video_08,q065,a person wearing yellow shorts,161.5,0.4414171278476715,0.1441693902015686,0.21385277807712555,1.2920573949813843,0.8877306580543518,176.06890869140625,87.8299331665039,194.65728759765625,104.0396499633789,173,178.0,89.0,193.0,103.0,0.06218908727169037,yellow,0.39306357502937317,30.0,0.5792596817016602,0.39972829818725586,18.58837890625,16.209716796875,301.31235778331757,-0.0013203144073485884,0.0016837120056152344,0.0042793066036941685,3.798203798942268,0.9251974044510407
video_08,q065,a person wearing yellow shorts,162.0,0.4211973547935486,0.13816280663013458,0.10575356334447861,1.0960379838943481,0.7246813178062439,176.59852600097656,88.16936492919922,195.7273712158203,104.4022216796875,182,178.0,89.0,195.0,104.0,0.08812476694583893,yellow,0.37362638115882874,30.0,0.5817592144012451,0.40119080543518065,19.12884521484375,16.23285675048828,310.5158041748218,0.0024995326995849165,0.0014625072479247936,0.005791922363611865,9.203446391504258,0.9278822287420515
video_08,q065,a person wearing yellow shorts,162.5,0.41701242327690125,0.1356443464756012,0.08338002860546112,1.013850212097168,0.664923906326294,178.69253540039062,88.67232513427734,198.83963012695312,104.24681091308594,220,180.0,90.0,198.0,104.0,0.05310536175966263,yellow,0.41818180680274963,30.0,0.5898940086364746,0.40191486676534016,20.1470947265625,15.574485778808594,313.78064030315727,0.008134794235229448,0.0007240613301595089,0.0163339085413571,3.264836128335446,0.9300012114964443
video_08,q065,a person wearing yellow shorts,163.0,0.41776803135871887,0.15227366983890533,0.08741967380046844,1.5565334558486938,1.0056157112121582,178.9505157470703,87.9847412109375,199.9764862060547,103.32816314697266,216,180.0,89.0,199.0,103.0,0.06290820986032486,yellow,0.42592594027519226,30.0,0.5920734405517578,0.3985685507456462,21.025970458984375,15.343421936035156,322.61033636680804,0.0021794319152832475,-0.0033463160196939845,0.007986927914289899,8.829696063650772,0.9322447278456174
video_08,q065,a person wearing yellow shorts,163.5,0.4269596338272095,0.14529511332511902,0.13655993342399597,1.3287943601608276,0.8817064762115479,178.9118194580078,87.77162170410156,199.6864013671875,103.1537094116211,213,180.0,89.0,198.0,102.0,0.07124517858028412,yellow,0.36150234937667847,30.0,0.5915597200393676,0.39776110649108887,20.774581909179688,15.382087707519531,319.5564410140505,-0.0005137205123901811,-0.0008074442545573102,0.001914027156618255,-3.053895352757536,0.9345281237654903
video_08,q065,a person wearing yellow shorts,164.0,0.42248472571372986,0.14860421419143677,0.11263612657785416,1.436784029006958,0.9402285218238831,178.91603088378906,87.68299102783203,199.31893920898438,103.1744155883789,214,180.0,89.0,198.0,102.0,0.06473538279533386,yellow,0.336448609828949,30.0,0.5909921407699585,0.3976195971171061,20.402908325195312,15.491424560546875,316.07011513551697,-0.0005675792694090909,-0.0001415093739827733,0.001169907910885218,-3.4863258785335347,0.9366817747636748
video_08,q065,a person wearing yellow shorts,164.5,0.42964282631874084,0.13147234916687012,0.1509048491716385,0.8777008056640625,0.6051523089408875,178.7850341796875,87.87635803222656,198.84866333007812,103.40803527832031,211,180.0,89.0,198.0,103.0,0.05753559246659279,yellow,0.3222748935222626,30.0,0.5900526523590088,0.398509152730306,20.063629150390625,15.53167724609375,311.62181234918535,-0.000939488410949707,0.0008895556131999216,0.002587622587074316,-4.448302786331624,0.9386527658140226
video_08,q065,a person wearing yellow shorts,165.0,0.421845942735672,0.14055338501930237,0.10922105610370636,1.174052357673645,0.7747405767440796,178.71849060058594,88.04489135742188,198.7518310546875,103.54170989990234,208,180.0,89.0,198.0,103.0,0.07408712804317474,yellow,0.33173078298568726,30.0,0.5897973775863647,0.39913875261942544,20.033340454101562,15.496818542480469,310.4530418169452,-0.0002552747726440874,0.0006295998891194254,0.0013587659547216854,-1.1687705322401598,0.9405360897863666
video_08,q065,a person wearing yellow shorts,165.5,0.4245505630970001,0.13633829355239868,0.12368053197860718,1.0364965200424194,0.6941905617713928,178.71377563476562,87.98400115966797,198.74093627929688,103.65194702148438,208,180.0,89.0,198.0,103.0,0.06789721548557281,yellow,0.3173076808452606,30.0,0.5897729873657227,0.399241558710734,20.02716064453125,15.667945861816406,313.7844687444158,-2.4390220642045435e-05,0.00010280609130858265,0.0002113194290463259,3.331426927470602,0.9423376313137964
video_08,q065,a person wearing yellow shorts,166.0,0.4291386902332306,0.1418292075395584,0.14820963144302368,1.21568763256073,0.8153833746910095,178.7435302734375,88.08646392822266,198.6507568359375,103.60436248779297,207,180.0,89.0,198.0,103.0,0.06933757662773132,yellow,0.32367148995399475,30.0,0.5896785736083985,0.3993558883666992,19.9072265625,15.517898559570312,308.9183223992586,-9.441375732421875e-05,0.00011432965596519518,0.0002965483286427112,-4.866146345157176,0.9440304821159025
video_08,q065,a person wearing yellow shorts,166.5,0.4214681088924408,0.1370593011379242,0.10720107704401016,1.0600260496139526,0.7027167081832886,178.71888732910156,87.99462127685547,198.6466827392578,103.69783020019531,207,180.0,89.0,198.0,103.0,0.07931838929653168,yellow,0.30434781312942505,30.0,0.5896337032318115,0.39935927391052245,19.92779541015625,15.703208923339844,312.9303347072564,-4.487037658695847e-05,3.3855438232310853e-06,8.99958355044163e-05,4.012012307997793,0.9456318827465638
video_08,q065,a person wearing yellow shorts,167.0,0.426209956407547,0.1428309977054596,0.13255199790000916,1.248380184173584,0.8299446105957031,178.61349487304688,88.30860900878906,198.60182189941406,103.61872863769531,201,180.0,90.0,197.0,103.0,0.09788092225790024,yellow,0.26865673065185547,30.0,0.5893989324569702,0.39984862009684247,19.988327026367188,15.31011962890625,306.0236779553816,-0.000234770774841353,0.0004893461863200166,0.0010854989761129277,-6.906656751874834,0.9471177889590194
video_08,q065,a person wearing yellow shorts,167.5,0.4350820779800415,0.14441271126270294,0.17998425662517548,1.2999980449676514,0.8799929022789001,178.73104858398438,88.29549407958984,198.35537719726562,103.51158905029297,202,180.0,89.0,197.0,103.0,0.08758881688117981,yellow,0.26237624883651733,30.0,0.5891975402832031,0.39959808985392253,19.62432861328125,15.216094970703125,298.60564791597426,-0.00020139217376702323,-0.000250530242919933,0.0006428816695850878,-7.418030039407313,0.9485344475520283
video_08,q065,a person wearing yellow shorts,168.0,0.8208937048912048,0.12906688451766968,2.2426154613494873,0.7992005944252014,1.340481162071228,173.01979064941406,51.18266296386719,201.35337829589844,117.6340103149414,1021,174.0,52.0,201.0,117.0,0.1488713026046753,yellow,0.04407443851232529,30.0,0.5849580764770508,0.3517014026641846,28.333587646484375,66.45134735107422,1882.8050743986387,-0.004239463806152366,-0.04789668718973794,0.0961678885515385,1584.1994264826644,0.9474881836570187
video_08,q065,a person wearing yellow shorts,168.5,0.42777156829833984,0.14174821972846985,0.14090071618556976,1.2130446434020996,0.8109906911849976,178.70599365234375,88.15850830078125,198.5019073486328,103.37782287597656,202,180.0,89.0,197.0,103.0,0.07775984704494476,yellow,0.2227722704410553,30.0,0.5893873453140259,0.3990340232849121,19.795913696289062,15.219314575195312,301.28023784724064,0.004429268836975142,0.04733262062072752,0.09507881777253899,-1581.524836551398,0.9465269665915841
video_08,q065,a person wearing yellow shorts,169.0,0.42377862334251404,0.1453944742679596,0.1195535808801651,1.3320369720458984,0.877355694770813,178.67343139648438,88.14007568359375,198.55792236328125,103.48809051513672,204,180.0,89.0,197.0,103.0,0.06465091556310654,yellow,0.22058823704719543,30.0,0.5894239902496338,0.3992253462473551,19.884490966796875,15.348014831542969,305.1874622760806,3.664493560784354e-05,0.00019132296244300795,0.0003896014746567145,3.9072244288399816,0.9478515708310301
video_08,q065,a person wearing yellow shorts,169.5,0.42444220185279846,0.1373576819896698,0.12310121208429337,1.069763422012329,0.7147650718688965,178.69874572753906,88.03564453125,198.39666748046875,103.7341079711914,205,180.0,89.0,197.0,103.0,0.09184333682060242,yellow,0.2341463416814804,30.0,0.5892115831375122,0.3995203177134196,19.697921752929688,15.698463439941406,309.22710448119324,-0.00021240711212155983,0.00029497146606449753,0.0007269799091365865,4.039642205112614,0.949103885668056
video_08,q065,a person wearing yellow shorts,170.0,0.41892683506011963,0.14834389090538025,0.09361488372087479,1.4282885789871216,0.9277859330177307,178.6610107421875,88.05982971191406,198.67263793945312,103.70820617675781,211,180.0,89.0,198.0,103.0,0.04962342232465744,yellow,0.2606635093688965,30.0,0.5895838260650634,0.3995167414347331,20.011627197265625,15.64837646484375,313.1494760569185,0.0003722429275512251,-3.5762786865234375e-06,0.0007445202129724896,3.922371575725265,0.9502962577171198
video_08,q065,a person wearing yellow shorts,170.5,0.4169509708881378,0.14904923737049103,0.08305149525403976,1.451306939125061,0.9382111430168152,178.94400024414062,88.13121032714844,199.27194213867188,103.5961685180664,219,180.0,89.0,198.0,103.0,0.07303459197282791,yellow,0.37442922592163086,30.0,0.5909624099731445,0.39943203926086424,20.32794189453125,15.464958190917969,314.3707715063356,0.001378583908081099,-8.470217386885581e-05,0.002762367136988323,1.2212954494170845,0.9513886996564765
video_08,q065,a person wearing yellow shorts,171.0,0.4043961763381958,0.14864419400691986,0.015930885449051857,1.4380886554718018,0.9047794342041016,178.98709106445312,88.42867279052734,200.2336883544922,103.61637115478516,220,180.0,90.0,199.0,103.0,0.09404166787862778,yellow,0.30454546213150024,30.0,0.592532467842102,0.40009384155273436,21.246597290039062,15.187698364257812,322.68691090797074,0.0015700578689574751,0.0006618022918701283,0.0034076760323715296,8.316139401635155,0.9524175209244354
video_08,q065,a person wearing yellow shorts,171.5,0.3976650536060333,0.14396587014198303,-0.02005513198673725,1.285415768623352,0.7958641648292542,179.000244140625,88.44489288330078,200.67733764648438,104.00403594970703,238,180.0,90.0,200.0,103.0,0.0840797871351242,yellow,0.33193278312683105,30.0,0.5932462215423584,0.4009352684020996,21.677093505859375,15.55914306640625,337.27699912153184,0.0007137537002563921,0.0008414268493652233,0.002206756431926621,14.590088213561103,0.9534259512512924
video_08,q065,a person wearing yellow shorts,172.0,0.403394877910614,0.14199578762054443,0.0105777308344841,1.2211238145828247,0.7671689987182617,179.3610382080078,88.40308380126953,201.46502685546875,104.15914916992188,232,181.0,90.0,200.0,103.0,0.09636193513870239,yellow,0.2887931168079376,30.0,0.5950407266616822,0.40117131868998207,22.103988647460938,15.756065368652344,348.27189003734384,0.0017945051193237749,0.00023605028788248328,0.0036199272709205852,10.994890915811993,0.954361284223138
video_08,q065,a person wearing yellow shorts,172.5,0.3996106684207916,0.142604798078537,-0.00965346023440361,1.240998387336731,0.7720039486885071,179.247314453125,88.68622589111328,201.31106567382812,104.2234115600586,234,180.0,90.0,200.0,103.0,0.07982519268989563,yellow,0.3290598392486572,30.0,0.5946224689483642,0.40189507802327473,22.063751220703125,15.537185668945312,342.80859926948324,-0.0004182577133179377,0.0007237593332926617,0.0016718457910682891,-5.463290767860599,0.9552962681515796
video_08,q065,a person wearing yellow shorts,173.0,0.40753763914108276,0.1437753438949585,0.03272581472992897,1.2791980504989624,0.8117709755897522,178.96400451660156,88.74221801757812,200.52146911621094,104.29619598388672,230,180.0,90.0,200.0,104.0,0.05138227343559265,yellow,0.313043475151062,30.0,0.5929460525512695,0.40216336250305174,21.557464599609375,15.553977966308594,335.30432939180173,-0.0016764163970947044,0.0002682844797770034,0.00339549613372609,-7.504269877681509,0.9561580581291204
video_08,q065,a person wearing yellow shorts,173.5,0.41729792952537537,0.15217530727386475,0.08490640670061111,1.5533233880996704,1.00266695022583,178.88653564453125,88.55027770996094,200.21583557128906,104.08940887451172,225,180.0,90.0,199.0,103.0,0.08949317038059235,yellow,0.324444442987442,30.0,0.5923474550247192,0.401332680384318,21.329299926757812,15.539131164550781,331.438789209933,-0.0005985975265503374,-0.0008306821187337166,0.002047781024598205,-3.8655401818687096,0.9570108961400959
video_08,q065,a person wearing yellow shorts,174.0,0.41875168681144714,0.159930020570755,0.092678502202034,1.8063915967941284,1.163749098777771,178.9459228515625,88.48406982421875,200.1807403564453,103.77413940429688,220,180.0,90.0,198.0,103.0,0.08738866448402405,yellow,0.30454546213150024,30.0,0.5923854112625122,0.4005379358927409,21.234817504882812,15.290069580078125,324.68183716991916,3.795623779301316e-05,-0.0007947444915771262,0.0015913007043039786,-6.756952040013857,0.9578383529726714
video_08,q065,a person wearing yellow shorts,174.5,0.4143415093421936,0.1606103479862213,0.0691007524728775,1.8285934925079346,1.1687836647033691,179.04136657714844,88.31797790527344,200.191650390625,103.67483520507812,214,180.0,90.0,199.0,103.0,0.055997803807258606,yellow,0.3785046637058258,30.0,0.592551589012146,0.39998502731323243,21.150283813476562,15.356857299804688,324.8018903739285,0.00016617774963378906,-0.0005529085795084598,0.0011546825395188291,0.12005320400930941,0.9586415703335549
video_08,q065,a person wearing yellow shorts,175.0,0.42410266399383545,0.16622193157672882,0.12128596752882004,2.0117225646972656,1.3028088808059692,179.013671875,88.24445343017578,199.6680450439453,103.73174285888672,213,180.0,90.0,198.0,103.0,0.03392581269145012,yellow,0.40375587344169617,30.0,0.591690182685852,0.3999504089355469,20.654373168945312,15.487289428710938,319.88025523605756,-0.0008614063262939453,-3.461837768553577e-05,0.0017242033418977119,-4.921635137870908,0.959403442905173
video_08,q065,a person wearing yellow shorts,175.5,0.43687698245048523,0.15697599947452545,0.18958020210266113,1.7099897861480713,1.1398361921310425,178.78143310546875,88.41732788085938,199.39654541015625,103.76181030273438,213,180.0,90.0,198.0,103.0,0.0511021688580513,yellow,0.4084506928920746,30.0,0.5909030914306641,0.40037320454915365,20.6151123046875,15.344482421875,316.32822838425636,-0.0007870912551879439,0.00042279561360675233,0.0017869177651794088,-3.5520268518012017,0.9601354460658742
video_08,q065,a person wearing yellow shorts,176.0,0.43361762166023254,0.15925240516662598,0.17215496301651,1.7842782735824585,1.179732084274292,178.6355743408203,86.5086898803711,199.4132080078125,103.51850891113281,221,180.0,88.0,198.0,103.0,0.062389716506004333,yellow,0.42081448435783386,30.0,0.5907012224197388,0.3958899974822998,20.777633666992188,17.00981903076172,353.4237885629991,-0.00020186901092533738,-0.004483207066853845,0.008975499251152602,37.095560178742744,0.960712739440248
video_08,q065,a person wearing yellow shorts,176.5,0.43318668007850647,0.16088402271270752,0.16985104978084564,1.837524652481079,1.2121469974517822,177.7982940673828,86.33069610595703,199.51608276367188,103.76467895507812,218,180.0,87.0,198.0,103.0,0.05682297796010971,yellow,0.46330276131629944,30.0,0.589553713798523,0.3960320313771566,21.717788696289062,17.433982849121094,378.6275556519395,-0.0011475086212158203,0.00014203389485678564,0.002312530789462334,25.203767088940367,0.9613850846936542
video_08,q065,a person wearing yellow shorts,177.0,0.43329480290412903,0.14575038850307465,0.17042909562587738,1.3436518907546997,0.9036933183670044,178.4488067626953,87.82898712158203,198.71873474121094,103.71389770507812,202,180.0,89.0,197.0,103.0,0.09982618689537048,yellow,0.3910891115665436,30.0,0.5893242835998536,0.39904767672220864,20.269927978515625,15.884910583496094,321.98599347262643,-0.00022943019866938918,0.0030156453450520537,0.006048720546758825,-56.64156217931304,0.9619693878497171
video_08,q065,a person wearing yellow shorts,177.5,0.8661577701568604,0.13828998804092407,2.4846067428588867,1.1001883745193481,1.6193451881408691,170.900390625,48.91290283203125,198.84780883789062,117.9579849243164,916,172.0,50.0,197.0,117.0,0.1466187834739685,yellow,0.0982532724738121,30.0,0.5777315616607666,0.3476476828257243,27.947418212890625,69.04508209228516,1929.6317847764585,-0.011592721939087003,-0.051399993896484364,0.10538217258181042,1607.645791303832,0.9608627567638129
video_08,q065,a person wearing yellow shorts,178.0,0.8629375100135803,0.12721283733844757,2.467390537261963,0.7386953830718994,1.3869560956954956,164.89987182617188,48.74735641479492,198.5523223876953,118.26168823242188,925,166.0,50.0,197.0,117.0,0.14215651154518127,yellow,0.08972972631454468,30.0,0.5678940534591674,0.34793550968170167,33.65245056152344,69.51433181762695,2339.3276148100267,-0.009837508201599121,0.0002878268559773911,0.019683435870350666,409.6958300335682,0.9612098936452043
video_08,q065,a person wearing yellow shorts,178.5,0.41919851303100586,0.15948466956615448,0.0950673297047615,1.7918579578399658,1.1555614471435547,175.2465057373047,87.27068328857422,196.53305053710938,104.29512786865234,204,177.0,88.0,195.0,104.0,0.05443965271115303,yellow,0.4852941036224365,30.0,0.580905556678772,0.3990954399108887,21.286544799804688,17.024444580078125,362.3916022456251,0.013011503219604537,0.05115993022918702,0.10557722627705396,-1976.9360125644016,0.9601538630608148
video_08,q065,a person wearing yellow shorts,179.0,0.40532997250556946,0.1544007658958435,0.020923158153891563,1.6259492635726929,1.024064540863037,175.09176635742188,87.16536712646484,196.4407196044922,104.4149169921875,212,176.0,88.0,195.0,104.0,0.04693050682544708,yellow,0.4811320900917053,30.0,0.5805195093154907,0.39912559191385905,21.348953247070312,17.249549865722656,368.259833616321,-0.0003860473632812944,3.01520029703517e-05,0.0007744461504315553,5.868231370695867,0.9608016181092431
video_08,q065,a person wearing yellow shorts,179.5,0.4194366931915283,0.16251491010189056,0.09634069353342056,1.8907471895217896,1.217844843864441,174.49310302734375,88.10416412353516,196.98135375976562,105.771484375,207,176.0,89.0,196.0,105.0,0.08803071081638336,yellow,0.4637681245803833,30.0,0.5804288387298584,0.4039076010386149,22.488250732421875,17.667320251464844,397.3071275849361,-9.067058563227981e-05,0.004782009124755848,0.009565737279341744,29.047293968615122,0.9612905338316801
video_08,q065,a person wearing yellow shorts,180.0,0.42712876200675964,0.16761307418346405,0.13746413588523865,2.0571212768554688,1.3372498750686646,179.2013702392578,89.7224349975586,201.98777770996094,110.19640350341797,269,180.0,91.0,201.0,110.0,0.09087714552879333,yellow,0.4163568913936615,30.0,0.5956080436706543,0.4164975802103678,22.786407470703125,20.473968505859375,466.52818891685456,0.015179204940795943,0.012589979171752919,0.039441898442131626,69.22106133191846,0.9613032605665552
video_08,q065,a person wearing yellow shorts,180.5,0.8240190744400024,0.13145041465759277,2.259324312210083,0.8769849538803101,1.3953622579574585,180.40966796875,63.17518615722656,211.34335327148438,138.7674560546875,1113,181.0,64.0,211.0,139.0,0.14197811484336853,yellow,0.08625336736440659,30.0,0.6121140956878662,0.42071383794148765,30.933685302734375,75.59226989746094,2338.3474883274175,0.016506052017211892,0.004216257731119832,0.03407207551354232,1871.819299410563,0.9613969280846577
video_08,q065,a person wearing yellow shorts,181.0,0.4242279827594757,0.1645878553390503,0.12195594608783722,1.9583959579467773,1.2697309255599976,185.27532958984375,107.9579849243164,210.12445068359375,126.56063842773438,293,186.0,109.0,209.0,126.0,0.09353688359260559,yellow,0.76450514793396,30.0,0.6178121566772461,0.48858046531677246,24.84912109375,18.60265350341797,462.2595895715058,0.005698060989379861,0.06786662737528482,0.13621082204192808,-1876.0878987559117,0.9599670479701036
video_08,q065,a person wearing yellow shorts,181.5,0.40968888998031616,0.17096762359142303,0.044226858764886856,2.1665940284729004,1.37070631980896,186.58872985839844,116.6545181274414,213.39822387695312,138.01861572265625,356,188.0,118.0,213.0,138.0,0.061824969947338104,yellow,0.8904494643211365,30.0,0.6249796152114868,0.5305690288543701,26.809494018554688,21.364097595214844,572.7606466907309,0.007167458534240723,0.04198856353759761,0.08519182894599532,110.50105711922515,0.9593313250407917
video_08,q065,a person wearing yellow shorts,182.0,0.42082902789115906,0.16285310685634613,0.10378441214561462,1.9017839431762695,1.2275341749191284,184.6432647705078,123.77313232421875,210.97532653808594,142.8831329345703,298,186.0,125.0,210.0,143.0,0.07651925086975098,yellow,0.8892617225646973,30.0,0.6181540489196777,0.5555338859558105,26.332061767578125,19.110000610351562,503.205716450233,-0.006825566291809082,0.024964857101440474,0.05176224281459308,-69.55493024049792,0.959196610882193
video_08,q065,a person wearing yellow shorts,182.5,0.42448005080223083,0.16576434671878815,0.12330355495214462,1.9967896938323975,1.2942323684692383,185.06137084960938,129.50880432128906,211.10256958007812,149.15914916992188,259,186.0,130.0,210.0,148.0,0.08134467899799347,yellow,0.8957529067993164,30.0,0.6190061569213867,0.5805582364400228,26.04119873046875,19.650344848632812,511.71853532548994,0.0008521080017089844,0.025024350484212254,0.05007770782307316,8.512818875256926,0.9590899161349669
video_08,q065,a person wearing yellow shorts,183.0,0.4337085485458374,0.1422623246908188,0.1726410686969757,1.229822039604187,0.8333792090415955,182.365478515625,131.26675415039062,208.43359375,152.7332305908203,281,183.0,132.0,207.0,152.0,0.08062208443880081,yellow,0.7224199175834656,30.0,0.610623550415039,0.5916666348775228,26.068115234375,21.466476440429688,559.5905815251172,-0.0083826065063477,0.0111083984375,0.027832686373148764,47.87204619962722,0.9592965433055665
video_08,q065,a person wearing yellow shorts,183.5,0.44798922538757324,0.1534765660762787,0.24898861348628998,1.595788836479187,1.0907387733459473,181.140869140625,135.80136108398438,207.24468994140625,158.98643493652344,239,182.0,136.0,206.0,158.0,0.08717270195484161,yellow,0.7196652889251709,30.0,0.6068524360656739,0.6141412417093913,26.10382080078125,23.185073852539062,605.2190130995587,-0.0037711143493651678,0.022474606831868527,0.04557759342848454,45.62843157444149,0.9592533200505943
video_08,q065,a person wearing yellow shorts,184.0,0.4456525146961212,0.15771619975566864,0.23649606108665466,1.7341455221176147,1.1725269556045532,184.2794647216797,150.30616760253906,215.49668884277344,169.4507293701172,268,186.0,153.0,215.0,168.0,0.04325685650110245,yellow,0.8208954930305481,30.0,0.624650239944458,0.6661602020263672,31.21722412109375,19.144561767578125,597.640075398609,0.017797803878784157,0.05201896031697584,0.10995879328851825,-7.578937700949609,0.9583410405787574
video_08,q065,a person wearing yellow shorts,184.5,0.3667771816253662,0.14763525128364563,-0.18518827855587006,1.4051626920700073,0.808781087398529,202.72689819335938,170.5428466796875,229.63478088378906,197.69032287597656,200,204.0,174.0,228.0,197.0,0.030834073200821877,yellow,0.7749999761581421,30.0,0.6755651235580444,0.7671524365743001,26.907882690429688,27.147476196289062,730.4811048309784,0.050914883613586426,0.10099223454793294,0.2262012980720469,132.8410294323694,0.9559149695602719
video_08,q065,a person wearing yellow shorts,185.0,0.8430957794189453,0.1334531307220459,2.3613123893737793,0.9423418641090393,1.4744558334350586,205.87579345703125,150.17242431640625,272.45721435546875,210.4193878173828,1737,207.0,151.0,273.0,210.0,0.13655757904052734,yellow,0.11571675539016724,30.0,0.7473953247070313,0.7512329419453939,66.5814208984375,60.24696350097656,4011.328434711322,0.07183020114898686,-0.015919494628906183,0.14714629599610976,3280.8473298803438,0.9545979746025228
video_08,q065,a person wearing yellow shorts,185.5,0.4472835958003998,0.11532168090343475,0.24521617591381073,0.35063809156417847,0.3111048936843872,251.15597534179688,173.23390197753906,310.82598876953125,210.7781219482422,1088,254.0,175.0,308.0,210.0,0.0659661591053009,yellow,0.012867647223174572,30.0,0.8780968189239502,0.8000250498453776,59.670013427734375,37.544219970703125,2240.2641097856686,0.1307014942169189,0.04879210789998367,0.2790236576626357,-1771.0643249256536,0.9516364632570429
video_08,q065,a person wearing yellow shorts,186.0,0.2870928645133972,0.09951606392860413,-0.6111975908279419,-0.16516417264938354,-0.33242669701576233,32.394775390625,65.75348663330078,44.86433029174805,77.37474822998047,97,33.0,67.0,45.0,77.0,0.07115447521209717,yellow,0.04123711213469505,31.0,0.12071735262870789,0.29818382263183596,12.469554901123047,11.621261596679688,144.91195950011024,,,,,
video_08,q065,a person wearing yellow shorts,186.5,0.28343796730041504,0.10384531319141388,-0.6307374835014343,-0.023882972076535225,-0.2514533996582031,32.37562561035156,65.76968383789062,44.73478317260742,77.36300659179688,97,33.0,67.0,45.0,77.0,0.07315835356712341,yellow,0.05154639109969139,31.0,0.12048501372337342,0.298193105061849,12.35915756225586,11.59332275390625,143.28370258561336,-0.00023233890533447266,9.282430013024534e-06,0.000465048515486149,-1.6282569144968875,0.9995351676541062
video_08,q065,a person wearing yellow shorts,187.0,0.2829795479774475,0.09466944634914398,-0.6331883072853088,-0.32332924008369446,-0.43952637910842896,32.33137893676758,65.82647705078125,44.772987365722656,77.40086364746094,97,33.0,67.0,45.0,77.0,0.07397743314504623,yellow,0.04123711213469505,31.0,0.12047557234764099,0.2983902931213379,12.441608428955078,11.574386596679688,144.00398584123468,-9.441375732430202e-06,0.0001971880594889286,0.00039482791380919443,0.7202832556213252,0.999570246552782
video_08,q065,a person wearing yellow shorts,187.5,0.2753680646419525,0.09924432635307312,-0.6738808751106262,-0.1740320920944214,-0.36147540807724,32.34459686279297,65.84911346435547,44.69623565673828,77.42741394042969,97,33.0,67.0,45.0,77.0,0.06659796088933945,yellow,0.05154639109969139,31.0,0.12037630081176758,0.2984927654266357,12.351638793945312,11.578300476074219,143.0109853282338,-9.927153587341309e-05,0.00010247230529780715,0.0002853447822387039,-0.9930005130008794,0.9996184052662831
video_08,q065,a person wearing yellow shorts,188.0,0.2779226005077362,0.09314689040184021,-0.6602237820625305,-0.37301650643348694,-0.4807192385196686,32.303375244140625,65.82027435302734,44.8182258605957,77.31922149658203,97,33.0,67.0,45.0,77.0,0.06653790175914764,yellow,0.06185567006468773,31.0,0.12050250172615051,0.29820728302001953,12.514850616455078,11.498947143554688,143.90760574809974,0.00012620091438293735,-0.00028548240661618873,0.0006242655693804053,0.8966204198659398,0.9995578239109575
video_08,q065,a person wearing yellow shorts,188.5,0.27368003129959106,0.08633045852184296,-0.6829054951667786,-0.5954647064208984,-0.6282550096511841,32.334205627441406,65.8342514038086,44.836177825927734,77.32005310058594,97,33.0,67.0,45.0,77.0,0.0725134015083313,yellow,0.06185567006468773,31.0,0.12057872414588929,0.29823813438415525,12.501972198486328,11.485801696777344,143.59517349043745,7.622241973877231e-05,3.085136413571998e-05,0.00016445867492921587,-0.31243225766229443,0.999613360456789
video_08,q065,a person wearing yellow shorts,189.0,0.2689775228500366,0.09270019829273224,-0.7080460786819458,-0.3875938951969147,-0.5077635049819946,32.40618896484375,65.82852935791016,44.77607345581055,77.33106994628906,97,33.0,67.0,45.0,77.0,0.06946691870689392,yellow,0.10309278219938278,31.0,0.12059728503227234,0.2982491652170817,12.369884490966797,11.502540588378906,142.28509843090433,1.856088638305109e-05,1.1030832926473e-05,4.318267144938082e-05,-1.3100750595331192,0.9996705871940051
video_08,q065,a person wearing yellow shorts,189.5,0.27068114280700684,0.09570470452308655,-0.6989381909370422,-0.2895444929599762,-0.44306713342666626,32.429100036621094,65.79818725585938,44.77651596069336,77.33890533447266,97,33.0,67.0,45.0,77.0,0.06873306632041931,yellow,0.09278350323438644,31.0,0.12063377499580383,0.2982022762298584,12.347415924072266,11.540718078613281,142.4980461790983,3.6489963531491365e-05,-4.6888987223325795e-05,0.00011882919778166946,0.212947748193983,0.9997006671519716
video_08,q065,a person wearing yellow shorts,190.0,0.28324490785598755,0.10512250661849976,-0.631769597530365,0.01779710128903389,-0.22579041123390198,32.4697151184082,65.8182144165039,44.793601989746094,77.37113952636719,95,33.0,67.0,45.0,77.0,0.057762011885643005,yellow,0.04210526496171951,31.0,0.12072393298149109,0.29831115404764813,12.32388687133789,11.552925109863281,142.37694208699395,9.015798568726141e-05,0.00010887781778973205,0.0002827213581591495,-0.12110409210436046,0.9997027535463211
video_08,q065,a person wearing yellow shorts,190.5,0.2695696949958801,0.10564050078392029,-0.7048802375793457,0.034701380878686905,-0.24264173209667206,32.48272705078125,65.81846618652344,44.73548126220703,77.27778625488281,93,33.0,67.0,45.0,77.0,0.0700368583202362,yellow,0.05376344174146652,31.0,0.12065345048904419,0.298117192586263,12.252754211425781,11.459320068359375,140.4082322276663,-7.048249244689941e-05,-0.00019396146138511705,0.000412741227619328,-1.968709859327646,0.9996899384001411
video_08,q065,a person wearing yellow shorts,191.0,0.2870960533618927,0.10633379220962524,-0.6111805438995361,0.05732632800936699,-0.193363755941391,32.429290771484375,65.81877136230469,44.764122009277344,77.29852294921875,96,33.0,67.0,45.0,77.0,0.06956429779529572,yellow,0.0416666679084301,31.0,0.12061470746994019,0.29816102981567383,12.334831237792969,11.479751586914062,141.60079847637098,-3.8743019104003906e-05,4.383722941081469e-05,0.00011700810590227685,1.1925662487046793,0.9997092417632647
video_08,q065,a person wearing yellow shorts,191.5,0.2889377474784851,0.09527014195919037,-0.6013344526290894,-0.30372607707977295,-0.4153292179107666,32.29408264160156,65.83369445800781,44.76477813720703,77.3389892578125,97,33.0,67.0,45.0,77.0,0.06630861759185791,yellow,0.05154639109969139,31.0,0.12040446996688843,0.298276424407959,12.470695495605469,11.505294799804688,143.47902803553734,-0.00021023750305175504,0.00011539459228515625,0.0004796487031905503,1.878229559166357,0.9996920878645448
video_08,q065,a person wearing yellow shorts,192.0,0.28719136118888855,0.10460363328456879,-0.6106710433959961,0.0008641305030323565,-0.22846156358718872,32.3941764831543,65.80350494384766,44.80498504638672,77.37371063232422,96,33.0,67.0,45.0,77.0,0.06972993910312653,yellow,0.0416666679084301,31.0,0.12062368988990783,0.29828586578369143,12.410808563232422,11.570205688476562,143.5956078369054,0.00021921992301940363,9.44137573244408e-06,0.00043884627934781187,0.11657980136806145,0.9996811914213822
video_08,q065,a person wearing yellow shorts,192.5,0.27193063497543335,0.10833817720413208,-0.6922581195831299,0.12273765355348587,-0.1828857660293579,32.42698669433594,65.79168701171875,44.67094039916992,77.42666625976562,96,33.0,67.0,45.0,77.0,0.07158291339874268,yellow,0.0416666679084301,31.0,0.1204655110836029,0.29837156931559244,12.243953704833984,11.634979248046875,142.45814726979006,-0.00015817880630493442,8.570353190101576e-05,0.0003598090056925334,-1.1374605671153404,0.9996780473787966
video_08,q065,a person wearing yellow shorts,193.0,0.2702327370643616,0.10211465507745743,-0.7013354301452637,-0.08036146312952042,-0.31322669982910156,32.446372985839844,65.81729888916016,44.84983444213867,77.3759994506836,97,33.0,67.0,45.0,77.0,0.07101617753505707,yellow,0.0824742242693901,31.0,0.12077532410621643,0.29831937154134114,12.403461456298828,11.558700561523438,143.36789689975558,0.00030981302261352817,-5.2197774251305784e-05,0.0006283588675835515,0.9097496299655177,0.9996561831883302
video_08,q065,a person wearing yellow shorts,193.5,0.2811073362827301,0.10341750085353851,-0.6431975364685059,-0.03784424811601639,-0.26485171914100647,32.416709899902344,65.81452178955078,44.849090576171875,77.3030014038086,97,33.0,67.0,45.0,77.0,0.06840676069259644,yellow,0.0824742242693901,31.0,0.12072781324386597,0.29816150665283203,12.432380676269531,11.488479614257812,142.82915195601527,-4.751086235045554e-05,-0.00015786488850910718,0.00032971869868284254,-0.538744943740312,0.9996571302952056
video_08,q065,a person wearing yellow shorts,194.0,0.2747306823730469,0.10230515897274017,-0.6772884726524353,-0.07414453476667404,-0.3003235161304474,32.379669189453125,65.80716705322266,44.86309814453125,77.32526397705078,97,33.0,67.0,45.0,77.0,0.06897774338722229,yellow,0.0824742242693901,31.0,0.12069182395935059,0.298192564646403,12.483428955078125,11.518096923828125,143.7853446463123,-3.5989284515383635e-05,3.105799357094874e-05,9.507528731657508e-05,0.9561926902970299,0.9996726144127633
video_08,q065,a person wearing yellow shorts,194.5,0.29419586062431335,0.09668876230716705,-0.5732234716415405,-0.25743064284324646,-0.37585294246673584,32.341773986816406,65.80467224121094,44.78986358642578,77.32113647460938,97,33.0,67.0,45.0,77.0,0.07108514755964279,yellow,0.04123711213469505,31.0,0.12051818370819092,0.29817876815795896,12.448089599609375,11.516464233398438,143.35797864804044,-0.0001736402511596652,-1.3796488444017818e-05,0.00034837496991705665,-0.42736599827185273,0.9996713868557144
video_08,q065,a person wearing yellow shorts,195.0,0.25893068313598633,0.10352534800767899,-0.7617586255073547,-0.03432475030422211,-0.307112455368042,32.396446228027344,65.7944564819336,44.733333587646484,77.4269027709961,95,33.0,67.0,45.0,77.0,0.07196464389562607,yellow,0.06315789371728897,31.0,0.12051528096199035,0.29837783177693683,12.33688735961914,11.6324462890625,143.50817958498374,-2.9027462005726257e-06,0.00019906361897786828,0.0003981695635583959,0.15020093694329262,0.9996675311616211
video_08,q065,a person wearing yellow shorts,195.5,0.25258561968803406,0.0936332494020462,-0.7956807017326355,-0.3571445941925049,-0.5215955972671509,32.4244384765625,65.8294448852539,44.82101821899414,77.37567138671875,94,33.0,67.0,45.0,77.0,0.06798616796731949,yellow,0.06382978707551956,31.0,0.12069602608680725,0.29834399223327634,12.39657974243164,11.546226501464844,143.13371754958644,0.00018074512481690286,-3.383954366048547e-05,0.0003677712052906138,-0.3744620353973005,0.9996656801967241
video_08,q065,a person wearing yellow shorts,196.0,0.2711713910102844,0.09841535985469818,-0.696317195892334,-0.2010846734046936,-0.38679686188697815,32.419105529785156,65.82705688476562,44.858306884765625,77.36516571044922,97,33.0,67.0,45.0,77.0,0.07439367473125458,yellow,0.05154639109969139,31.0,0.1207459568977356,0.2983171304066976,12.439201354980469,11.538108825683594,143.52485893835546,4.993081092834195e-05,-2.6861826578739034e-05,0.00011339565436308541,0.3911413887690287,0.9996767247281119
video_08,q065,a person wearing yellow shorts,196.5,0.2613857388496399,0.09865988045930862,-0.7486333847045898,-0.19310496747493744,-0.40142813324928284,32.43677520751953,65.7912826538086,44.83371353149414,77.33223724365234,97,33.0,67.0,45.0,77.0,0.0742017924785614,yellow,0.05154639109969139,31.0,0.12073513865470886,0.29817399978637693,12.39693832397461,11.54095458984375,143.07250225008465,-1.0818243026733398e-05,-0.00014313062032067503,0.00028707775152781654,-0.452356688270811,0.9996784522831798
video_08,q065,a person wearing yellow shorts,197.0,0.2856963872909546,0.09403668344020844,-0.618663489818573,-0.3439788818359375,-0.4469856023788452,32.405948638916016,65.80445861816406,44.82895278930664,77.34333801269531,97,33.0,67.0,45.0,77.0,0.0715942457318306,yellow,0.05154639109969139,31.0,0.1206795334815979,0.2982245763142904,12.423004150390625,11.53887939453125,143.34754660911858,-5.560517311095636e-05,5.057652791345957e-05,0.00015033190549554516,0.2750443590339273,0.9996862345746999
video_08,q065,a person wearing yellow shorts,197.5,0.2906781733036041,0.08922924101352692,-0.5920298099517822,-0.5008655190467834,-0.5350521206855774,32.419921875,65.80381774902344,44.860321044921875,77.2757797241211,96,33.0,67.0,45.0,77.0,0.06738674640655518,yellow,0.0520833320915699,31.0,0.12075037956237793,0.2980824947357178,12.440399169921875,11.471961975097656,142.7157862323802,7.084608078002097e-05,-0.00014208157857259485,0.00031753010648799714,-0.6317603767383844,0.9996860752746706
video_08,q065,a person wearing yellow shorts,198.0,0.2771155536174774,0.09387627989053726,-0.6645384430885315,-0.34921351075172424,-0.46746036410331726,32.39858627319336,65.78543853759766,44.85870361328125,77.28124237060547,97,33.0,67.0,45.0,77.0,0.06827154010534286,yellow,0.05154639109969139,31.0,0.12071451544761658,0.2980555852254232,12.46011734008789,11.495803833007812,143.23906467790948,-3.5864114761349764e-05,-2.6909510294603756e-05,8.96739978346154e-05,0.5232784455292858,0.999695417381626
video_08,q065,a person wearing yellow shorts,198.5,0.2816007435321808,0.09300938248634338,-0.6405596733093262,-0.3775039315223694,-0.4761498272418976,32.35391616821289,65.81689453125,44.861572265625,77.35096740722656,97,33.0,67.0,45.0,77.0,0.06803014129400253,yellow,0.06185567006468773,31.0,0.1206492006778717,0.29826637903849285,12.50765609741211,11.534072875976562,144.26421693520388,-6.531476974487582e-05,0.00021079381306965406,0.000441361759898931,1.025152257294394,0.9996899532878596
video_08,q065,a person wearing yellow shorts,199.0,0.2886568307876587,0.09925080835819244,-0.6028363108634949,-0.17382055521011353,-0.33470144867897034,32.40788269042969,65.8110580444336,44.886722564697266,77.35906219482422,98,33.0,67.0,45.0,77.0,0.06449185311794281,yellow,0.040816325694322586,31.0,0.12077282071113586,0.29827108383178713,12.478839874267578,11.548004150390625,144.10569466010202,0.00012362003326416016,4.704793294285636e-06,0.0002474190591217582,-0.15852227510185912,0.9996923642522589
video_08,q065,a person wearing yellow shorts,199.5,0.29445400834083557,0.09799284487962723,-0.5718433856964111,-0.2148730754852295,-0.3487369418144226,32.410552978515625,65.83036041259766,44.90406036376953,77.3137435913086,97,33.0,67.0,45.0,77.0,0.06845404952764511,yellow,0.06185567006468773,31.0,0.12080408334732055,0.29821688334147134,12.493507385253906,11.483383178710938,143.46773255092558,3.126263618469238e-05,-5.4200490315792216e-05,0.0001251406500173101,-0.637962109176442,0.9996991227217126
video_08,q065,a person wearing yellow shorts,200.0,0.28069403767585754,0.09937229752540588,-0.6454070806503296,-0.16985586285591125,-0.34818756580352783,32.427833557128906,65.8293228149414,44.92234802246094,77.3198013305664,95,33.0,67.0,45.0,77.0,0.07054420560598373,yellow,0.09473684430122375,31.0,0.12085965871810914,0.29822734196980794,12.494514465332031,11.490478515625,143.5679500270635,5.5575370788582545e-05,1.0458628336595943e-05,0.000113101808031021,0.10021747613791376,0.9997058282307043
video_08,q065,a person wearing yellow shorts,200.5,0.2681293487548828,0.100058414041996,-0.7125806212425232,-0.1474650651216507,-0.35938340425491333,32.40694808959961,65.82292175292969,44.81047058105469,77.37842559814453,98,33.0,67.0,45.0,77.0,0.07118891179561615,yellow,0.09183673560619354,31.0,0.12065221667289734,0.29833614031473793,12.403522491455078,11.555503845214844,143.32895184421795,-0.00020744204521179477,0.00010879834492999452,0.000468483860900921,-0.23899818284553476,0.9996998240240165
video_08,q065,a person wearing yellow shorts,201.0,0.2661305069923401,0.10106245428323746,-0.7232668399810791,-0.1146990954875946,-0.3429120182991028,32.35900115966797,65.78288269042969,44.884681701660156,77.28330993652344,97,33.0,67.0,45.0,77.0,0.06941802054643631,yellow,0.09278350323438644,31.0,0.1206932544708252,0.298054567972819,12.525680541992188,11.50042724609375,144.05067778099328,4.1037797927856445e-05,-0.0002815723419189453,0.0005690943141254779,0.7217259367753286,0.9996908685429701
video_08,q065,a person wearing yellow shorts,201.5,0.28184112906455994,0.0969829186797142,-0.639274537563324,-0.24783112108707428,-0.3946223855018616,32.332191467285156,65.79707336425781,44.79982376098633,77.34652709960938,97,33.0,67.0,45.0,77.0,0.06675377488136292,yellow,0.09278350323438644,31.0,0.1205187737941742,0.2982158342997233,12.467632293701172,11.549453735351562,143.99434236547677,-0.00017448067665100375,0.00016126632690433018,0.0004751855836104728,-0.05633541551651433,0.9996855183798414
video_08,q065,a person wearing yellow shorts,202.0,0.275401771068573,0.09451252222061157,-0.6737006902694702,-0.3284503221511841,-0.457919180393219,32.36254119873047,65.80751037597656,44.785133361816406,77.35039520263672,97,33.0,67.0,45.0,77.0,0.06858747452497482,yellow,0.04123711213469505,31.0,0.12054324150085449,0.298245636622111,12.422592163085938,11.542884826660156,143.39255058707204,2.446770668029785e-05,2.9802322387695312e-05,7.711931249416626e-05,-0.6017917784047313,0.9996929344319361
video_08,q065,a person wearing yellow shorts,202.5,0.2786670923233032,0.08995822072029114,-0.6562435626983643,-0.4770759046077728,-0.5442637801170349,32.4154052734375,65.81865692138672,44.813419342041016,77.3836669921875,95,33.0,67.0,45.0,77.0,0.055248819291591644,yellow,0.05263157933950424,31.0,0.12067003846168518,0.2983381748199463,12.398014068603516,11.565010070800781,143.38315756132943,0.00012679696083069125,9.253819783527906e-05,0.0003139476856707251,-0.009393025742610916,0.9996927288673898
video_08,q065,a person wearing yellow shorts,203.0,0.2636494040489197,0.10202188789844513,-0.7365313768386841,-0.08338883519172668,-0.3283173143863678,32.388031005859375,65.78265380859375,44.75593948364258,77.39794921875,96,33.0,67.0,45.0,77.0,0.07400673627853394,yellow,0.0416666679084301,31.0,0.1205374538898468,0.2982929229736328,12.367908477783203,11.61529541015625,143.6569105752278,-0.00013258457183838723,-4.5251846313487665e-05,0.0002801884957263447,0.2737530138983857,0.9996935277028091
video_08,q065,a person wearing yellow shorts,203.5,0.27230188250541687,0.09391475468873978,-0.6902733445167542,-0.34795790910720825,-0.47632619738578796,32.379981994628906,65.81099700927734,44.795921325683594,77.44300079345703,97,33.0,67.0,45.0,77.0,0.06184787675738335,yellow,0.04123711213469505,31.0,0.12058734893798828,0.29844582875569664,12.415939331054688,11.632003784179688,144.42225328297354,4.989504814148504e-05,0.0001529057820638391,0.000321681171457674,0.7653427077457309,0.9996930961127949
video_08,q065,a person wearing yellow shorts,204.0,0.27802109718322754,0.09443484246730804,-0.6596972346305847,-0.33098530769348145,-0.4542522728443146,32.3691520690918,65.80953216552734,44.80726623535156,77.46488952636719,107,32.0,67.0,45.0,78.0,0.07235424220561981,yellow,0.04672897234559059,31.0,0.12058815360069275,0.2984883785247803,12.438114166259766,11.655357360839844,144.9706655026821,8.046627044677734e-07,4.254976908363295e-05,8.511475385944431e-05,0.5484122197085526,0.9996992557946212
video_08,q065,a person wearing yellow shorts,204.5,0.279497891664505,0.0918411910533905,-0.6518019437789917,-0.4156268239021301,-0.5041924715042114,32.42313003540039,65.81688690185547,44.78984832763672,77.39398956298828,97,33.0,67.0,45.0,77.0,0.06258407235145569,yellow,0.04123711213469505,31.0,0.12064527869224548,0.29835599263509116,12.366718292236328,11.577102661132812,143.17076725052902,5.7125091552728824e-05,-0.0001323858896891128,0.0002883699004659508,-1.7998982521530706,0.9996995924780563
video_08,q065,a person wearing yellow shorts,205.0,0.2785036265850067,0.0991472378373146,-0.657117486000061,-0.17720048129558563,-0.35716935992240906,32.35923385620117,65.78848266601562,44.85462188720703,77.33335876464844,98,33.0,67.0,45.0,77.0,0.05918626859784126,yellow,0.040816325694322586,31.0,0.12064664959907531,0.29817050298055015,12.49538803100586,11.544876098632812,144.25770662230207,1.3709068298339844e-06,-0.00018548965454101562,0.0003709894409671596,1.0869393717730418,0.9996977385525169
video_08,q065,a person wearing yellow shorts,205.5,0.279161274433136,0.09878717362880707,-0.6536015868186951,-0.18895086646080017,-0.36319488286972046,32.333492279052734,65.7962417602539,44.9169921875,77.37091064453125,97,33.0,67.0,45.0,77.0,0.06571239233016968,yellow,0.0824742242693901,31.0,0.12070388197898865,0.2982649008433024,12.583499908447266,11.574668884277344,145.64984484561137,5.723237991334118e-05,9.439786275228235e-05,0.000220784979586418,1.3921382233093027,0.9996998287762543
video_08,q065,a person wearing yellow shorts,206.0,0.28739023208618164,0.09867005050182343,-0.6096078157424927,-0.19277307391166687,-0.34908610582351685,32.35997009277344,65.78799438476562,44.897003173828125,77.38291931152344,98,33.0,67.0,45.0,77.0,0.061354219913482666,yellow,0.030612245202064514,31.0,0.12071402072906494,0.2982727368672689,12.537033081054688,11.594924926757812,145.3659573791083,1.0138750076285619e-05,7.836023966478756e-06,2.5627916396977034e-05,-0.2838874665030744,0.9997066905380472
video_08,q065,a person wearing yellow shorts,206.5,0.26736757159233093,0.10182410478591919,-0.7166532278060913,-0.08984331041574478,-0.32489702105522156,32.38685989379883,65.79048919677734,44.890933990478516,77.38146209716797,99,33.0,67.0,45.0,77.0,0.06515252590179443,yellow,0.05050504952669144,31.0,0.12074655294418335,0.29827489852905276,12.504074096679688,11.590972900390625,144.93438399909064,3.253221511841098e-05,2.161661783850466e-06,6.52079075627589e-05,-0.4315733800176531,0.9997122528560815
video_08,q065,a person wearing yellow shorts,207.0,0.25768548250198364,0.10440176725387573,-0.7684157490730286,-0.005723588168621063,-0.29173314571380615,32.42150115966797,65.813232421875,44.84010696411133,77.30062866210938,97,33.0,67.0,45.0,77.0,0.06964774429798126,yellow,0.020618556067347527,31.0,0.12072126269340515,0.2981538772583008,12.41860580444336,11.487396240234375,142.65744562691543,-2.5290250778201018e-05,-0.00012102127075197533,0.0002472710638861508,-2.2769383721752092,0.9997132179894948
video_08,q065,a person wearing yellow shorts,207.5,0.2870858311653137,0.10335583984851837,-0.6112352013587952,-0.039856500923633575,-0.2541235089302063,32.40524673461914,65.79312133789062,44.774757385253906,77.31719207763672,94,33.0,67.0,45.0,77.0,0.06370241940021515,yellow,0.0,31.0,0.12059375643730164,0.29814648628234863,12.369510650634766,11.524070739746094,142.54711575395777,-0.00012750625610351285,-7.3909759521484375e-06,0.0002554405752503689,-0.11032987295766361,0.9997139483547225
video_08,q065,a person wearing yellow shorts,208.0,0.2869962751865387,0.09815188497304916,-0.6117140054702759,-0.20968294143676758,-0.3604446053504944,32.41785430908203,65.81224822998047,44.86024856567383,77.35787963867188,97,33.0,67.0,45.0,77.0,0.06699353456497192,yellow,0.0,31.0,0.12074703574180604,0.29827109972635907,12.442394256591797,11.545631408691406,143.6552979282278,0.00015327930450440008,0.00012461344401043517,0.00039508508257080256,1.1081821742700413,0.9997114736048103
video_08,q065,a person wearing yellow shorts,208.5,0.2881554663181305,0.09497219324111938,-0.6055167317390442,-0.31344935297966003,-0.4229746460914612,32.35570526123047,65.82666778564453,44.9330940246582,77.33106994628906,97,33.0,67.0,45.0,77.0,0.06880100071430206,yellow,0.0,31.0,0.12076374888420105,0.2982452869415283,12.577388763427734,11.504402160644531,144.69533846524428,1.671314239501398e-05,-2.5812784830769875e-05,6.150216222005978e-05,1.0400405370164663,0.9997165175518226
video_08,q065,a person wearing yellow shorts,209.0,0.2737465500831604,0.1039198786020279,-0.6825498342514038,-0.02144959568977356,-0.2693621814250946,32.39862823486328,65.79828643798828,44.90481948852539,77.32649230957031,97,33.0,67.0,45.0,77.0,0.0667508989572525,yellow,0.06185567006468773,31.0,0.1207866370677948,0.29817662239074705,12.50619125366211,11.528205871582031,144.17394744159537,2.288818359375e-05,-6.866455078125e-05,0.00014475758332069608,-0.5213910236489028,0.9997195333557766
video_08,q065,a person wearing yellow shorts,209.5,0.26904094219207764,0.10443557798862457,-0.7077070474624634,-0.00462020467966795,-0.2682777941226959,32.42106628417969,65.80282592773438,44.9211311340332,77.27497100830078,97,33.0,67.0,45.0,77.0,0.06735412776470184,yellow,0.06185567006468773,31.0,0.12084718346595764,0.2980787436167399,12.500064849853516,11.472145080566406,143.40255747400806,6.054639816284457e-05,-9.787877400713185e-05,0.00023018358526735044,-0.7713899675873108,0.9997206042823906
video_08,q065,a person wearing yellow shorts,210.0,0.29048070311546326,0.10167977213859558,-0.593085527420044,-0.09455347806215286,-0.28150299191474915,32.41477584838867,65.81033325195312,44.90473175048828,77.42219543457031,96,33.0,67.0,45.0,77.0,0.07335563749074936,yellow,0.0520833320915699,31.0,0.12081173062324524,0.29840110143025717,12.48995590209961,11.611862182617188,145.0316466021468,-3.545284271240512e-05,0.0003223578135172489,0.0006486030033603359,1.6290891281387303,0.9997129184463849
video_08,q065,a person wearing yellow shorts,210.5,0.29317519068717957,0.1017625480890274,-0.5786802172660828,-0.09185215830802917,-0.2744126617908478,32.39741134643555,65.82614135742188,44.85316848754883,77.3571548461914,96,33.0,67.0,45.0,77.0,0.07513943314552307,yellow,0.0520833320915699,31.0,0.12070403099060059,0.2982985337575277,12.455757141113281,11.531013488769531,143.62750360701466,-0.00010769963264464777,-0.00010256767272948109,0.00029745143039450336,-1.4041429951321334,0.999712708619256
video_08,q065,a person wearing yellow shorts,211.0,0.2834344506263733,0.10807796567678452,-0.6307562589645386,0.11424588412046432,-0.16512992978096008,32.375038146972656,65.82377624511719,44.73979949951172,77.450927734375,96,33.0,67.0,45.0,77.0,0.07100126147270203,yellow,0.0520833320915699,31.0,0.12049193382263183,0.29848896662394203,12.364761352539062,11.627151489257812,143.766953374492,-0.00021209716796875833,0.0001904328664143473,0.0005700873100540034,0.13944976747734472,0.9997070576321919
video_08,q065,a person wearing yellow shorts,211.5,0.2840377986431122,0.09872634708881378,-0.6275306344032288,-0.190935879945755,-0.35465890169143677,32.46072769165039,65.8435287475586,44.89858627319336,77.30815124511719,96,33.0,67.0,45.0,77.0,0.06176736205816269,yellow,0.02083333395421505,31.0,0.12087392807006836,0.29823266665140785,12.437858581542969,11.464622497558594,142.59535331540974,0.0003819942474365262,-0.0002562999725341797,0.0009200201758562021,-1.171600059082266,0.999694771024837
video_08,q065,a person wearing yellow shorts,212.0,0.2908359467983246,0.09848727285861969,-0.5911862850189209,-0.19873785972595215,-0.34590601921081543,32.453800201416016,65.85550689697266,44.879127502441406,77.3398666381836,96,33.0,67.0,45.0,77.0,0.0694563239812851,yellow,0.0416666679084301,31.0,0.12083269953727722,0.29832369486490884,12.42532730102539,11.484359741210938,142.69692862726515,-4.122853279113492e-05,9.102821350098766e-05,0.00019985922614971848,0.10157531185541302,0.9996967979245489
video_08,q065,a person wearing yellow shorts,212.5,0.2978561222553253,0.09967058897018433,-0.5536549687385559,-0.1601213812828064,-0.30769649147987366,32.429649353027344,65.83101654052734,44.78826141357422,77.3392333984375,96,33.0,67.0,45.0,77.0,0.07430462539196014,yellow,0.0416666679084301,31.0,0.12065298557281494,0.2982713540395101,12.358612060546875,11.508216857910156,142.22558765555732,-0.00017971396446228582,-5.2340825398733415e-05,0.00037436170224088055,-0.47134097170783207,0.9996954578399638
video_08,q065,a person wearing yellow shorts,213.0,0.3003448247909546,0.10154896974563599,-0.5403498411178589,-0.09882210195064545,-0.26439499855041504,32.392330169677734,65.81073760986328,44.85009002685547,77.33309173583984,96,33.0,67.0,45.0,77.0,0.07242800295352936,yellow,0.0520833320915699,31.0,0.12069128155708313,0.2982163111368815,12.457759857177734,11.522354125976562,143.54272069077706,3.8295984268188477e-05,-5.504290262858813e-05,0.00013410896376975812,1.3171330352197401,0.9996986138151411
video_08,q065,a person wearing yellow shorts,213.5,0.3071584105491638,0.096947081387043,-0.5039229393005371,-0.2490006387233734,-0.3445965051651001,32.37872314453125,65.8168716430664,44.88157272338867,77.3646240234375,97,33.0,67.0,45.0,77.0,0.07232942432165146,yellow,0.030927835032343864,31.0,0.12071921229362488,0.2982947826385498,12.502849578857422,11.547752380371094,144.37981098567252,2.7930736541753598e-05,7.847150166828687e-05,0.0001665881462510559,0.8370902948954608,0.9997010648685066
video_08,q065,a person wearing yellow shorts,214.0,0.2785065472126007,0.10045009851455688,-0.6571019291877747,-0.1346827894449234,-0.33058997988700867,32.35120391845703,65.77857208251953,44.96153259277344,77.37235260009766,97,33.0,67.0,45.0,77.0,0.06992322206497192,yellow,0.06185567006468773,31.0,0.12080115079879761,0.2982310930887858,12.610328674316406,11.593780517578125,146.20138290454634,8.193850517272672e-05,-6.368954976399e-05,0.00020755989380495183,1.8215719188738149,0.9997026971917221
video_08,q065,a person wearing yellow shorts,214.5,0.2807682454586029,0.10111702978610992,-0.6450103521347046,-0.11291807889938354,-0.31245267391204834,32.310272216796875,65.77435302734375,44.90813446044922,77.37864685058594,97,33.0,67.0,45.0,77.0,0.07153470069169998,yellow,0.06185567006468773,31.0,0.12065376043319702,0.2982354164123535,12.597862243652344,11.604293823242188,146.18929502007086,-0.0001473903656005887,4.323323567700932e-06,0.0002949075176969637,-0.01208788447547704,0.999702740739605
video_08,q065,a person wearing yellow shorts,215.0,0.26242879033088684,0.09485605359077454,-0.7430570125579834,-0.3172394633293152,-0.47692105174064636,32.2645263671875,65.72771453857422,44.84628677368164,77.39143371582031,98,33.0,67.0,45.0,77.0,0.061748161911964417,yellow,0.10204081982374191,31.0,0.12048564553260803,0.29816489219665526,12.58176040649414,11.663719177246094,146.75012013674132,-0.00016811490058898926,-7.052421569825329e-05,0.000364616427495523,0.5608251166704576,0.9997015816238599
video_08,q065,a person wearing yellow shorts,215.5,0.2799801230430603,0.09261700510978699,-0.6492238640785217,-0.39030882716178894,-0.48740196228027344,32.32688522338867,65.77511596679688,44.80658721923828,77.25582885742188,95,33.0,67.0,45.0,77.0,0.059976495802402496,yellow,0.09473684430122375,31.0,0.12052105069160461,0.2979811350504557,12.47970199584961,11.480712890625,143.27587557490915,3.540515899658203e-05,-0.00018375714619955907,0.0003742737717926779,-3.4742445618321653,0.9997002982169964
video_08,q065,a person wearing yellow shorts,216.0,0.2722674608230591,0.0970614105463028,-0.6904574036598206,-0.24526961147785187,-0.41221505403518677,32.350242614746094,65.77047729492188,44.868473052978516,77.34109497070312,95,33.0,67.0,45.0,77.0,0.06873917579650879,yellow,0.05263157933950424,31.0,0.1206542432308197,0.29814910888671875,12.518230438232422,11.57061767578125,144.84365837811492,0.00013319253921509344,0.00016797383626304674,0.0004287445028055242,1.5677828032057732,0.9996981502951363
video_08,q065,a person wearing yellow shorts,216.5,0.25101131200790405,0.09555180370807648,-0.8040972948074341,-0.294534295797348,-0.4856204390525818,32.32234573364258,65.74658966064453,44.858367919921875,77.41016387939453,97,33.0,67.0,45.0,77.0,0.0658993124961853,yellow,0.020618556067347527,31.0,0.12059486508369446,0.29824323654174806,12.536022186279297,11.66357421875,146.21482517756522,-5.9378147125241365e-05,9.412765502930798e-05,0.00022258283669091125,1.3711667994502932,0.9996994504625285
video_08,q065,a person wearing yellow shorts,217.0,0.26784735918045044,0.09572750329971313,-0.7140882015228271,-0.2888004779815674,-0.4482833743095398,32.31608963012695,65.79008483886719,44.870662689208984,77.44384765625,98,33.0,67.0,45.0,77.0,0.06565076112747192,yellow,0.0714285746216774,31.0,0.1206043004989624,0.29840402603149413,12.554573059082031,11.653762817382812,146.30801670404617,9.435415267933234e-06,0.00016078948974607155,0.00032213219071729166,0.09319152648095042,0.9996991040210517
video_08,q065,a person wearing yellow shorts,217.5,0.26806914806365967,0.09163651615381241,-0.7129024863243103,-0.42230620980262756,-0.5312798023223877,32.33403015136719,65.79650115966797,44.91057586669922,77.45249938964844,98,33.0,67.0,45.0,77.0,0.06423355638980865,yellow,0.0714285746216774,31.0,0.12069469690322876,0.29843541781107585,12.576545715332031,11.655998229980469,146.5921945971786,9.039640426636297e-05,3.139177958172423e-05,0.00019138394634446521,0.284177893132437,0.999700842701063
video_08,q065,a person wearing yellow shorts,218.0,0.27799803018569946,0.093211829662323,-0.659820556640625,-0.3708972632884979,-0.47924351692199707,32.337120056152344,65.810791015625,44.80746841430664,77.3499984741211,98,33.0,67.0,45.0,77.0,0.06232079863548279,yellow,0.020408162847161293,31.0,0.12053841948509217,0.29825164477030436,12.470348358154297,11.539207458496094,143.89793678445858,-0.00015627741813659113,-0.00018377304077149548,0.00048247346842636093,-2.694257812720025,0.9996979815055512
video_08,q065,a person wearing yellow shorts,218.5,0.2894391715526581,0.10040505230426788,-0.5986537337303162,-0.13615283370018005,-0.3095906674861908,32.35059356689453,65.83966064453125,44.880653381347656,77.3145523071289,97,33.0,67.0,45.0,77.0,0.07038842141628265,yellow,0.030927835032343864,31.0,0.12067382335662842,0.298237943649292,12.530059814453125,11.474891662597656,143.7810788967181,0.0001354038715362521,-1.3701121012343886e-05,0.0002721905886984394,-0.11685788774047978,0.999698441522362
video_08,q065,a person wearing yellow shorts,219.0,0.2753603458404541,0.09978441894054413,-0.6739221811294556,-0.15640664100646973,-0.3504749834537506,32.384342193603516,65.7920913696289,44.860443115234375,77.37850189208984,97,33.0,67.0,45.0,77.0,0.0684855580329895,yellow,0.030927835032343864,31.0,0.1206949770450592,0.2982720692952474,12.47610092163086,11.586410522460938,144.5532269976684,2.1153688430780582e-05,3.4125645955396244e-05,8.030039218085034e-05,0.7721481009502895,0.9997017932846779
video_08,q065,a person wearing yellow shorts,219.5,0.2896011471748352,0.09320278465747833,-0.5977877974510193,-0.37119242548942566,-0.4561656713485718,32.389591217041016,65.7965316772461,44.82984161376953,77.44458770751953,97,33.0,67.0,45.0,77.0,0.06747318804264069,yellow,0.030927835032343864,31.0,0.12065536379814149,0.2984189987182617,12.440250396728516,11.648056030273438,144.9047336517251,-3.961324691771628e-05,0.00014692942301430811,0.0003043515380521771,0.35150665405672044,0.9997017029524818
video_08,q065,a person wearing yellow shorts,220.0,0.288614958524704,0.10295537859201431,-0.6030601859092712,-0.052925195544958115,-0.2592258155345917,32.352264404296875,65.80571746826172,44.863704681396484,77.38935852050781,97,33.0,67.0,45.0,77.0,0.07113684713840485,yellow,0.020618556067347527,31.0,0.12064995169639588,0.2983230749766032,12.51144027709961,11.583641052246094,144.92803321653628,-5.412101745608244e-06,-9.592374165851014e-05,0.00019215259622574357,0.02329956481116824,0.9997032642797756
video_08,q065,a person wearing yellow shorts,220.5,0.28676971793174744,0.10516756027936935,-0.6129252314567566,0.019267387688159943,-0.21780483424663544,32.40850830078125,65.79872131347656,44.8940315246582,77.37751007080078,97,33.0,67.0,45.0,77.0,0.0744737982749939,yellow,0.05154639109969139,31.0,0.12078521847724914,0.29828381538391113,12.485523223876953,11.578788757324219,144.5672359339369,0.00013526678085326593,-3.9259592692075795e-05,0.000281697835424791,-0.3607972825993784,0.9997034833665993
video_08,q065,a person wearing yellow shorts,221.0,0.28948336839675903,0.09545058012008667,-0.5984174609184265,-0.29783761501312256,-0.41055506467819214,32.38431930541992,65.85260772705078,44.81019592285156,77.26372528076172,97,33.0,67.0,45.0,77.0,0.07241159677505493,yellow,0.05154639109969139,31.0,0.12061643004417419,0.2981590270996094,12.42587661743164,11.411117553710938,141.79313878942048,-0.00016878843307495395,-0.0001247882843017356,0.0004198173461822129,-2.7740971445164178,0.9997017242310355
video_08,q065,a person wearing yellow shorts,221.5,0.2716034948825836,0.09456733614206314,-0.6940070986747742,-0.32666149735450745,-0.4644160866737366,32.35920333862305,65.8160171508789,44.874053955078125,77.29200744628906,97,33.0,67.0,45.0,77.0,0.07150216400623322,yellow,0.07216494530439377,31.0,0.12067696452140808,0.2981417179107666,12.514850616455078,11.475990295410156,143.6203042229463,6.053447723389227e-05,-1.7309188842795642e-05,0.0001259211015259346,1.8271654335258063,0.9997041515722283
video_08,q065,a person wearing yellow shorts,222.0,0.2709578573703766,0.09446998685598373,-0.697458803653717,-0.32983842492103577,-0.46769607067108154,32.360557556152344,65.82876586914062,44.86793899536133,77.33404541015625,97,33.0,67.0,45.0,77.0,0.07124248892068863,yellow,0.07216494530439377,31.0,0.12066952586174011,0.2982558568318685,12.507381439208984,11.505279541015625,143.9009197842097,-7.4386596679715256e-06,0.00011413892110190282,0.0002287621207102461,0.2806155612634029,0.9997050839914114
video_08,q065,a person wearing yellow shorts,222.5,0.2720105051994324,0.09898947924375534,-0.691831111907959,-0.1823488026857376,-0.37340468168258667,32.276161193847656,65.78101348876953,44.86311340332031,77.40198516845703,98,33.0,67.0,45.0,77.0,0.06788673996925354,yellow,0.051020409911870956,31.0,0.12053011655807495,0.298297913869222,12.586952209472656,11.6209716796875,146.27261515986174,-0.00013940930366515558,4.205703735349342e-05,0.0002912301381337907,2.3716953756520525,0.9997051356441065
video_08,q065,a person wearing yellow shorts,223.0,0.26660868525505066,0.09479086101055145,-0.7207103967666626,-0.3193669617176056,-0.46987074613571167,32.36626052856445,65.8124771118164,44.90425109863281,77.35103607177734,97,33.0,67.0,45.0,77.0,0.061109669506549835,yellow,0.030927835032343864,31.0,0.12073517441749573,0.298257319132487,12.53799057006836,11.538558959960938,144.670343432168,0.00020505785942077914,-4.059473673501124e-05,0.0004180749136736951,-1.6022717276937328,0.9997034727956785
video_08,q065,a person wearing yellow shorts,223.5,0.29007887840270996,0.09857313334941864,-0.5952337384223938,-0.19593587517738342,-0.3456725776195526,32.41532516479492,65.82546997070312,44.96710968017578,77.34825897216797,96,33.0,67.0,45.0,77.0,0.06572534888982773,yellow,0.0520833320915699,31.0,0.12091005444526673,0.29827860196431477,12.55178451538086,11.522789001464844,144.6315645625873,0.0001748800277709961,2.1282831827784676e-05,0.0003523406479178588,-0.03877886958071031,0.9997027302302863
video_08,q065,a person wearing yellow shorts,224.0,0.284639447927475,0.09416501224040985,-0.6243141293525696,-0.3397909998893738,-0.4464871883392334,32.40647506713867,65.82611846923828,44.954078674316406,77.35812377929688,98,33.0,67.0,45.0,77.0,0.05994396656751633,yellow,0.051020409911870956,31.0,0.12087586522102356,0.29830050468444824,12.547603607177734,11.532005310058594,144.699031426484,-3.4189224243169614e-05,2.1902720133470943e-05,8.120670424527498e-05,0.06746686389669776,0.9997055726458625
video_08,q065,a person wearing yellow shorts,224.5,0.2776133120059967,0.09720716625452042,-0.6618773341178894,-0.24051299691200256,-0.39852461218833923,32.42915344238281,65.80823516845703,44.9405632019043,77.37100219726562,98,33.0,67.0,45.0,77.0,0.05845789983868599,yellow,0.051020409911870956,31.0,0.1208901822566986,0.2982900778452555,12.511409759521484,11.562767028808594,144.66651625130908,1.4317035675046053e-05,-1.0426839192723136e-05,3.542295787036699e-05,-0.03251517517492175,0.9997089354956771
video_08,q065,a person wearing yellow shorts,225.0,0.2742463946342468,0.09988216310739517,-0.6798775792121887,-0.15321685373783112,-0.35071462392807007,32.41298294067383,65.81651306152344,44.89421844482422,77.28524017333984,97,33.0,67.0,45.0,77.0,0.06946832686662674,yellow,0.05154639109969139,31.0,0.12079250216484069,0.2981286525726318,12.48123550415039,11.468727111816406,143.1438840154151,-9.768009185791293e-05,-0.00016142527262369422,0.0003773566959098742,-1.5226322358939797,0.9997078309164896
video_08,q065,a person wearing yellow shorts,225.5,0.29457685351371765,0.10221941024065018,-0.5711866021156311,-0.07694286853075027,-0.2622842788696289,32.434791564941406,65.81120300292969,44.91388702392578,77.27998352050781,108,32.0,66.0,45.0,78.0,0.06500639766454697,yellow,0.046296294778585434,31.0,0.12085731029510498,0.2981066385904948,12.479095458984375,11.468780517578125,143.12000687699765,6.4808130264285e-05,-2.2013982137025767e-05,0.00013688987044893896,-0.023877138417446986,0.9997097964118549
video_08,q065,a person wearing yellow shorts,226.0,0.30012398958206177,0.09095671027898788,-0.541530430316925,-0.44449108839035034,-0.48088085651397705,32.38652801513672,65.83169555664062,44.90752410888672,77.29790496826172,96,33.0,67.0,45.0,77.0,0.06997490674257278,yellow,0.0520833320915699,31.0,0.12077195644378662,0.29818666776021324,12.52099609375,11.466209411621094,143.5683632530272,-8.535385131835938e-05,8.002916971844298e-05,0.00023400810191700585,0.44835637602955103,0.999710499500704
video_08,q065,a person wearing yellow shorts,226.5,0.292913019657135,0.09319165349006653,-0.5800818204879761,-0.3715556859970093,-0.4497529864311218,32.36840057373047,65.8228988647461,44.83873748779297,77.30618286132812,109,32.0,66.0,45.0,78.0,0.06594947725534439,yellow,0.027522936463356018,31.0,0.12063615322113037,0.2981855869293213,12.4703369140625,11.483283996582031,143.20042031724006,-0.00013580322265624445,-1.0808308919529885e-06,0.00027161504729479553,-0.3679429357871413,0.9997107212153714
video_08,q065,a person wearing yellow shorts,227.0,0.30037593841552734,0.0985540896654129,-0.5401834845542908,-0.19655734300613403,-0.3254171311855316,32.36396408081055,65.79733276367188,44.800025939941406,77.33294677734375,95,33.0,67.0,45.0,77.0,0.07248680293560028,yellow,0.05263157933950424,31.0,0.12056873440742492,0.29818808237711586,12.43606185913086,11.535614013671875,143.45760945708025,-6.741881370544989e-05,2.495447794570449e-06,0.00013492996259016133,0.2571891398401931,0.9997126034529799
video_08,q065,a person wearing yellow shorts,227.5,0.29304519295692444,0.10089756548404694,-0.5793752074241638,-0.12008009850978851,-0.2923157513141632,32.42768859863281,65.8265609741211,44.76013946533203,77.31842803955078,93,33.0,67.0,45.0,77.0,0.07295376807451248,yellow,0.05376344174146652,31.0,0.12060598134994507,0.2982187271118164,12.332450866699219,11.491867065429688,141.72288595105056,3.724694252014993e-05,3.064473470054674e-05,9.646625300002579e-05,-1.7347235060296953,0.9997149034960716
video_08,q065,a person wearing yellow shorts,228.0,0.30583029985427856,0.09736335277557373,-0.5110232830047607,-0.2354159951210022,-0.33876872062683105,32.41805648803711,65.81240844726562,44.88819885253906,77.30831909179688,97,33.0,67.0,45.0,77.0,0.07198657095432281,yellow,0.05154639109969139,31.0,0.12079102396965027,0.2981681823730469,12.470142364501953,11.49591064453125,143.3556423468981,0.0001850426197052002,-5.054473876953125e-05,0.0003836432807942477,1.6327563958475366,0.9997137319577143
video_08,q065,a person wearing yellow shorts,228.5,0.30018964409828186,0.09258599579334259,-0.5411794185638428,-0.3913207948207855,-0.4475177824497223,32.39896774291992,65.79907989501953,44.832275390625,77.32421112060547,97,33.0,67.0,45.0,77.0,0.06995020806789398,yellow,0.05154639109969139,31.0,0.12067381739616394,0.29817352294921873,12.433307647705078,11.525131225585938,143.29550220788224,-0.00011720657348633645,5.3405761718527955e-06,0.00023465636681969956,-0.06014013901585713,0.9997143397705082
video_08,q065,a person wearing yellow shorts,229.0,0.31079214811325073,0.09571775048971176,-0.48449620604515076,-0.28911876678466797,-0.3623853027820587,32.41218185424805,65.80145263671875,44.85200881958008,77.30958557128906,97,33.0,67.0,45.0,77.0,0.06993234157562256,yellow,0.05154639109969139,31.0,0.12072529792785644,0.2981479962666829,12.439826965332031,11.508132934570312,143.1591824000934,5.148053169250211e-05,-2.552668253580359e-05,0.00011492356876857617,-0.1363198077888228,0.999716324898959
video_08,q065,a person wearing yellow shorts,229.5,0.30655422806739807,0.09620095044374466,-0.5071530342102051,-0.27334997057914734,-0.3610261082649231,32.38793182373047,65.77758026123047,44.93724060058594,77.27946472167969,97,33.0,67.0,45.0,77.0,0.0742710679769516,yellow,0.06185567006468773,31.0,0.12082058191299438,0.29803551038106285,12.549308776855469,11.501884460449219,144.3406996098929,9.5283985137945e-05,-0.00011248588562007278,0.00029483630907675007,1.1815172097994946,0.9997161976067007
video_08,q065,a person wearing yellow shorts,230.0,0.2960464358329773,0.10093368589878082,-0.5633299350738525,-0.1189013421535492,-0.28556206822395325,32.426265716552734,65.78562927246094,44.91450500488281,77.32376861572266,98,33.0,67.0,45.0,77.0,0.06970660388469696,yellow,0.06122449040412903,31.0,0.12084495425224304,0.2981445789337158,12.488239288330078,11.538139343261719,144.091045060748,2.4372339248651675e-05,0.00010906855265296889,0.00022351698010007932,-0.24965454914490692,0.9997168831949061
video_08,q065,a person wearing yellow shorts,230.5,0.3036572337150574,0.10307539999485016,-0.5226409435272217,-0.04900840297341347,-0.2266205996274948,32.41897964477539,65.7783432006836,44.91195297241211,77.28573608398438,98,33.0,67.0,45.0,77.0,0.0710420161485672,yellow,0.06122449040412903,31.0,0.12082958221435547,0.2980501651763916,12.492973327636719,11.507392883300781,143.76155236171326,-1.537203788756769e-05,-9.441375732421875e-05,0.00019131395266308503,-0.3294926990347449,0.9997179150050762
video_08,q065,a person wearing yellow shorts,231.0,0.3065296709537506,0.1028960794210434,-0.5072842836380005,-0.054860372096300125,-0.22451934218406677,32.342411041259766,65.80836486816406,44.95218276977539,77.3399429321289,97,33.0,67.0,45.0,77.0,0.07232629507780075,yellow,0.09278350323438644,31.0,0.12077280282974243,0.29822564125061035,12.609771728515625,11.531578063964844,145.41056705615483,-5.677938461304266e-05,0.00017547607421875,0.0003688671909522997,1.6490146944415756,0.9997169521871865
video_08,q065,a person wearing yellow shorts,231.5,0.3010171353816986,0.09563890844583511,-0.5367555022239685,-0.29169169068336487,-0.38359060883522034,32.25077819824219,65.79094696044922,44.94173049926758,77.37112426757812,97,33.0,67.0,45.0,77.0,0.07416551560163498,yellow,0.0824742242693901,31.0,0.12061329483985901,0.2982543150583903,12.69095230102539,11.580177307128906,146.9634778421896,-0.00015950798988341452,2.8673807779933114e-05,0.0003241295178736304,1.5529107860347722,0.9997165018757544
video_08,q065,a person wearing yellow shorts,232.0,0.30539074540138245,0.09972454607486725,-0.5133732557296753,-0.1583605408668518,-0.2914903163909912,32.34246826171875,65.8157730102539,44.936241149902344,77.39440155029297,97,33.0,67.0,45.0,77.0,0.07292889058589935,yellow,0.04123711213469505,31.0,0.12074798345565796,0.2983545303344727,12.593772888183594,11.578628540039062,145.81861818989273,0.00013468861579894742,0.00010021527608239378,0.0003357625636434585,-1.1448596522968728,0.9997159349797556
video_08,q065,a person wearing yellow shorts,232.5,0.30767035484313965,0.09677135199308395,-0.501185953617096,-0.25473541021347046,-0.3471543788909912,32.35874557495117,65.79471588134766,44.8765983581543,77.28773498535156,98,33.0,67.0,45.0,77.0,0.07126578688621521,yellow,0.020408162847161293,31.0,0.12068022489547729,0.2980884393056234,12.517852783203125,11.493019104003906,143.86792117846198,-6.775856018066684e-05,-0.00026609102884928015,0.0005491653962580872,-1.9506970114307478,0.9997130869328597
video_08,q065,a person wearing yellow shorts,233.0,0.3027381896972656,0.09862881153821945,-0.5275543928146362,-0.19411887228488922,-0.3191571831703186,32.34233856201172,65.77198791503906,44.88550567626953,77.38101196289062,97,33.0,67.0,45.0,77.0,0.07459740340709686,yellow,0.05154639109969139,31.0,0.12066850662231446,0.2982354164123535,12.543167114257812,11.609024047851562,145.61392866563983,-1.171827316283347e-05,0.00014697710673011732,0.0002948870144897878,1.7460074871778488,0.9997130030277938
video_08,q065,a person wearing yellow shorts,233.5,0.3182849586009979,0.10157808661460876,-0.44443804025650024,-0.09787189960479736,-0.22783420979976654,32.41103744506836,65.83018493652344,44.862953186035156,77.41258239746094,97,33.0,67.0,45.0,77.0,0.08136317133903503,yellow,0.04123711213469505,31.0,0.12074061036109925,0.29842243194580076,12.451915740966797,11.5823974609375,144.22303726198152,7.210373878478726e-05,0.00018701553344724342,0.00040086785302541713,-1.3908914036583155,0.9997118059430652
video_08,q065,a person wearing yellow shorts,234.0,0.3149268329143524,0.10238544642925262,-0.46239128708839417,-0.07152442634105682,-0.21809950470924377,32.37571334838867,65.81287384033203,44.85077667236328,77.38212585449219,97,33.0,67.0,45.0,77.0,0.07713603973388672,yellow,0.04123711213469505,31.0,0.12066639065742493,0.2983229160308838,12.47506332397461,11.569252014160156,144.32715148766874,-7.421970367431363e-05,-9.951591491696998e-05,0.00024829000572124956,0.10411422568722628,0.9997122222358029
video_08,q065,a person wearing yellow shorts,234.5,0.30533459782600403,0.09954279661178589,-0.5136734247207642,-0.16429178416728973,-0.2953099012374878,32.37494659423828,65.7898941040039,44.9062385559082,77.41909790039062,96,33.0,67.0,45.0,77.0,0.060887157917022705,yellow,0.0416666679084301,31.0,0.12075185179710388,0.2983520666758219,12.531291961669922,11.629203796386719,145.72894805428223,8.546113967894398e-05,2.915064493813624e-05,0.00018059198759118035,1.4017965666134842,0.9997133274626571
video_08,q065,a person wearing yellow shorts,235.0,0.30650365352630615,0.0971926599740982,-0.5074234008789062,-0.2409863919019699,-0.3409002721309662,32.38668441772461,65.80985260009766,44.85491943359375,77.2411117553711,96,33.0,67.0,45.0,77.0,0.06887578964233398,yellow,0.0625,31.0,0.12069000601768494,0.29802284240722654,12.46823501586914,11.431259155273438,142.52762567525497,-6.184577941893699e-05,-0.000329224268595385,0.0006699657288670877,-3.2013223790272605,0.9997094194033816
video_08,q065,a person wearing yellow shorts,235.5,0.29148900508880615,0.0951475277543068,-0.5876949429512024,-0.3077274560928345,-0.41271525621414185,32.40513229370117,65.85453796386719,44.91045379638672,77.25348663330078,95,33.0,67.0,45.0,77.0,0.06001347675919533,yellow,0.05263157933950424,31.0,0.12080560326576233,0.2981417179107666,12.505321502685547,11.398948669433594,142.54751790387672,0.00011559724807738703,0.00011887550354006127,0.0003316269536992919,0.019892228621756658,0.9997090058874573
video_08,q065,a person wearing yellow shorts,236.0,0.28466638922691345,0.09548485279083252,-0.6241700649261475,-0.29671916365623474,-0.4195132553577423,32.3958625793457,65.82667541503906,44.9031982421875,77.26181030273438,96,33.0,67.0,45.0,77.0,0.07050685584545135,yellow,0.1145833358168602,31.0,0.12077978253364563,0.298101011912028,12.507335662841797,11.435134887695312,143.023070390278,-2.5820732116696443e-05,-4.0705998738621574e-05,9.640930536729035e-05,0.4755524864012841,0.9997109514535488
video_08,q065,a person wearing yellow shorts,236.5,0.2683182954788208,0.09508223831653595,-0.7115704417228699,-0.30985814332962036,-0.46050024032592773,32.30671691894531,65.75428771972656,44.83909606933594,77.45046997070312,97,33.0,67.0,45.0,77.0,0.06460423767566681,yellow,0.11340206116437912,31.0,0.12054033279418945,0.29834324518839517,12.532379150390625,11.696182250976562,146.58099058130756,-0.00023944973945617953,0.0002422332763671875,0.0006812140277628302,3.5579201910295524,0.9997070717133635
video_08,q065,a person wearing yellow shorts,237.0,0.29029831290245056,0.10051439702510834,-0.5940605998039246,-0.13258446753025055,-0.30563801527023315,32.34066390991211,65.81029510498047,44.85283279418945,77.32432556152344,97,33.0,67.0,45.0,77.0,0.06208835914731026,yellow,0.11340206116437912,31.0,0.12061483860015869,0.2981971263885498,12.512168884277344,11.514030456542969,144.0654936109786,7.450580596923828e-05,-0.000146118799845385,0.00032803547851646453,-2.515496970328968,0.9997067285679395
video_08,q065,a person wearing yellow shorts,237.5,0.2975524365901947,0.09676149487495422,-0.5552785396575928,-0.25505709648132324,-0.3676401376724243,32.39710235595703,65.8310317993164,44.86894607543945,77.32640838623047,96,33.0,67.0,45.0,77.0,0.0725729763507843,yellow,0.125,31.0,0.12072820067405701,0.29824466705322267,12.471843719482422,11.495376586914062,143.36854028858943,0.00011336207389832376,4.754066467288487e-05,0.00024585422181503167,-0.6969533223891631,0.99970718949422
video_08,q065,a person wearing yellow shorts,238.0,0.2839398980140686,0.09557856619358063,-0.6280540227890015,-0.2936609089374542,-0.41905832290649414,32.36933135986328,65.78681945800781,44.91447448730469,77.3825912475586,95,33.0,67.0,45.0,77.0,0.06625071913003922,yellow,0.0736842080950737,31.0,0.12075594663619996,0.29826960563659666,12.545143127441406,11.595771789550781,145.47061677306192,2.7745962142944336e-05,2.493858337399013e-05,7.461290386894635e-05,2.102076484472491,0.9997092871481639
video_08,q065,a person wearing yellow shorts,238.5,0.2740310728549957,0.09496869146823883,-0.6810287237167358,-0.31356364488601685,-0.4513630270957947,32.28386688232422,65.83050537109375,44.863094329833984,77.31133270263672,97,33.0,67.0,45.0,77.0,0.06581942737102509,yellow,0.0824742242693901,31.0,0.1205421268939972,0.2982121626536051,12.579227447509766,11.480827331542969,144.4199382890656,-0.00021381974220276156,-5.744298299154016e-05,0.00044280279335443126,-1.0506784839963075,0.9997078403213437
video_08,q065,a person wearing yellow shorts,239.0,0.2650492191314697,0.0972418487071991,-0.7290476560592651,-0.23938116431236267,-0.4230060875415802,32.29936981201172,65.76467895507812,44.840782165527344,77.33808898925781,97,33.0,67.0,45.0,77.0,0.06575571745634079,yellow,0.0824742242693901,31.0,0.12053148746490479,0.29813076655069987,12.541412353515625,11.573410034179688,145.14690757496282,-1.0639429092407227e-05,-8.139610290525123e-05,0.0001641770144639573,0.7269692858972121,0.999709047806054
video_08,q065,a person wearing yellow shorts,239.5,0.2790921628475189,0.09644730389118195,-0.6539710760116577,-0.2653104364871979,-0.4110581874847412,32.31672668457031,65.7431869506836,44.78729248046875,77.34571075439453,96,33.0,67.0,45.0,77.0,0.07313773036003113,yellow,0.0625,31.0,0.12047502994537354,0.29810187021891277,12.470565795898438,11.602523803710938,144.69003649265505,-5.6457519531247224e-05,-2.8896331787098273e-05,0.00012684556755947332,-0.45687108230777085,0.9997105814137757
video_08,q065,a person wearing yellow shorts,240.0,0.28692343831062317,0.09503190219402313,-0.6121034026145935,-0.31150081753730774,-0.4242267608642578,32.41946792602539,65.80331420898438,44.8995246887207,77.3162841796875,98,33.0,67.0,45.0,77.0,0.06620405614376068,yellow,0.051020409911870956,31.0,0.12081092596054077,0.29816582997639973,12.480056762695312,11.512969970703125,143.6825187415816,0.0003358960151672308,6.395975748696436e-05,0.0006838625112784465,-1.0075177510734648,0.999706932057649
video_08,q065,a person wearing yellow shorts,240.5,0.2634638845920563,0.10237328708171844,-0.7375231981277466,-0.07192123681306839,-0.3215219974517822,32.39701843261719,65.80484008789062,44.898643493652344,77.318115234375,98,33.0,67.0,45.0,77.0,0.0650964081287384,yellow,0.051020409911870956,31.0,0.12077447175979614,0.29817282358805336,12.501625061035156,11.513275146484375,143.93464910588227,-3.645420074463446e-05,6.99361165362733e-06,7.423797831007683e-05,0.25213036430068314,0.9997089392872056
video_08,q065,a person wearing yellow shorts,241.0,0.27998086810112,0.10569941997528076,-0.6492198705673218,0.036624155938625336,-0.22056734561920166,32.38356018066406,65.80339813232422,44.83313751220703,77.2869873046875,97,33.0,67.0,45.0,77.0,0.07125554233789444,yellow,0.06185567006468773,31.0,0.12065109014511108,0.2981049696604411,12.449577331542969,11.483589172363281,142.9658314450062,-0.0001233816146850586,-6.785392761227138e-05,0.00028161802736830345,-0.9688176608760841,0.9997090258497686
video_08,q065,a person wearing yellow shorts,241.5,0.2521977722644806,0.09899204224348068,-0.7977542281150818,-0.18226516246795654,-0.4130735397338867,32.34447479248047,65.7841796875,44.770118713378906,77.35806274414062,97,33.0,67.0,45.0,77.0,0.07080154865980148,yellow,0.030927835032343864,31.0,0.12049155235290528,0.29821300506591797,12.425643920898438,11.573883056640625,143.812949643936,-0.00015953779220580222,0.00010803540547688062,0.0003853515588573932,0.8471181989298202,0.9997081768608274
video_08,q065,a person wearing yellow shorts,242.0,0.2640584111213684,0.09745985269546509,-0.7343447208404541,-0.23226679861545563,-0.4205460250377655,32.44243240356445,65.79072570800781,44.80717086791992,77.23944854736328,97,33.0,67.0,45.0,77.0,0.07271185517311096,yellow,0.06185567006468773,31.0,0.12070250511169434,0.2979795296986898,12.364738464355469,11.448722839355469,141.56046365952352,0.00021095275878905972,-0.0002334753672281753,0.0006293228536865526,-2.2524859844124876,0.9997051659982266
video_08,q065,a person wearing yellow shorts,242.5,0.2707381844520569,0.08956089615821838,-0.6986331939697266,-0.49004223942756653,-0.5682638883590698,32.381431579589844,65.80368041992188,44.84698486328125,77.33415985107422,97,33.0,67.0,45.0,77.0,0.06454670429229736,yellow,0.04123711213469505,31.0,0.12066940069198609,0.29820383389790855,12.465553283691406,11.530479431152344,143.73380573553732,-3.31044197082464e-05,0.0002243041992187611,0.0004534678660782455,2.173342076013796,0.999703763757403
video_08,q065,a person wearing yellow shorts,243.0,0.409006267786026,0.03220907226204872,0.04057741537690163,-2.361668109893799,-1.4608259201049805,283.333251953125,97.68375396728516,318.00164794921875,140.67767333984375,694,284.0,99.0,317.0,139.0,0.043378643691539764,yellow,0.0,32.0,0.9395857810974121,0.4965863068898519,34.66839599609375,42.993919372558594,1490.5302222319879,,,,,
video_08,q065,a person wearing yellow shorts,243.5,0.4176155626773834,0.037977054715156555,0.086604543030262,-2.1734349727630615,-1.3259202241897583,285.03411865234375,100.2440185546875,319.39923095703125,143.67129516601562,706,287.0,102.0,317.0,140.0,0.0372152179479599,yellow,0.0,32.0,0.9444271087646484,0.5081569035847981,34.3651123046875,43.427276611328125,1492.3832378350198,0.004841327667236328,0.011570596694946256,0.025085227641673827,1.853015603031963,0.9755286419458163
video_08,q065,a person wearing yellow shorts,244.0,0.41807276010513306,0.05540835112333298,0.08904881775379181,-1.6045801639556885,-0.9694692492485046,288.246337890625,100.21470642089844,317.9366455078125,144.89175415039062,666,290.0,101.0,315.0,141.0,0.03351175785064697,yellow,0.0,32.0,0.9471609115600585,0.5106384595235188,29.6903076171875,44.67704772949219,1326.4752905163914,0.002733802795410134,0.002481555938720681,0.007384252867065738,-165.90794731862843,0.9840246159560475
video_08,q065,a person wearing yellow shorts,244.5,0.3352139890193939,0.03563562408089638,-0.35393184423446655,-2.2498457431793213,-1.5388779640197754,291.6855773925781,100.24054718017578,319.75885009765625,142.30081176757812,598,293.0,101.0,320.0,141.0,0.05194586515426636,yellow,0.0,32.0,0.9553819179534913,0.5052944978078207,28.073272705078125,42.060264587402344,1180.7692778098863,0.008221006393432706,-0.005343961715698176,0.019610494429229387,-145.70601270650513,0.9829362351689269
video_08,q065,a person wearing yellow shorts,245.0,0.4545493423938751,0.04326924309134483,0.28406038880348206,-2.0007290840148926,-1.1439329385757446,292.7669677734375,105.62193298339844,319.8818664550781,149.8348388671875,559,294.0,107.0,319.0,147.0,0.02801181934773922,yellow,0.0,32.0,0.9572638034820556,0.5322016080220541,27.114898681640625,44.21290588378906,1198.828463459853,0.0018818855285643865,0.02690711021423342,0.053945679093826394,18.05918564996682,0.9741780341952596
video_08,q065,a person wearing yellow shorts,245.5,0.26554450392723083,0.09130004048347473,-0.7263997197151184,-0.43328678607940674,-0.543204128742218,32.38141632080078,65.728759765625,44.9211540222168,77.32044219970703,96,33.0,67.0,45.0,77.0,0.060849063098430634,yellow,0.0520833320915699,33.0,0.12078526616096497,0.2980191707611084,12.539737701416016,11.591682434082031,145.35665724150022,,,,,
video_08,q065,a person wearing yellow shorts,246.0,0.2715698480606079,0.09883730858564377,-0.6941869854927063,-0.18731474876403809,-0.37739184498786926,32.37902069091797,65.76567077636719,44.898216247558594,77.34953308105469,97,33.0,67.0,45.0,77.0,0.07518619298934937,yellow,0.05154639109969139,33.0,0.12074568271636962,0.29815667470296225,12.519195556640625,11.5838623046875,145.02063749358058,-3.9583444595342465e-05,0.00013750394185385595,0.00028617605148845805,-0.33601974791963585,0.9997139058218137
video_08,q065,a person wearing yellow shorts,246.5,0.27009230852127075,0.10265088081359863,-0.7020862102508545,-0.06286220997571945,-0.30257120728492737,32.365028381347656,65.75701904296875,44.9072265625,77.34991455078125,97,33.0,67.0,45.0,77.0,0.07449647039175034,yellow,0.05154639109969139,33.0,0.12073789834976197,0.29813944498697914,12.542198181152344,11.5928955078125,145.4003929523751,-7.784366607657689e-06,-1.7229715983113625e-05,3.781319750252164e-05,0.3797554587945342,0.9998380316135125
video_08,q065,a person wearing yellow shorts,247.0,0.2728287875652313,0.10221947729587555,-0.6874564290046692,-0.07694067806005478,-0.30588409304618835,32.36601257324219,65.77378845214844,44.87943649291992,77.39665222167969,97,33.0,67.0,45.0,77.0,0.07339528203010559,yellow,0.05154639109969139,33.0,0.1206960141658783,0.29827175140380857,12.513423919677734,11.62286376953125,145.44182150880806,-4.188418388366422e-05,0.00013230641682943078,0.00027755556412252796,0.041428556432947516,0.9997995252604754
video_08,q065,a person wearing yellow shorts,247.5,0.2714184522628784,0.10278020799160004,-0.6949963569641113,-0.05864173173904419,-0.29727470874786377,32.44917297363281,65.76378631591797,44.798492431640625,77.26421356201172,95,33.0,67.0,45.0,77.0,0.07134495675563812,yellow,0.021052632480859756,33.0,0.12069947719573974,0.29797499974568686,12.349319458007812,11.50042724609375,142.02244996558875,3.4630298614418686e-06,-0.0002967516581217078,0.0005935437277026998,-3.419371543219313,0.9997013171029228
video_08,q065,a person wearing yellow shorts,248.0,0.3173958659172058,0.048685312271118164,-0.44919130206108093,-1.8239805698394775,-1.3084346055984497,292.2597961425781,100.59857940673828,319.91632080078125,145.0241241455078,632,294.0,101.0,320.0,143.0,0.04639575630426407,yellow,0.0,34.0,0.956525182723999,0.511713965733846,27.656524658203125,44.42554473876953,1228.6561735218856,,,,,
video_08,q065,a person wearing yellow shorts,248.5,0.2753058969974518,0.09658783674240112,-0.6742132306098938,-0.260724276304245,-0.415782630443573,32.31636428833008,65.75692749023438,44.82622146606445,77.3474349975586,96,33.0,67.0,45.0,77.0,0.07168932259082794,yellow,0.0520833320915699,35.0,0.12053529024124146,0.29813408851623535,12.509857177734375,11.590507507324219,144.99559353408404,,,,,
video_08,q065,a person wearing yellow shorts,249.0,0.25410038232803345,0.10411913692951202,-0.7875824570655823,-0.014946977607905865,-0.3046852946281433,32.32059097290039,65.74959564208984,44.78419494628906,77.30487060546875,96,33.0,67.0,45.0,77.0,0.07782530784606934,yellow,0.0416666679084301,35.0,0.12047622799873352,0.29803013801574707,12.463603973388672,11.555274963378906,144.02037094716798,-5.90622425079429e-05,-0.00010395050048828125,0.00023911549545632728,-0.9752225869160611,0.9997609416670953
video_08,q065,a person wearing yellow shorts,249.5,0.47065994143486023,0.0441167950630188,0.3701910972595215,-1.9730700254440308,-1.0943470001220703,284.25701904296875,88.57391357421875,309.6245422363281,132.3619384765625,530,285.0,89.0,307.0,131.0,0.053005650639534,yellow,0.0,36.0,0.9279399394989014,0.4602830251057943,25.367523193359375,43.78802490234375,1110.793737301603,,,,,
video_08,q065,a person wearing yellow shorts,250.0,0.25942373275756836,0.092141292989254,-0.7591226696968079,-0.40583327412605286,-0.5383168458938599,32.375484466552734,65.77737426757812,44.94147872924805,77.33830261230469,97,33.0,67.0,45.0,77.0,0.07082103192806244,yellow,0.06185567006468773,37.0,0.12080775499343872,0.29815766016642253,12.565994262695312,11.560928344726562,145.2745592512656,,,,,
video_08,q065,a person wearing yellow shorts,250.5,0.26488766074180603,0.09284546971321106,-0.7299113869667053,-0.38285309076309204,-0.512999951839447,32.33723068237305,65.78126525878906,44.98206329345703,77.43475341796875,98,33.0,67.0,45.0,77.0,0.06837019324302673,yellow,0.06122449040412903,37.0,0.12081139683723449,0.2983667055765788,12.644832611083984,11.653488159179688,147.35640710807638,3.6418437957680405e-06,0.0002090454101562611,0.0004181542611698807,2.081847856810782,0.9995820205187314
video_08,q065,a person wearing yellow shorts,251.0,0.26215192675590515,0.10517425835132599,-0.7445371747016907,0.019485972821712494,-0.2670227289199829,32.43022918701172,65.81808471679688,44.880977630615234,77.38745880126953,97,33.0,67.0,45.0,77.0,0.07044017314910889,yellow,0.04123711213469505,37.0,0.12079876065254211,0.298344882329305,12.450748443603516,11.569374084472656,144.04736637571477,-1.2636184692382812e-05,-2.1823247273788926e-05,5.043519743801725e-05,-3.309040732361609,0.9997657601518579
video_08,q065,a person wearing yellow shorts,251.5,0.3164905607700348,0.04049675539135933,-0.4540312588214874,-2.0912070274353027,-1.4772661924362183,289.03741455078125,87.50753784179688,315.2356262207031,128.28941345214844,556,289.0,88.0,314.0,131.0,0.049397896975278854,yellow,0.0,38.0,0.9441766262054443,0.4495769818623861,26.198211669921875,40.78187561035156,1068.4122095364146,,,,,
video_08,q065,a person wearing yellow shorts,252.0,0.4596647024154663,0.04412553459405899,0.3114081919193268,-1.9727848768234253,-1.1162123680114746,290.7516784667969,87.74932098388672,318.11590576171875,127.28558349609375,557,290.0,89.0,318.0,127.0,0.03225346654653549,yellow,0.0035906643606722355,38.0,0.9513556003570557,0.44798938433329266,27.364227294921875,39.53626251220703,1081.8792737757321,0.007178974151611395,-0.0015875975290934319,0.014704847606675578,13.467064239317551,0.9855082513487946
video_08,q065,a person wearing yellow shorts,252.5,0.4187464118003845,0.04487624019384384,0.09265030175447464,-1.9482862949371338,-1.1829349994659424,291.28125,88.50566864013672,319.3819885253906,132.26577758789062,684,289.0,89.0,318.0,133.0,0.043376773595809937,yellow,0.0,38.0,0.9541613101959229,0.45994051297505695,28.100738525390625,43.760108947753906,1229.6913793834392,0.0028057098388671875,0.011951128641764286,0.024552106509374286,147.81210560770705,0.9807493832315671
video_08,q065,a person wearing yellow shorts,253.0,0.42475056648254395,0.04652123153209686,0.1247497946023941,-1.8946034908294678,-1.1373460292816162,291.52490234375,90.1403579711914,318.76318359375,127.94249725341797,549,293.0,91.0,318.0,126.0,0.043624795973300934,yellow,0.0,38.0,0.9535751342773438,0.4543392817179362,27.23828125,37.80213928222656,1029.6653016209602,-0.0005861759185791238,-0.005601231257120753,0.011263639518959867,-200.02607776247896,0.9834386977290295
video_08,q065,a person wearing yellow shorts,253.5,0.2926105856895447,0.04309716820716858,-0.5816987156867981,-2.006344795227051,-1.4721025228500366,291.27020263671875,91.2358627319336,319.5154724121094,142.22682189941406,604,293.0,93.0,319.0,136.0,0.05660167336463928,yellow,0.0,38.0,0.954352617263794,0.4863805929819743,28.245269775390625,50.99095916748047,1440.2533977914136,0.0007774829864501953,0.032041311264038086,0.06410148539037745,410.58809617045335,0.9721427443823621
video_08,q065,a person wearing yellow shorts,254.0,0.40143194794654846,0.045774951577186584,8.348869596375152e-05,-1.9189575910568237,-1.1993170976638794,291.72320556640625,91.62606048583984,318.74169921875,127.44140625,530,293.0,93.0,318.0,127.0,0.04354570060968399,yellow,0.0,38.0,0.9538514137268066,0.45639055569966636,27.01849365234375,35.815345764160156,967.6766921854578,-0.0005012035369873491,-0.029990037282307924,0.05998845026101968,-472.5767056059558,0.9662562953678978
video_08,q065,a person wearing yellow shorts,254.5,0.4050425887107849,0.048961132764816284,0.019386744126677513,-1.8149794340133667,-1.1270921230316162,291.6494140625,91.40837097167969,318.824462890625,127.50360107421875,552,293.0,92.0,318.0,127.0,0.04331820458173752,yellow,0.0,38.0,0.9538654327392578,0.4560666084289551,27.175048828125,36.09523010253906,980.8896404989064,1.4019012451238488e-05,-0.0003239472707112778,0.0006485009388162639,13.212948313448578,0.97161916133924
video_08,q065,a person wearing yellow shorts,255.0,0.2510847747325897,0.10090486705303192,-0.803704559803009,-0.11984182149171829,-0.37629035115242004,32.34575653076172,65.77302551269531,44.94062423706055,77.29339599609375,97,33.0,67.0,45.0,77.0,0.07089711725711823,yellow,0.020618556067347527,39.0,0.1207599699497223,0.2980550448099772,12.594867706298828,11.520370483398438,145.0975421659532,,,,,
video_08,q065,a person wearing yellow shorts,255.5,0.2568558156490326,0.09722568094730377,-0.7728513479232788,-0.23990878462791443,-0.4397622346878052,32.38010025024414,65.78848266601562,44.92921829223633,77.31199645996094,97,33.0,67.0,45.0,77.0,0.0688888356089592,yellow,0.030927835032343864,39.0,0.12079581022262573,0.29812599817911783,12.549118041992188,11.523513793945312,144.60993485874496,3.584027290343128e-05,7.09533691406472e-05,0.00015898309034864528,-0.4876073072082363,0.9998410421812567
video_08,q065,a person wearing yellow shorts,256.0,0.4275455176830292,0.050565119832754135,0.13969220221042633,-1.7626347541809082,-1.0492620468139648,291.1988220214844,92.52579498291016,318.3697814941406,128.05824279785156,529,292.0,94.0,318.0,126.0,0.04791396111249924,yellow,0.0,40.0,0.952450942993164,0.45955007870992026,27.17095947265625,35.532447814941406,965.4506995440461,,,,,
video_08,q065,a person wearing yellow shorts,256.5,0.3059845566749573,0.052751366049051285,-0.5101985931396484,-1.6912884712219238,-1.2483797073364258,289.5939636230469,93.24531555175781,318.1612854003906,140.16896057128906,651,289.0,95.0,317.0,134.0,0.04299010708928108,yellow,0.0,40.0,0.949617576599121,0.4862797419230143,28.56732177734375,46.92364501953125,1340.4828662388027,-0.0028333663940429688,0.026729663213094057,0.05375882664673126,375.0321666947566,0.9489837472414798
video_08,q065,a person wearing yellow shorts,257.0,0.4775228202342987,0.04152379184961319,0.40688151121139526,-2.057690382003784,-1.1334760189056396,290.4616394042969,93.68306732177734,317.54779052734375,128.4961395263672,532,291.0,95.0,317.0,127.0,0.041505903005599976,yellow,0.0,40.0,0.9500147342681885,0.46287334760030113,27.086151123046875,34.813072204589844,942.9521347910631,0.0003971576690674494,-0.023406394322713187,0.04681952709733148,-397.5307314477395,0.9521187326505617
video_08,q065,a person wearing yellow shorts,257.5,0.2895772159099579,0.04500040411949158,-0.597915768623352,-1.9442342519760132,-1.4393647909164429,289.4691162109375,92.24662017822266,318.12445068359375,141.43479919433594,687,289.0,94.0,317.0,135.0,0.04730743169784546,yellow,0.0,40.0,0.9493649482727051,0.48683629035949705,28.65533447265625,49.18817901611328,1409.5037218076177,-0.0006497859954833762,0.023962942759195915,0.047943502063175415,466.55158701655455,0.9528280689767804
video_08,q065,a person wearing yellow shorts,258.0,0.5010619759559631,0.04500950127840042,0.5327268242835999,-1.9439374208450317,-1.0151883363723755,290.4503479003906,93.00331115722656,317.26800537109375,128.982666015625,570,291.0,94.0,317.0,128.0,0.0365896038711071,yellow,0.0,40.0,0.9495599269866943,0.4624707857767741,26.817657470703125,35.97935485839844,964.8820146094076,0.0001949787139892134,-0.024365504582722963,0.04873256940772167,-444.62170719821006,0.953003938948767
video_08,q065,a person wearing yellow shorts,258.5,0.503146231174469,0.049121249467134476,0.5438697338104248,-1.8097541332244873,-0.92714524269104,290.2613525390625,92.9316635131836,317.56256103515625,128.6993408203125,546,292.0,94.0,317.0,127.0,0.04855022951960564,yellow,0.0,40.0,0.9497248649597168,0.46173125902811685,27.30120849609375,35.767677307128906,976.5008155829273,0.00016493797302241653,-0.0007395267486572377,0.00151539347619592,11.618800973519683,0.9617659897200068
video_08,q065,a person wearing yellow shorts,259.0,0.5028294324874878,0.05132180079817772,0.5421760678291321,-1.7379411458969116,-0.8828971982002258,290.2231750488281,91.66313171386719,317.8097839355469,130.357421875,657,289.0,93.0,317.0,132.0,0.035480886697769165,yellow,0.0,40.0,0.9500514984130859,0.46254281997680663,27.58660888671875,38.69429016113281,1067.4442488243803,0.0003266334533691406,0.0008115609486897823,0.0017496520640380019,90.94343324145302,0.9676608594326741
video_08,q065,a person wearing yellow shorts,259.5,0.4860386550426483,0.035556647926568985,0.45240896940231323,-2.252423048019409,-1.2381110191345215,290.67852783203125,90.9041976928711,317.70233154296875,128.46168518066406,600,290.0,92.0,317.0,127.0,0.04484279453754425,yellow,0.0,40.0,0.9505950927734375,0.45701225598653156,27.0238037109375,37.55748748779297,1014.9461697461084,0.0005435943603515625,-0.0055305639902750725,0.011114428978428601,-52.498079078271985,0.9706538209404335
video_08,q065,a person wearing yellow shorts,260.0,0.2877390384674072,0.0421566441655159,-0.6077430248260498,-2.0370378494262695,-1.5010522603988647,290.495361328125,90.82294464111328,317.1051330566406,124.61201477050781,561,292.0,92.0,316.0,125.0,0.03269987553358078,yellow,0.0,40.0,0.9493757724761963,0.4488228321075439,26.609771728515625,33.78907012939453,899.1194430619944,-0.0012193202972411443,-0.008189423878987634,0.016559396783336896,-115.82672668411396,0.9722669013362198
video_08,q065,a person wearing yellow shorts,260.5,0.4855072498321533,0.04849998652935028,0.449567973613739,-1.8300285339355469,-0.9751798510551453,289.76824951171875,87.44878387451172,316.54833984375,131.00521850585938,642,289.0,89.0,316.0,134.0,0.04706555977463722,yellow,0.0,40.0,0.9473696708679199,0.45511250495910643,26.78009033203125,43.556434631347656,1166.4452539687045,-0.0020061016082764116,0.006289672851562511,0.013203700730084986,267.3258109067101,0.9738787331267172
video_08,q065,a person wearing yellow shorts,261.0,0.2816143333911896,0.0376443974673748,-0.640487015247345,-2.184290885925293,-1.605364441871643,290.0317077636719,87.60066986083984,319.7935791015625,125.90137481689453,696,291.0,88.0,320.0,125.0,0.0354093573987484,yellow,0.0,40.0,0.9528520107269287,0.4447959264119466,29.761871337890625,38.30070495605469,1139.9006530526094,0.005482339859008811,-0.010316578547159838,0.02336560234613226,-26.544600916095078,0.9742066514423169
video_08,q065,a person wearing yellow shorts,261.5,0.3567315340042114,0.04685173183679581,-0.23889444768428802,-1.8838177919387817,-1.2669715881347656,290.776611328125,88.14784240722656,318.9504699707031,137.85150146484375,768,289.0,89.0,319.0,135.0,0.04955287277698517,yellow,0.0013020833721384406,40.0,0.9526985645294189,0.47083196640014646,28.173858642578125,49.70365905761719,1400.3438643082045,-0.00015344619750978783,0.026036039988199866,0.0520729843201894,260.4432112555951,0.9720031645273931
video_08,q065,a person wearing yellow shorts,262.0,0.3019099235534668,0.054073262959718704,-0.5319824814796448,-1.6481496095657349,-1.2295869588851929,291.4446105957031,88.7872543334961,319.2834167480469,126.22895812988281,651,293.0,89.0,320.0,126.0,0.04983781650662422,yellow,0.0,40.0,0.9542625427246094,0.44795044263203937,27.83880615234375,37.44170379638672,1042.332334001083,0.0015639781951904963,-0.022881523768107093,0.04586982266133067,-358.0115303071216,0.9706613241482076
video_08,q065,a person wearing yellow shorts,262.5,0.4144010543823242,0.044700540602207184,0.06941909343004227,-1.9540200233459473,-1.19523024559021,291.70574951171875,89.1745376586914,318.4884338378906,126.44060516357422,555,292.0,90.0,317.0,126.0,0.05007117986679077,yellow,0.0,40.0,0.9534284114837647,0.4491982142130534,26.782684326171875,37.26606750488281,998.0853220610879,-0.0008341312408447488,0.0012477715810140233,0.0030018053536759745,-44.24701193999499,0.9726383942031893
video_08,q065,a person wearing yellow shorts,263.0,0.49485570192337036,0.047643862664699554,0.4995467960834503,-1.8579673767089844,-0.9738995432853699,290.52154541015625,90.16069030761719,317.76544189453125,128.82571411132812,603,290.0,91.0,317.0,131.0,0.03788658231496811,yellow,0.0,40.0,0.9504484176635742,0.4562216758728027,27.243896484375,38.66502380371094,1053.385906074196,-0.0029799938201904297,0.007023461659749319,0.015259013972644736,55.300584013108164,0.9735089965502545
video_08,q065,a person wearing yellow shorts,263.5,0.454825758934021,0.048978738486766815,0.2855381667613983,-1.814404845237732,-1.0269262790679932,290.8842468261719,90.56134033203125,317.4423522949219,128.52713012695312,580,290.0,92.0,317.0,130.0,0.029472455382347107,yellow,0.0,40.0,0.950510311126709,0.45643431345621743,26.55810546875,37.965789794921875,1008.2994495779276,6.189346313478783e-05,0.00021263758341472094,0.0004429245654025965,-45.08645649626851,0.9752032374449351
video_08,q065,a person wearing yellow shorts,264.0,0.48515257239341736,0.04404454678297043,0.4476718008518219,-1.9754278659820557,-1.0667654275894165,290.06170654296875,86.9734878540039,317.6092834472656,130.80517578125,687,289.0,88.0,316.0,133.0,0.04410896077752113,yellow,0.0,40.0,0.9494859218597412,0.4537055492401123,27.547576904296875,43.831687927246094,1207.4567940209527,-0.0010243892669677956,-0.0027287642161051284,0.005829417644113228,199.15734444302507,0.9763695044469484
video_08,q065,a person wearing yellow shorts,264.5,0.260052889585495,0.04654368758201599,-0.755759060382843,-1.8938705921173096,-1.467078685760498,290.1588439941406,84.55517578125,318.32598876953125,140.2947235107422,804,290.0,86.0,316.0,134.0,0.05041603371500969,yellow,0.0,40.0,0.9507575511932373,0.46843729019165037,28.167144775390625,55.73954772949219,1570.0239106114022,0.001271629333496116,0.014731740951538064,0.029573043984347056,362.5671165904496,0.9760684319622868
video_08,q065,a person wearing yellow shorts,265.0,0.49043384194374084,0.036299850791692734,0.4759065806865692,-2.2281689643859863,-1.21414053440094,293.4945373535156,83.7175064086914,319.811767578125,144.22265625,666,293.0,85.0,319.0,134.0,0.05433907359838486,yellow,0.0,40.0,0.9582911014556885,0.4748753388722738,26.317230224609375,60.505149841308594,1592.3279581482057,0.007533550262451172,0.0064380486806234205,0.01981947026244194,22.30404753680341,0.9763171980603793
video_08,q065,a person wearing yellow shorts,265.5,0.32855844497680664,0.04749664291739464,-0.3895137906074524,-1.86277174949646,-1.3103001117706299,292.9824523925781,83.27135467529297,319.8172302246094,129.50787353515625,587,295.0,85.0,318.0,128.0,0.04777944087982178,yellow,0.0,40.0,0.9574995040893555,0.4432900587717692,26.83477783203125,46.23651885986328,1240.746711330954,-0.0007915973663330522,-0.0315852801005046,0.06319039627721026,-351.58124681725167,0.97436789464036
video_08,q065,a person wearing yellow shorts,266.0,0.27114686369895935,0.09814178943634033,-0.6964483261108398,-0.21001240611076355,-0.39242589473724365,32.34347152709961,65.75662231445312,44.84702682495117,77.38851165771484,96,33.0,67.0,45.0,77.0,0.07191470265388489,yellow,0.0520833320915699,41.0,0.12061015367507935,0.29821902910868325,12.503555297851562,11.631889343261719,145.4399716219632,,,,,
video_08,q065,a person wearing yellow shorts,266.5,0.27824753522872925,0.10253947973251343,-0.6584866046905518,-0.06649768352508545,-0.2884935140609741,32.362701416015625,65.75496673583984,44.938602447509766,77.33108520507812,97,33.0,67.0,45.0,77.0,0.07395432889461517,yellow,0.05154639109969139,41.0,0.12078328728675843,0.2980959415435791,12.57590103149414,11.576118469238281,145.58012019799207,0.00017313361167907437,-0.00012308756510415186,0.0004248566637175853,0.14014857602887787,0.9995753237628118
video_08,q065,a person wearing yellow shorts,267.0,0.260875940322876,0.09811784327030182,-0.7513588666915894,-0.2107938677072525,-0.4135057330131531,32.330989837646484,65.79457092285156,44.9119987487793,77.28173828125,97,33.0,67.0,45.0,77.0,0.0654701367020607,yellow,0.06185567006468773,41.0,0.12069216966629029,0.2980756441752116,12.581008911132812,11.487167358398438,144.5201548996847,-9.111762046813687e-05,-2.029736836750562e-05,0.00018670194345449812,-1.059965298307361,0.9996943141688145
video_08,q065,a person wearing yellow shorts,267.5,0.43528708815574646,0.04183965176343918,0.18108028173446655,-2.0473825931549072,-1.2117090225219727,291.9126892089844,90.4543685913086,319.97210693359375,145.18374633789062,687,293.0,92.0,320.0,144.0,0.04134223610162735,yellow,0.0,42.0,0.9560699939727784,0.4909127394358317,28.059417724609375,54.72937774658203,1535.6744719992857,,,,,
video_08,q065,a person wearing yellow shorts,268.0,0.2653887867927551,0.09656870365142822,-0.7272322177886963,-0.2613486647605896,-0.4360550045967102,32.330101013183594,65.7554702758789,44.995731353759766,77.40931701660156,99,33.0,67.0,45.0,77.0,0.07224226742982864,yellow,0.04040404036641121,43.0,0.120821613073349,0.298259973526001,12.665630340576172,11.653846740722656,147.6033148637216,,,,,
video_08,q065,a person wearing yellow shorts,268.5,0.39786607027053833,0.053016409277915955,-0.01898045279085636,-1.6826391220092773,-1.0587670803070068,301.360595703125,117.89826202392578,320.0558776855469,169.948974609375,477,303.0,121.0,320.0,169.0,-0.012742302380502224,yellow,0.0,44.0,0.9709632396697998,0.5996817429860433,18.695281982421875,52.05071258544922,973.1027491709683,,,,,
video_08,q065,a person wearing yellow shorts,269.0,0.25764280557632446,0.09802654385566711,-0.7686439156532288,-0.21377333998680115,-0.4218498170375824,32.484039306640625,65.73300170898438,44.95106506347656,77.31748962402344,95,33.0,67.0,45.0,77.0,0.06313738971948624,yellow,0.05263157933950424,45.0,0.12099235057830811,0.29802185694376626,12.467025756835938,11.584487915039062,144.42410921654664,,,,,
video_08,q065,a person wearing yellow shorts,269.5,0.26494836807250977,0.09442934393882751,-0.7295868396759033,-0.33116474747657776,-0.48057302832603455,32.37451171875,65.72111511230469,44.87495422363281,77.28250885009766,97,33.0,67.0,45.0,77.0,0.0692829042673111,yellow,0.05154639109969139,45.0,0.12070229053497314,0.29792421658833823,12.500442504882812,11.561393737792969,144.5225376955932,-0.00029006004333496926,-9.764035542803029e-05,0.0006121060945541919,0.09842847904656082,0.9993882683501171
video_08,q065,a person wearing yellow shorts,270.0,0.284071147441864,0.10572953522205353,-0.6273523569107056,0.03760693967342377,-0.21175280213356018,32.41218566894531,65.71761322021484,44.855690002441406,77.40180206298828,98,33.0,67.0,45.0,77.0,0.06594489514827728,yellow,0.051020409911870956,45.0,0.12073105573654175,0.2981654485066732,12.443504333496094,11.684188842773438,145.39225449843798,2.8765201568609067e-05,0.00024123191833497204,0.0004858817767517252,0.8697168028447777,0.9994513072933157
video_08,q065,a person wearing yellow shorts,270.5,0.2886599600315094,0.10272344946861267,-0.602819561958313,-0.06049399822950363,-0.2638660967350006,32.41703796386719,65.73375701904297,44.86347198486328,77.35424041748047,97,33.0,67.0,45.0,77.0,0.07098151743412018,yellow,0.05154639109969139,45.0,0.12075079679489135,0.29809999465942383,12.446434020996094,11.6204833984375,144.6335799107328,1.97410583496066e-05,-6.545384724937486e-05,0.00013673208115884246,-0.7586745877051726,0.9995885960054186
video_08,q065,a person wearing yellow shorts,271.0,0.2871706187725067,0.09812061488628387,-0.6107819080352783,-0.21070341765880585,-0.3607328534126282,32.412445068359375,65.73392486572266,44.87397766113281,77.3211669921875,97,33.0,67.0,45.0,77.0,0.07444973289966583,yellow,0.04123711213469505,45.0,0.12076003551483154,0.29803144137064613,12.461532592773438,11.587242126464844,144.39479541929904,9.238719940185547e-06,-6.855328877769518e-05,0.0001383460494321576,-0.23878449143376201,0.9996568512909821
video_08,q065,a person wearing yellow shorts,271.5,0.2917756140232086,0.10076010227203369,-0.5861626267433167,-0.12456608563661575,-0.2976647913455963,32.448448181152344,65.72976684570312,44.78031539916992,77.3780746459961,95,33.0,67.0,45.0,77.0,0.06923435628414154,yellow,0.021052632480859756,45.0,0.12066994309425354,0.29814133644104,12.331867218017578,11.648307800292969,143.6453851078113,-9.009242057800293e-05,0.00010989507039388391,0.000284208168372976,-0.7494103114877362,0.9996686549918506
video_08,q065,a person wearing yellow shorts,272.0,0.2884863018989563,0.09410488605499268,-0.6037480235099792,-0.34175315499305725,-0.4400012195110321,32.39788055419922,65.73570251464844,44.78794860839844,77.30352783203125,97,33.0,67.0,45.0,77.0,0.07381251454353333,yellow,0.020618556067347527,45.0,0.12060285806655884,0.2979983965555827,12.390068054199219,11.567825317382812,143.32614292146172,-6.708502769470215e-05,-0.00014293988545732716,0.0003157987447432479,-0.3192421863495838,0.9996712626179687
video_08,q065,a person wearing yellow shorts,272.5,0.30148082971572876,0.09980165958404541,-0.5342764854431152,-0.15584401786327362,-0.2977561950683594,32.409393310546875,65.74508666992188,44.806880950927734,77.13886260986328,97,33.0,67.0,45.0,77.0,0.07322757691144943,yellow,0.020618556067347527,45.0,0.12065042853355408,0.29767489433288574,12.39748764038086,11.393775939941406,141.2541963926924,4.757046699524481e-05,-0.0003235022226969475,0.0006539621928521895,-2.071946528769331,0.9996248500605995
video_08,q065,a person wearing yellow shorts,273.0,0.29414641857147217,0.09566937386989594,-0.5734878182411194,-0.29069748520851135,-0.39674386382102966,32.41310119628906,65.76753997802734,44.83527755737305,77.22189331054688,94,33.0,67.0,45.0,77.0,0.06856581568717957,yellow,0.06382978707551956,45.0,0.12070059180259704,0.29789465268452964,12.422176361083984,11.454353332519531,142.28799719872768,5.016326904296042e-05,0.000219758351643895,0.00045082185696045503,1.0338008060352877,0.9996154158412758
video_08,q065,a person wearing yellow shorts,273.5,0.28383752703666687,0.09381170570850372,-0.6286013722419739,-0.3513208329677582,-0.45530104637145996,32.37779235839844,65.73286437988281,44.877845764160156,77.27198791503906,97,33.0,67.0,45.0,77.0,0.0704028382897377,yellow,0.06185567006468773,45.0,0.1207119345664978,0.29792677561442055,12.500053405761719,11.53912353515625,144.2396604451351,1.1342763900759611e-05,3.212292989090981e-05,6.81334255027496e-05,1.9516632464074064,0.9996505676578291
video_08,q065,a person wearing yellow shorts,274.0,0.29236364364624023,0.09352870285511017,-0.5830188989639282,-0.36055639386177063,-0.44397982954978943,32.301422119140625,65.72940826416016,44.931846618652344,77.30308532714844,98,33.0,67.0,45.0,77.0,0.06977417320013046,yellow,0.06122449040412903,45.0,0.12067698240280152,0.29798436164855957,12.630424499511719,11.573677062988281,146.18045432580402,-3.495216369628351e-05,5.75860341390233e-05,0.00013472646473373457,1.9407938806689344,0.9996720359102255
video_08,q065,a person wearing yellow shorts,274.5,0.2933967113494873,0.09044148027896881,-0.5774959325790405,-0.4613051414489746,-0.5048766732215881,32.34198760986328,65.74510192871094,44.87704849243164,77.3045425415039,97,33.0,67.0,45.0,77.0,0.06873839348554611,yellow,0.020618556067347527,45.0,0.12065474390983581,0.29802009264628093,12.53506088256836,11.559440612792969,144.89829184979317,-2.2238492965703793e-05,3.573099772136157e-05,8.41725553265339e-05,-1.2821624760108534,0.9996941945082973
video_08,q065,a person wearing yellow shorts,275.0,0.2805328369140625,0.10358963906764984,-0.646268904209137,-0.032226670533418655,-0.26249250769615173,32.43567657470703,65.74922180175781,44.92424011230469,77.32645416259766,98,33.0,67.0,45.0,77.0,0.06692840158939362,yellow,0.051020409911870956,45.0,0.12087486982345581,0.29807432492574054,12.488563537597656,11.577232360839844,144.5830019278801,0.00022012591362000067,5.423227945960951e-05,0.0004534161796073236,-0.31528992191306315,0.999681909081528
video_08,q065,a person wearing yellow shorts,275.5,0.28137028217315674,0.09663767367601395,-0.6417917609214783,-0.2590978741645813,-0.40260806679725647,32.37594223022461,65.73493194580078,44.92390060424805,77.434326171875,98,33.0,67.0,45.0,77.0,0.06754215061664581,yellow,0.040816325694322586,45.0,0.12078100442886353,0.2982692877451579,12.547958374023438,11.699394226074219,146.80351175006945,-9.386539459228793e-05,0.0001949628194173325,0.0004327642002620888,2.2205098221893422,0.9996731015290735
video_08,q065,a person wearing yellow shorts,276.0,0.0,,-2.146057367324829,,-2.146057367324829,,,,,0,,,,,,yellow,,,,,,,,,,,,
video_08,q065,a person wearing yellow shorts,276.5,0.28556495904922485,0.046056702733039856,-0.6193661093711853,-1.9097628593444824,-1.4258641004562378,-0.12736201286315918,178.18634033203125,26.303863525390625,211.38796997070312,403,0.0,181.0,25.0,210.0,0.02063462883234024,yellow,0.08436724543571472,46.0,0.040900783613324165,0.8116131464640299,26.431225538253784,33.201629638671875,877.5597612173078,,,,,
video_08,q065,a person wearing yellow shorts,277.0,0.37756821513175964,0.029072782024741173,-0.1274971067905426,-2.4640181064605713,-1.587822675704956,0.011849403381347656,172.54014587402344,32.93431854248047,210.53126525878906,812,0.0,173.0,32.0,210.0,0.021068211644887924,yellow,0.13669951260089874,46.0,0.05147838741540909,0.7980654398600261,32.92246913909912,37.991119384765625,1250.7614555047767,0.010577603802084924,-0.01354770660400384,0.034375925088471475,373.20169428746885,0.9667665069780784
video_08,q065,a person wearing yellow shorts,277.5,0.2768499255180359,0.10004939883947372,-0.6659585237503052,-0.14775925874710083,-0.34208399057388306,32.309444427490234,65.763916015625,44.81364822387695,77.37091827392578,96,33.0,67.0,45.0,77.0,0.07234559953212738,yellow,0.0833333358168602,47.0,0.12050483226776124,0.2981975714365641,12.504203796386719,11.607002258300781,145.13632170291385,,,,,
video_08,q065,a person wearing yellow shorts,278.0,0.2779403328895569,0.09868182986974716,-0.6601290106773376,-0.19238866865634918,-0.3677912950515747,32.4259147644043,65.79695892333984,44.789276123046875,77.36418914794922,95,33.0,67.0,45.0,77.0,0.07198192179203033,yellow,0.04210526496171951,47.0,0.12064873576164245,0.29825239181518554,12.363361358642578,11.567230224609375,143.00984718545806,0.00014390349388121448,5.482037862142297e-05,0.00030798369738294204,-2.12647451745579,0.9996921111273704
video_08,q065,a person wearing yellow shorts,278.5,0.3024325668811798,0.09990033507347107,-0.5291882753372192,-0.15262383222579956,-0.29383549094200134,32.507572174072266,65.8794937133789,44.79049301147461,77.22081756591797,93,33.0,67.0,45.0,77.0,0.0659746453166008,yellow,0.05376344174146652,47.0,0.12077822685241699,0.2981256484985352,12.282920837402344,11.341323852539062,139.30458307208028,0.00012949109077453613,-0.00012674331665035732,0.0003623910093007932,-3.7052641133777797,0.999664924959574
video_08,q065,a person wearing yellow shorts,279.0,0.3188280761241913,0.09844130277633667,-0.4415343999862671,-0.20023804903030396,-0.29072415828704834,32.52109909057617,65.87438201904297,44.77513885498047,77.20625305175781,93,33.0,67.0,45.0,77.0,0.06846027076244354,yellow,0.05376344174146652,47.0,0.12077537178993225,0.29808465639750165,12.254039764404297,11.331871032714844,138.86119823998888,-2.85506248473566e-06,-4.0992101033532347e-05,8.218281399258774e-05,-0.4433848320913967,0.9997492104043068
video_08,q065,a person wearing yellow shorts,279.5,0.29803159832954407,0.09835407137870789,-0.5527167916297913,-0.2030847668647766,-0.3341967761516571,32.450531005859375,65.81470489501953,44.84973907470703,77.25225830078125,94,33.0,67.0,45.0,77.0,0.06689713150262833,yellow,0.05319149047136307,47.0,0.12078167200088501,0.29805617332458495,12.399208068847656,11.437553405761719,141.8166044765967,6.3002109527560135e-06,-2.8483072916696273e-05,5.834305788444975e-05,2.955406236607814,0.9997973159445143
video_08,q065,a person wearing yellow shorts,280.0,0.29881659150123596,0.10903793573379517,-0.5485200881958008,0.14557364583015442,-0.11471150815486908,32.42172622680664,65.81636810302734,44.742431640625,77.3084945678711,96,33.0,67.0,45.0,77.0,0.055294543504714966,yellow,0.0416666679084301,47.0,0.12056899666786194,0.2981767972310384,12.32070541381836,11.49212646484375,141.59110475168563,-0.00021267533302306296,0.00012062390645345422,0.0004890027569843034,-0.22549972491106018,0.9997400869052707
video_08,q065,a person wearing yellow shorts,280.5,0.2525492012500763,0.10280787944793701,-0.7958754301071167,-0.05773869901895523,-0.3345399498939514,32.37289810180664,65.790771484375,44.79072189331055,77.43031311035156,98,33.0,67.0,45.0,77.0,0.05877266079187393,yellow,0.040816325694322586,47.0,0.1205681562423706,0.298377259572347,12.417823791503906,11.639541625976562,144.53777692525182,-8.404254913385589e-07,0.00020046234130860485,0.00040092820603162394,2.946672173566185,0.9997166084099631
video_08,q065,a person wearing yellow shorts,281.0,0.6071836948394775,0.05708816647529602,1.1000761985778809,-1.5497609376907349,-0.5560719966888428,170.72573852539062,145.5512237548828,210.1013946533203,209.87606811523438,1530,172.0,147.0,209.0,210.0,0.03528761863708496,yellow,0.01568627543747425,48.0,0.5950423955917359,0.7404735247294109,39.37565612792969,64.32484436035156,2532.8329520158004,,,,,
video_08,q065,a person wearing yellow shorts,281.5,0.27078548073768616,0.09740641713142395,-0.6983803510665894,-0.23401062190532684,-0.40814924240112305,32.27788543701172,65.68669891357422,44.84836959838867,77.32599639892578,99,33.0,67.0,45.0,77.0,0.05541256442666054,yellow,0.05050504952669144,49.0,0.12050977349281311,0.297943115234375,12.570484161376953,11.639297485351562,146.31160468916642,,,,,
video_08,q065,a person wearing yellow shorts,282.0,0.3249277174472809,0.05501749739050865,-0.4089244306087494,-1.617335319519043,-1.1641812324523926,190.7299041748047,118.32704162597656,230.48194885253906,204.58364868164062,1583,192.0,120.0,229.0,204.0,0.02970591001212597,yellow,0.0,50.0,0.6581435203552246,0.6727306048075358,39.752044677734375,86.25660705566406,3428.876497426536,,,,,
video_08,q065,a person wearing yellow shorts,282.5,0.2665371894836426,0.0937986895442009,-0.7210926413536072,-0.35174560546875,-0.49025073647499084,32.27973556518555,65.78594207763672,44.85457992553711,77.46124267578125,97,33.0,67.0,45.0,77.0,0.06081624701619148,yellow,0.04123711213469505,51.0,0.12052236795425415,0.2984316349029541,12.574844360351562,11.675300598144531,146.81508788198698,,,,,
video_08,q065,a person wearing yellow shorts,283.0,0.284065306186676,0.09332312643527985,-0.6273835897445679,-0.3672651946544647,-0.4648095965385437,32.256385803222656,65.73226928710938,44.848175048828125,77.45999908447266,98,33.0,67.0,45.0,77.0,0.06988683342933655,yellow,0.051020409911870956,51.0,0.12047587633132935,0.2983172257741292,12.591789245605469,11.727729797363281,147.67310193780577,-4.649162292480469e-05,-0.00011440912882487719,0.000246989228596306,0.858014055818785,0.9997530717600192
video_08,q065,a person wearing yellow shorts,283.5,0.28097447752952576,0.09708001464605331,-0.6439078450202942,-0.24466247856616974,-0.39437949657440186,32.37245178222656,65.80558776855469,44.85771179199219,77.37986755371094,98,33.0,67.0,45.0,77.0,0.061517760157585144,yellow,0.040816325694322586,51.0,0.12067213058471679,0.29830303192138674,12.485260009765625,11.57427978515625,144.50789254345,0.00019625425338744285,-1.4193852742483415e-05,0.0003935337211896227,-3.16520939435577,0.9996798410596814
video_08,q065,a person wearing yellow shorts,284.0,0.2922154664993286,0.10209472477436066,-0.5838111042976379,-0.08101186901330948,-0.2695615887641907,32.39263153076172,65.79354858398438,44.91969299316406,77.40303802490234,98,33.0,67.0,45.0,77.0,0.06228003278374672,yellow,0.040816325694322586,51.0,0.12080050706863403,0.29832622210184734,12.527061462402344,11.609489440917969,145.43278777349042,0.0001283764839172391,2.3190180460597176e-05,0.00026090845975359415,0.9248952300404198,0.9996996131228755
video_08,q065,a person wearing yellow shorts,284.5,0.2693922221660614,0.1000821590423584,-0.7058290243148804,-0.14669016003608704,-0.35636723041534424,32.35457229614258,65.78723907470703,44.933895111083984,77.42807006835938,99,33.0,67.0,45.0,77.0,0.06334275007247925,yellow,0.05050504952669144,51.0,0.1207632303237915,0.2983652273813883,12.579322814941406,11.640830993652344,146.43377090332797,-3.7276744842523746e-05,3.900527954098232e-05,0.00010790676601816579,1.0009831298375502,0.9997477291127699
video_08,q065,a person wearing yellow shorts,285.0,0.27193060517311096,0.09765174984931946,-0.6922582983970642,-0.22600440680980682,-0.4008496105670929,32.35685729980469,65.84317779541016,44.89059829711914,77.2661361694336,98,33.0,67.0,45.0,77.0,0.059896934777498245,yellow,0.051020409911870956,51.0,0.12069914937019348,0.29814440409342446,12.533740997314453,11.422958374023438,143.172401683114,-6.408095359802801e-05,-0.00022082328796385609,0.0004598664724513007,-3.2613692202139646,0.9997062453875266
video_08,q065,a person wearing yellow shorts,285.5,0.25171634554862976,0.09889602661132812,-0.8003280162811279,-0.18539853394031525,-0.41599708795547485,32.389434814453125,65.83435821533203,44.86333465576172,77.24824523925781,95,33.0,67.0,45.0,77.0,0.0552733913064003,yellow,0.04210526496171951,51.0,0.1207074522972107,0.2980887571970622,12.473899841308594,11.413887023925781,142.37568353646202,8.30292701721469e-06,-5.564689636228248e-05,0.00011252583119991251,-0.7967181466519833,0.9997364477315744
video_08,q065,a person wearing yellow shorts,286.0,0.2704106271266937,0.10111278295516968,-0.7003844380378723,-0.11305666714906693,-0.33330458402633667,32.4345703125,65.8273696899414,44.8427734375,77.2169418334961,96,33.0,67.0,45.0,77.0,0.06874867528676987,yellow,0.0625,51.0,0.120745849609375,0.2980089823404948,12.408203125,11.389572143554688,141.32412466406822,3.8397312164303865e-05,-7.977485656740502e-05,0.00017706926691883084,-1.051558872393798,0.9997488060076861
video_08,q065,a person wearing yellow shorts,286.5,0.2939908802509308,0.09463506191968918,-0.5743193626403809,-0.3244513273239136,-0.41815185546875,32.44126892089844,65.84707641601562,44.87714385986328,77.25634002685547,96,33.0,67.0,45.0,77.0,0.07186834514141083,yellow,0.0625,51.0,0.12081001996994019,0.2981321175893148,12.435874938964844,11.409263610839844,141.88417541008675,6.41703605651911e-05,0.00012313524882001659,0.0002777057772321925,0.5600507460185327,0.9997455015955058
video_08,q065,a person wearing yellow shorts,287.0,0.28066936135292053,0.09621265530586243,-0.6455390453338623,-0.27296796441078186,-0.41268211603164673,32.45750045776367,65.83586120605469,44.89137268066406,77.26106262207031,97,33.0,67.0,45.0,77.0,0.07046163827180862,yellow,0.06185567006468773,51.0,0.12085761427879334,0.29811859130859375,12.43387222290039,11.425201416015625,142.0594945276389,4.7594308853149414e-05,-1.3526280721043449e-05,9.89581427746792e-05,0.17531911755213514,0.9997627825447912
video_08,q065,a person wearing yellow shorts,287.5,0.28338515758514404,0.09740796685218811,-0.6310198307037354,-0.23396004736423492,-0.38285747170448303,32.29954147338867,65.84139251708984,44.805015563964844,77.30207824707031,97,33.0,67.0,45.0,77.0,0.06627266108989716,yellow,0.07216494530439377,51.0,0.12047587037086487,0.29821556409200034,12.505474090576172,11.460685729980469,143.3213084565068,-0.00038174390792847235,9.697278340659032e-05,0.0007877363314260006,1.261813928867923,0.9997077654262545
video_08,q065,a person wearing yellow shorts,288.0,0.2945278584957123,0.10360710322856903,-0.571448564529419,-0.031656742095947266,-0.23407867550849915,32.423885345458984,65.83770751953125,44.82051467895508,77.38375091552734,98,33.0,67.0,45.0,77.0,0.06790916621685028,yellow,0.06122449040412903,51.0,0.12069437503814698,0.29837803840637206,12.396629333496094,11.546043395996094,143.13202024862403,0.00021850466728211282,0.0001624743143717189,0.0005445812793500231,-0.18928820788278244,0.9996848465096785
video_08,q065,a person wearing yellow shorts,288.5,0.30313506722450256,0.10429860651493073,-0.5254325866699219,-0.009090146981179714,-0.2027185559272766,32.443138122558594,65.84062194824219,44.86871337890625,77.31844329833984,95,33.0,67.0,45.0,77.0,0.06471019983291626,yellow,0.0736842080950737,51.0,0.12079976797103882,0.2982480525970459,12.425575256347656,11.477821350097656,142.6185329645523,0.00010539293289184293,-0.00012998580932616077,0.0003346878003735513,-0.5134872840717435,0.999683227953219
video_08,q065,a person wearing yellow shorts,289.0,0.28100404143333435,0.1010979637503624,-0.6437497735023499,-0.11354027688503265,-0.31236883997917175,32.42469024658203,65.81906127929688,44.9055290222168,77.32705688476562,95,33.0,67.0,45.0,77.0,0.0623432993888855,yellow,0.031578946858644485,51.0,0.12082846760749817,0.29822107950846355,12.480838775634766,11.50799560546875,143.62943778256886,2.8699636459350586e-05,-2.697308858234937e-05,7.877097537977174e-05,1.01090481801657,0.9997015321825063
video_08,q065,a person wearing yellow shorts,289.5,0.2602829039096832,0.10049739480018616,-0.7545293569564819,-0.13313931226730347,-0.3661605715751648,32.390560150146484,65.79814910888672,44.92700958251953,77.38465118408203,98,33.0,67.0,45.0,77.0,0.0642690658569336,yellow,0.030612245202064514,51.0,0.12080870270729065,0.29829750061035154,12.536449432373047,11.586502075195312,145.2535973637714,-1.9764900207525082e-05,7.642110188799123e-05,0.00015787129053742687,1.624159581202548,0.9997115752597455
video_08,q065,a person wearing yellow shorts,290.0,0.2927856147289276,0.04679182171821594,-0.5807629823684692,-1.885772943496704,-1.39639413356781,164.45602416992188,50.22380065917969,192.4560546875,115.49398803710938,693,170.0,52.0,192.0,115.0,0.04549209773540497,yellow,0.0,52.0,0.5576751232147217,0.3452453931172689,28.000030517578125,65.27018737792969,1827.5672384700738,,,,,
video_08,q065,a person wearing yellow shorts,290.5,0.2856782376766205,0.09733793884515762,-0.6187605261802673,-0.23624534904956818,-0.3796885311603546,32.322227478027344,65.83922576904297,44.859928131103516,77.31880950927734,111,32.0,66.0,45.0,78.0,0.06814101338386536,yellow,0.06306306272745132,53.0,0.12059711813926696,0.298245906829834,12.537700653076172,11.479583740234375,143.92758455697913,,,,,
video_08,q065,a person wearing yellow shorts,291.0,0.27692779898643494,0.09611991047859192,-0.6655422449111938,-0.2759946286678314,-0.42207497358322144,32.38044357299805,65.83759307861328,44.876487731933594,77.35790252685547,97,33.0,67.0,45.0,77.0,0.06688201427459717,yellow,0.07216494530439377,53.0,0.1207139551639557,0.2983239491780599,12.496044158935547,11.520309448242188,143.95829558983678,0.0001168370246887318,7.804234822589295e-05,0.0002810088856582785,0.030711032857652754,0.9997190700581517
video_08,q065,a person wearing yellow shorts,291.5,0.26149782538414,0.10054734349250793,-0.7480341792106628,-0.13150928914546967,-0.36270612478256226,32.399208068847656,65.77854919433594,44.8255615234375,77.34296417236328,96,33.0,67.0,45.0,77.0,0.07432030141353607,yellow,0.125,53.0,0.12066370248794556,0.2981698195139567,12.426353454589844,11.564414978027344,143.70350801252062,-5.025267601013739e-05,-0.0001541296641031642,0.0003242300714167892,-0.25478757731616497,0.9996974720723061
video_08,q065,a person wearing yellow shorts,292.0,0.284604012966156,0.09806123375892639,-0.6245035529136658,-0.21264126896858215,-0.3670896291732788,32.439117431640625,65.80117797851562,44.93946075439453,77.28477478027344,97,33.0,67.0,45.0,77.0,0.07147663086652756,yellow,0.12371134012937546,53.0,0.12090402841567993,0.2980957349141439,12.500343322753906,11.483596801757812,143.54890260205138,0.000240325927734375,-7.408459981284032e-05,0.0005029714881414919,-0.15460541046923026,0.9996307329268038
video_08,q065,a person wearing yellow shorts,292.5,0.28455597162246704,0.10592630505561829,-0.6247603893280029,0.044028349220752716,-0.20676742494106293,32.42203140258789,65.8084716796875,44.993019104003906,77.44635009765625,98,33.0,67.0,45.0,77.0,0.0678311288356781,yellow,0.12244898080825806,53.0,0.12096101641654969,0.29844754536946616,12.570987701416016,11.63787841796875,146.29962646286003,5.698800086975653e-05,0.00035181045532228783,0.0007127923364268358,2.750723860808648,0.9995449564634757
video_08,q065,a person wearing yellow shorts,293.0,0.27820995450019836,0.09849019348621368,-0.6586875319480896,-0.1986425369977951,-0.3711594045162201,32.41729736328125,65.79335021972656,44.951934814453125,77.3397216796875,94,33.0,67.0,45.0,77.0,0.0726328194141388,yellow,0.12765957415103912,53.0,0.12088942527770996,0.29819389979044597,12.534637451171875,11.546371459960938,144.72958012716845,-7.159113883972723e-05,-0.0002536455790201897,0.0005271105042279329,-1.5700463356915861,0.9995305977847413
video_08,q065,a person wearing yellow shorts,293.5,0.2717740535736084,0.09466058015823364,-0.6930952668190002,-0.3236185610294342,-0.46217232942581177,32.4542350769043,65.83985137939453,44.89185333251953,77.29000854492188,95,33.0,67.0,45.0,77.0,0.06394854187965393,yellow,0.10526315867900848,53.0,0.12085326313972473,0.2981872081756592,12.437618255615234,11.450157165527344,142.41268379162648,-3.616213798522672e-05,-6.691614786780153e-06,7.355210213494192e-05,-2.316896335541969,0.9995965519380335
video_08,q065,a person wearing yellow shorts,294.0,0.2526629567146301,0.09522642195224762,-0.7952672243118286,-0.3051528334617615,-0.48894575238227844,32.365272521972656,65.79985046386719,44.90027618408203,77.32339477539062,98,33.0,67.0,45.0,77.0,0.063775435090065,yellow,0.11224489659070969,53.0,0.12072741985321045,0.2981734275817871,12.535003662109375,11.523544311523438,144.44767014542595,-0.000125843286514285,-1.3780593872081415e-05,0.0002531911335586906,2.034986353799468,0.9996180236014993
video_08,q065,a person wearing yellow shorts,294.5,0.27350398898124695,0.09669176489114761,-0.683846652507782,-0.2573326528072357,-0.41727539896965027,32.34095764160156,65.81024169921875,44.85291290283203,77.33445739746094,97,33.0,67.0,45.0,77.0,0.06942398846149445,yellow,0.11340206116437912,53.0,0.12061542272567749,0.29821812311808266,12.511955261230469,11.524215698242188,144.1904712371761,-0.00011199712753295898,4.469553629554701e-05,0.00024117253193828221,-0.2571989082498476,0.9996356291827982
video_08,q065,a person wearing yellow shorts,295.0,0.2769416570663452,0.100705087184906,-0.665468156337738,-0.12636145949363708,-0.32852646708488464,32.32441711425781,65.78115844726562,44.80860900878906,77.33670043945312,98,33.0,67.0,45.0,77.0,0.06388570368289948,yellow,0.0714285746216774,53.0,0.12052035331726074,0.2981622060139974,12.48419189453125,11.5555419921875,144.26160367578268,-9.506940841674805e-05,-5.591710408525685e-05,0.00022058934648791988,0.07113243860658258,0.9996516082635489
video_08,q065,a person wearing yellow shorts,295.5,0.2817390561103821,0.09356896579265594,-0.6398202180862427,-0.35924243927001953,-0.4644591212272644,32.35898971557617,65.80768585205078,44.83087158203125,77.36378479003906,99,33.0,67.0,45.0,77.0,0.06834137439727783,yellow,0.05050504952669144,53.0,0.12060915827751159,0.2982738971710205,12.471881866455078,11.556098937988281,144.12630079165683,8.880496025084894e-05,0.00011169115702308607,0.0002853856024561192,-0.13530288412584923,0.9996579166608109
video_08,q065,a person wearing yellow shorts,296.0,0.28756991028785706,0.0937923789024353,-0.6086472272872925,-0.351951539516449,-0.4482124447822571,32.441070556640625,65.80197143554688,44.85546112060547,77.33018493652344,95,33.0,67.0,45.0,77.0,0.061692461371421814,yellow,0.06315789371728897,53.0,0.12077583074569702,0.29819199244181316,12.414390563964844,11.528213500976562,143.11574490589555,0.00016667246818542758,-8.190472920732716e-05,0.00037141941961910374,-1.0105558857612778,0.9996552622103945
video_08,q065,a person wearing yellow shorts,296.5,0.2859290838241577,0.09631545096635818,-0.617419421672821,-0.2696133255958557,-0.4000405967235565,32.39942932128906,65.8116455078125,44.778839111328125,77.33351135253906,96,33.0,67.0,45.0,77.0,0.06823571771383286,yellow,0.0625,53.0,0.12059104442596436,0.29821907679239906,12.379409790039062,11.521865844726562,142.6338988377247,-0.00018478631973266324,2.7084350585904193e-05,0.000373521330084386,-0.48184606817085296,0.9996528751414965
video_08,q065,a person wearing yellow shorts,297.0,0.2942158579826355,0.09619379043579102,-0.5731166005134583,-0.27358362078666687,-0.38590848445892334,32.3948860168457,65.82569885253906,44.801944732666016,77.32805633544922,108,32.0,66.0,45.0,78.0,0.06995818763971329,yellow,0.06481481343507767,53.0,0.12062004804611207,0.2982369899749756,12.407058715820312,11.502357482910156,142.71042466082145,2.900362014771063e-05,1.7913182576545505e-05,6.817894371998849e-05,0.07652582309674472,0.9996743273513908
video_08,q065,a person wearing yellow shorts,297.5,0.3024704158306122,0.09911192208528519,-0.5289859771728516,-0.1783529818058014,-0.3098403513431549,32.40019226074219,65.80516052246094,44.78969192504883,77.34908294677734,95,33.0,67.0,45.0,77.0,0.06577198207378387,yellow,0.0736842080950737,53.0,0.12060919404029846,0.29823800722757976,12.38949966430664,11.543922424316406,143.02342300085002,-1.0854005813604184e-05,1.0172526041518637e-06,2.1803141522487734e-05,0.31299834002857096,0.9996960262254804
video_08,q065,a person wearing yellow shorts,298.0,0.2704903483390808,0.09430528432130814,-0.6999582052230835,-0.3352133333683014,-0.4719926416873932,32.457908630371094,65.8148193359375,44.798118591308594,77.25562286376953,94,33.0,67.0,45.0,77.0,0.06027679145336151,yellow,0.11702127754688263,53.0,0.1207125425338745,0.29806342124938967,12.3402099609375,11.440803527832031,141.18191765528172,0.00010334849357604425,-0.00017458597819008936,0.0004057643400055161,-1.8415053455682937,0.9996892505167649
video_08,q065,a person wearing yellow shorts,298.5,0.28898438811302185,0.09663856029510498,-0.6010851263999939,-0.25906893610954285,-0.3873249888420105,32.4607048034668,65.81159973144531,44.78801345825195,77.26817321777344,95,33.0,67.0,45.0,77.0,0.05714743211865425,yellow,0.10526315867900848,53.0,0.12070112228393555,0.2980828603108724,12.327308654785156,11.456573486328125,141.22871749219485,-1.1420249938956517e-05,1.943906148271779e-05,4.509098446461859e-05,0.04679983691312373,0.9997058501644679
